ref_area,time,sex,obs_value_unempl_rate,obs_value_informal,obs_value_worked_hours,obs_value_NEET,obs_value_PKB,obs_value_economic_freedom_overall,Property Rights,Government Integrity,Judicial Effectiveness,Tax Burden,Government Spending,Fiscal Health,Business Freedom,Labor Freedom,Monetary Freedom,Trade Freedom,Investment Freedom,Financial Freedom
Albania,2015,Female,17.121,,463.977,31.283,35330.14,65.7,30.0,31.0,,87.2,76.1,,70.6,52.9,80.8,87.8,70.0,70.0
Albania,2015,Male,17.247,,617.985,28.485,35330.14,65.7,30.0,31.0,,87.2,76.1,,70.6,52.9,80.8,87.8,70.0,70.0
Albania,2015,Total,17.193,,1081.962,29.816,35330.14,65.7,30.0,31.0,,87.2,76.1,,70.6,52.9,80.8,87.8,70.0,70.0
Albania,2016,Female,14.471,,504.203,27.622,34446.86,65.9,35.0,33.0,,87.8,75.0,,67.6,51.5,81.7,87.6,70.0,70.0
Albania,2016,Male,16.141,,646.75,27.192,34446.86,65.9,35.0,33.0,,87.8,75.0,,67.6,51.5,81.7,87.6,70.0,70.0
Albania,2016,Total,15.418,,1150.953,27.391,34446.86,65.9,35.0,33.0,,87.8,75.0,,67.6,51.5,81.7,87.6,70.0,70.0
Albania,2017,Female,12.504,,514.599,27.608,34421.73,64.4,54.0,39.7,28.5,86.9,72.5,51.5,79.3,50.7,81.4,87.7,70.0,70.0
Albania,2017,Male,14.442,,677.134,25.084,34421.73,64.4,54.0,39.7,28.5,86.9,72.5,51.5,79.3,50.7,81.4,87.7,70.0,70.0
Albania,2017,Total,13.616,,1191.733,26.227,34421.73,64.4,54.0,39.7,28.5,86.9,72.5,51.5,79.3,50.7,81.4,87.7,70.0,70.0
Albania,2018,Female,11.883,,539.522,27.772,34463.2,64.5,54.1,39.9,25.4,85.1,72.7,67.5,69.1,50.4,82.4,87.8,70.0,70.0
Albania,2018,Male,12.63,,689.436,25.531,34463.2,64.5,54.1,39.9,25.4,85.1,72.7,67.5,69.1,50.4,82.4,87.8,70.0,70.0
Albania,2018,Total,12.304,,1228.957,26.614,34463.2,64.5,54.1,39.9,25.4,85.1,72.7,67.5,69.1,50.4,82.4,87.8,70.0,70.0
Albania,2019,Female,11.316,,562.476,25.454,34266.48,66.5,54.8,40.4,30.6,86.3,73.9,80.6,69.3,52.7,81.5,87.8,70.0,70.0
Albania,2019,Male,11.585,,702.194,26.196,34266.48,66.5,54.8,40.4,30.6,86.3,73.9,80.6,69.3,52.7,81.5,87.8,70.0,70.0
Albania,2019,Total,11.466,,1264.67,25.824,34266.48,66.5,54.8,40.4,30.6,86.3,73.9,80.6,69.3,52.7,81.5,87.8,70.0,70.0
Albania,2020,Female,11.852,,552.784,26.47,34734.81,66.9,57.1,38.8,33.0,85.9,74.6,86.3,65.7,52.1,81.2,88.4,70.0,70.0
Albania,2020,Male,11.468,,688.773,27.414,34734.81,66.9,57.1,38.8,33.0,85.9,74.6,86.3,65.7,52.1,81.2,88.4,70.0,70.0
Albania,2020,Total,11.639,,1241.556,26.943,34734.81,66.9,57.1,38.8,33.0,85.9,74.6,86.3,65.7,52.1,81.2,88.4,70.0,70.0
Albania,2021,Female,11.68,,555.018,25.96,37259.16,65.2,46.1,40.6,22.8,89.0,74.6,86.6,66.1,51.6,82.0,82.8,70.0,70.0
Albania,2021,Male,11.309,,692.929,22.19,37259.16,65.2,46.1,40.6,22.8,89.0,74.6,86.6,66.1,51.6,82.0,82.8,70.0,70.0
Albania,2021,Total,11.474,,1247.947,24.084,37259.16,65.2,46.1,40.6,22.8,89.0,74.6,86.6,66.1,51.6,82.0,82.8,70.0,70.0
Albania,2022,Female,11.235,,597.42,25.656,37724.67,66.6,55.5,35.6,49.8,89.1,72.1,70.6,70.7,51.1,82.0,82.6,70.0,70.0
Albania,2022,Male,10.398,,700.48,21.727,37724.67,66.6,55.5,35.6,49.8,89.1,72.1,70.6,70.7,51.1,82.0,82.6,70.0,70.0
Albania,2022,Total,10.785,,1297.899,23.714,37724.67,66.6,55.5,35.6,49.8,89.1,72.1,70.6,70.7,51.1,82.0,82.6,70.0,70.0
Albania,2023,Female,10.958,,610.061,24.048,39142.37,65.3,55.9,49.2,35.5,89.1,71.0,58.2,70.7,49.7,81.3,82.8,70.0,70.0
Albania,2023,Male,10.421,,714.135,22.275,39142.37,65.3,55.9,49.2,35.5,89.1,71.0,58.2,70.7,49.7,81.3,82.8,70.0,70.0
Albania,2023,Total,10.669,,1324.196,23.16,39142.37,65.3,55.9,49.2,35.5,89.1,71.0,58.2,70.7,49.7,81.3,82.8,70.0,70.0
Austria,2015,Female,5.373,1.524,1956.346,9.007,128148.26,71.2,90.0,69.0,,50.1,19.8,,78.0,76.7,80.3,88.0,90.0,70.0
Austria,2015,Male,6.18,1.471,2194.156,12.971,128148.26,71.2,90.0,69.0,,50.1,19.8,,78.0,76.7,80.3,88.0,90.0,70.0
Austria,2015,Total,5.802,1.495,4150.503,11.038,128148.26,71.2,90.0,69.0,,50.1,19.8,,78.0,76.7,80.3,88.0,90.0,70.0
Austria,2016,Female,5.595,3.354,1988.285,9.108,128740.05,71.7,90.0,72.0,,50.7,22.4,,79.4,72.5,81.7,88.0,90.0,70.0
Austria,2016,Male,6.477,1.094,2234.482,12.601,128740.05,71.7,90.0,72.0,,50.7,22.4,,79.4,72.5,81.7,88.0,90.0,70.0
Austria,2016,Total,6.064,2.109,4222.768,10.914,128740.05,71.7,90.0,72.0,,50.7,22.4,,79.4,72.5,81.7,88.0,90.0,70.0
Austria,2017,Female,5.097,1.949,2008.303,7.541,130180.86,72.3,86.0,75.2,81.8,50.3,19.3,79.7,76.9,67.6,83.4,87.0,90.0,70.0
Austria,2017,Male,5.97,1.365,2254.404,13.188,130180.86,72.3,86.0,75.2,81.8,50.3,19.3,79.7,76.9,67.6,83.4,87.0,90.0,70.0
Austria,2017,Total,5.561,1.626,4262.707,10.454,130180.86,72.3,86.0,75.2,81.8,50.3,19.3,79.7,76.9,67.6,83.4,87.0,90.0,70.0
Austria,2018,Female,4.731,2.281,2027.112,8.752,131289.27,71.8,83.5,73.5,80.9,49.9,19.4,81.1,75.5,66.7,83.7,86.9,90.0,70.0
Austria,2018,Male,5.111,1.938,2295.549,12.013,131289.27,71.8,83.5,73.5,80.9,49.9,19.4,81.1,75.5,66.7,83.7,86.9,90.0,70.0
Austria,2018,Total,4.933,2.094,4322.661,10.422,131289.27,71.8,83.5,73.5,80.9,49.9,19.4,81.1,75.5,66.7,83.7,86.9,90.0,70.0
Austria,2019,Female,4.424,2.76,2045.725,9.221,132120.51,72.0,84.2,77.4,71.3,50.5,24.5,85.5,74.9,68.7,81.5,86.0,90.0,70.0
Austria,2019,Male,4.68,1.845,2313.171,12.723,132120.51,72.0,84.2,77.4,71.3,50.5,24.5,85.5,74.9,68.7,81.5,86.0,90.0,70.0
Austria,2019,Total,4.56,2.255,4358.896,11.008,132120.51,72.0,84.2,77.4,71.3,50.5,24.5,85.5,74.9,68.7,81.5,86.0,90.0,70.0
Austria,2020,Female,5.016,2.363,2033.044,8.504,124678.97,73.3,87.3,84.0,73.2,51.3,27.2,87.9,73.0,68.3,81.0,86.4,90.0,70.0
Austria,2020,Male,5.365,1.667,2285.326,14.206,124678.97,73.3,87.3,84.0,73.2,51.3,27.2,87.9,73.0,68.3,81.0,86.4,90.0,70.0
Austria,2020,Total,5.201,1.978,4318.37,11.419,124678.97,73.3,87.3,84.0,73.2,51.3,27.2,87.9,73.0,68.3,81.0,86.4,90.0,70.0
Austria,2021,Female,6.403,1.908,2017.272,10.343,130412.39,73.9,86.8,84.8,83.5,45.7,29.1,90.0,72.6,68.4,81.7,84.0,90.0,70.0
Austria,2021,Male,6.508,1.257,2288.757,14.073,130412.39,73.9,86.8,84.8,83.5,45.7,29.1,90.0,72.6,68.4,81.7,84.0,90.0,70.0
Austria,2021,Total,6.459,1.548,4306.029,12.257,130412.39,73.9,86.8,84.8,83.5,45.7,29.1,90.0,72.6,68.4,81.7,84.0,90.0,70.0
Austria,2022,Female,4.798,1.918,2089.525,10.136,132547.96,73.8,98.4,82.9,94.6,45.5,20.3,71.7,82.3,78.4,82.3,79.2,80.0,70.0
Austria,2022,Male,5.164,0.941,2353.062,14.061,132547.96,73.8,98.4,82.9,94.6,45.5,20.3,71.7,82.3,78.4,82.3,79.2,80.0,70.0
Austria,2022,Total,4.992,1.381,4442.587,12.155,132547.96,73.8,98.4,82.9,94.6,45.5,20.3,71.7,82.3,78.4,82.3,79.2,80.0,70.0
Austria,2023,Female,5.025,1.406,2114.158,10.912,130922.63,71.1,97.0,95.2,80.9,45.7,13.0,54.5,78.5,78.8,80.4,78.6,80.0,70.0
Austria,2023,Male,5.476,0.583,2368.851,15.189,130922.63,71.1,97.0,95.2,80.9,45.7,13.0,54.5,78.5,78.8,80.4,78.6,80.0,70.0
Austria,2023,Total,5.264,0.956,4483.009,13.118,130922.63,71.1,97.0,95.2,80.9,45.7,13.0,54.5,78.5,78.8,80.4,78.6,80.0,70.0
Belarus,2016,Female,4.194,,2462.595,7.55,48927.31,48.8,20.0,31.0,,88.6,44.8,,69.0,74.9,50.4,79.0,20.0,10.0
Belarus,2016,Male,7.48,,2399.193,8.529,48927.31,48.8,20.0,31.0,,88.6,44.8,,69.0,74.9,50.4,79.0,20.0,10.0
Belarus,2016,Total,5.844,,4861.788,8.052,48927.31,48.8,20.0,31.0,,88.6,44.8,,69.0,74.9,50.4,79.0,20.0,10.0
Belarus,2017,Female,4.044,,2474.744,6.595,50152.61,58.6,50.9,37.6,56.3,89.8,48.7,92.8,71.3,74.6,60.4,80.6,30.0,10.0
Belarus,2017,Male,7.229,,2427.085,7.601,50152.61,58.6,50.9,37.6,56.3,89.8,48.7,92.8,71.3,74.6,60.4,80.6,30.0,10.0
Belarus,2017,Total,5.648,,4901.829,7.111,50152.61,58.6,50.9,37.6,56.3,89.8,48.7,92.8,71.3,74.6,60.4,80.6,30.0,10.0
Belarus,2018,Female,3.562,,2438.769,5.466,51487.56,58.1,53.5,42.0,57.3,89.8,47.9,75.4,74.1,73.1,62.3,81.4,30.0,10.0
Belarus,2018,Male,5.926,,2457.935,6.9,51487.56,58.1,53.5,42.0,57.3,89.8,47.9,75.4,74.1,73.1,62.3,81.4,30.0,10.0
Belarus,2018,Total,4.763,,4896.704,6.203,51487.56,58.1,53.5,42.0,57.3,89.8,47.9,75.4,74.1,73.1,62.3,81.4,30.0,10.0
Belarus,2019,Female,3.2,,2452.723,5.654,52348.76,57.9,55.2,37.7,51.7,89.4,41.3,85.4,75.0,75.3,67.0,76.4,30.0,10.0
Belarus,2019,Male,5.109,,2456.388,8.07,52348.76,57.9,55.2,37.7,51.7,89.4,41.3,85.4,75.0,75.3,67.0,76.4,30.0,10.0
Belarus,2019,Total,4.165,,4909.111,6.897,52348.76,57.9,55.2,37.7,51.7,89.4,41.3,85.4,75.0,75.3,67.0,76.4,30.0,10.0
Belarus,2020,Female,3.301,,2424.377,5.764,52634.11,61.7,63.2,37.4,48.4,88.8,54.1,95.4,76.4,74.8,69.8,82.0,30.0,20.0
Belarus,2020,Male,4.775,,2461.036,7.761,52634.11,61.7,63.2,37.4,48.4,88.8,54.1,95.4,76.4,74.8,69.8,82.0,30.0,20.0
Belarus,2020,Total,4.049,,4885.412,6.79,52634.11,61.7,63.2,37.4,48.4,88.8,54.1,95.4,76.4,74.8,69.8,82.0,30.0,20.0
Belarus,2021,Female,3.068,,2448.744,4.836,54436.9,61.0,58.6,39.8,40.4,92.9,55.5,96.5,75.9,75.7,70.2,76.0,30.0,20.0
Belarus,2021,Male,4.734,,2401.901,6.086,54436.9,61.0,58.6,39.8,40.4,92.9,55.5,96.5,75.9,75.7,70.2,76.0,30.0,20.0
Belarus,2021,Total,3.9,,4850.645,5.476,54436.9,61.0,58.6,39.8,40.4,92.9,55.5,96.5,75.9,75.7,70.2,76.0,30.0,20.0
Belarus,2022,Female,2.905,,2439.045,5.13,52055.34,53.0,34.5,43.7,15.5,93.3,56.7,95.3,54.5,46.8,70.2,75.6,30.0,20.0
Belarus,2022,Male,4.242,,2408.056,5.168,52055.34,53.0,34.5,43.7,15.5,93.3,56.7,95.3,54.5,46.8,70.2,75.6,30.0,20.0
Belarus,2022,Total,3.574,,4847.102,5.149,52055.34,53.0,34.5,43.7,15.5,93.3,56.7,95.3,54.5,46.8,70.2,75.6,30.0,20.0
Belarus,2023,Female,2.781,,2412.84,,54633.54,51.0,31.2,11.1,38.9,89.9,57.8,94.3,53.7,47.1,66.9,70.8,30.0,20.0
Belarus,2023,Male,4.137,,2387.131,,54633.54,51.0,31.2,11.1,38.9,89.9,57.8,94.3,53.7,47.1,66.9,70.8,30.0,20.0
Belarus,2023,Total,3.461,,4799.971,,54633.54,51.0,31.2,11.1,38.9,89.9,57.8,94.3,53.7,47.1,66.9,70.8,30.0,20.0
Belgium,2015,Female,7.769,3.07,2118.12,11.816,145195.19,68.8,80.0,75.0,,43.6,10.2,,90.7,63.7,81.7,88.0,85.0,70.0
Belgium,2015,Male,9.094,1.891,2433.501,12.537,145195.19,68.8,80.0,75.0,,43.6,10.2,,90.7,63.7,81.7,88.0,85.0,70.0
Belgium,2015,Total,8.482,2.44,4551.621,12.182,145195.19,68.8,80.0,75.0,,43.6,10.2,,90.7,63.7,81.7,88.0,85.0,70.0
Belgium,2016,Female,7.561,3.389,2121.032,9.712,145795.35,68.4,80.0,76.0,,44.2,11.0,,85.4,60.5,84.0,88.0,85.0,70.0
Belgium,2016,Male,8.06,1.797,2465.392,10.055,145795.35,68.4,80.0,76.0,,44.2,11.0,,85.4,60.5,84.0,88.0,85.0,70.0
Belgium,2016,Total,7.83,2.539,4586.424,9.886,145795.35,68.4,80.0,76.0,,44.2,11.0,,85.4,60.5,84.0,88.0,85.0,70.0
Belgium,2017,Female,7.052,3.506,2142.051,9.431,145919.51,67.8,83.3,71.5,69.3,44.1,9.6,66.3,82.0,61.1,84.9,87.0,85.0,70.0
Belgium,2017,Male,7.123,2.205,2495.65,10.265,145919.51,67.8,83.3,71.5,69.3,44.1,9.6,66.3,82.0,61.1,84.9,87.0,85.0,70.0
Belgium,2017,Total,7.09,2.817,4637.701,9.855,145919.51,67.8,83.3,71.5,69.3,44.1,9.6,66.3,82.0,61.1,84.9,87.0,85.0,70.0
Belgium,2018,Female,5.562,3.004,2223.925,10.021,145103.21,67.5,81.2,70.9,69.5,44.0,12.1,67.9,80.6,59.5,82.6,86.9,85.0,70.0
Belgium,2018,Male,6.271,2.212,2531.255,9.59,145103.21,67.5,81.2,70.9,69.5,44.0,12.1,67.9,80.6,59.5,82.6,86.9,85.0,70.0
Belgium,2018,Total,5.941,2.583,4755.18,9.801,145103.21,67.5,81.2,70.9,69.5,44.0,12.1,67.9,80.6,59.5,82.6,86.9,85.0,70.0
Belgium,2019,Female,4.941,2.306,2265.114,8.719,145937.34,67.3,81.3,72.5,61.6,47.1,15.2,73.4,78.1,61.0,76.1,86.0,85.0,70.0
Belgium,2019,Male,5.735,1.184,2566.911,9.762,145937.34,67.3,81.3,72.5,61.6,47.1,15.2,73.4,78.1,61.0,76.1,86.0,85.0,70.0
Belgium,2019,Total,5.364,1.717,4832.025,9.25,145937.34,67.3,81.3,72.5,61.6,47.1,15.2,73.4,78.1,61.0,76.1,86.0,85.0,70.0
Belgium,2020,Female,5.352,1.531,2245.679,9.525,139044.73,68.9,84.5,80.2,62.5,46.7,17.2,77.0,75.2,61.1,80.5,86.4,85.0,70.0
Belgium,2020,Male,5.714,1.015,2556.145,10.445,139044.73,68.9,84.5,80.2,62.5,46.7,17.2,77.0,75.2,61.1,80.5,86.4,85.0,70.0
Belgium,2020,Total,5.545,1.262,4801.823,9.994,139044.73,68.9,84.5,80.2,62.5,46.7,17.2,77.0,75.2,61.1,80.5,86.4,85.0,70.0
Belgium,2021,Female,5.837,1.385,2278.476,5.669,147345.09,70.1,84.0,81.3,70.2,46.5,18.4,78.7,80.1,61.1,82.0,84.0,85.0,70.0
Belgium,2021,Male,6.609,1.539,2575.235,7.602,147345.09,70.1,84.0,81.3,70.2,46.5,18.4,78.7,80.1,61.1,82.0,84.0,85.0,70.0
Belgium,2021,Total,6.248,1.465,4853.711,6.654,147345.09,70.1,84.0,81.3,70.2,46.5,18.4,78.7,80.1,61.1,82.0,84.0,85.0,70.0
Belgium,2022,Female,5.257,1.383,2351.647,6.316,148058.81,69.6,92.5,83.6,91.2,48.2,10.1,50.3,82.8,57.4,84.3,79.2,85.0,70.0
Belgium,2022,Male,5.848,1.15,2638.638,7.869,148058.81,69.6,92.5,83.6,91.2,48.2,10.1,50.3,82.8,57.4,84.3,79.2,85.0,70.0
Belgium,2022,Total,5.57,1.262,4990.286,7.107,148058.81,69.6,92.5,83.6,91.2,48.2,10.1,50.3,82.8,57.4,84.3,79.2,85.0,70.0
Belgium,2023,Female,5.059,1.072,2372.428,5.523,149164.83,67.1,92.0,91.4,81.3,50.2,8.1,31.5,79.0,57.8,80.3,78.6,85.0,70.0
Belgium,2023,Male,5.979,1.049,2656.017,7.962,149164.83,67.1,92.0,91.4,81.3,50.2,8.1,31.5,79.0,57.8,80.3,78.6,85.0,70.0
Belgium,2023,Total,5.547,1.06,5028.445,6.765,149164.83,67.1,92.0,91.4,81.3,50.2,8.1,31.5,79.0,57.8,80.3,78.6,85.0,70.0
Bosnia and Herzegovina,2015,Female,30.694,27.476,306.56,26.539,46260.63,59.0,20.0,42.0,,82.9,27.3,,53.5,63.4,84.0,87.2,70.0,60.0
Bosnia and Herzegovina,2015,Male,25.782,31.711,514.952,29.944,46260.63,59.0,20.0,42.0,,82.9,27.3,,53.5,63.4,84.0,87.2,70.0,60.0
Bosnia and Herzegovina,2015,Total,27.695,30.131,821.512,28.348,46260.63,59.0,20.0,42.0,,82.9,27.3,,53.5,63.4,84.0,87.2,70.0,60.0
Bosnia and Herzegovina,2016,Female,30.049,27.584,287.561,25.383,47007.64,58.6,20.0,39.0,,83.9,33.1,,54.6,59.4,84.3,87.0,65.0,60.0
Bosnia and Herzegovina,2016,Male,22.53,32.1,513.522,28.598,47007.64,58.6,20.0,39.0,,83.9,33.1,,54.6,59.4,84.3,87.0,65.0,60.0
Bosnia and Herzegovina,2016,Total,25.408,30.479,801.084,27.09,47007.64,58.6,20.0,39.0,,83.9,33.1,,54.6,59.4,84.3,87.0,65.0,60.0
Bosnia and Herzegovina,2017,Female,23.135,26.246,306.779,25.084,46263.07,60.2,41.2,32.7,40.0,83.5,33.7,89.3,47.4,59.3,84.0,86.6,65.0,60.0
Bosnia and Herzegovina,2017,Male,18.868,23.966,508.88,25.857,46263.07,60.2,41.2,32.7,40.0,83.5,33.7,89.3,47.4,59.3,84.0,86.6,65.0,60.0
Bosnia and Herzegovina,2017,Total,20.527,24.824,815.659,25.506,46263.07,60.2,41.2,32.7,40.0,83.5,33.7,89.3,47.4,59.3,84.0,86.6,65.0,60.0
Bosnia and Herzegovina,2018,Female,20.326,22.343,307.349,22.154,47532.31,61.4,39.5,28.4,43.7,83.5,41.5,94.4,49.3,59.6,83.5,87.8,65.0,60.0
Bosnia and Herzegovina,2018,Male,17.206,22.028,515.097,23.006,47532.31,61.4,39.5,28.4,43.7,83.5,41.5,94.4,49.3,59.6,83.5,87.8,65.0,60.0
Bosnia and Herzegovina,2018,Total,18.4,22.146,822.446,22.605,47532.31,61.4,39.5,28.4,43.7,83.5,41.5,94.4,49.3,59.6,83.5,87.8,65.0,60.0
Bosnia and Herzegovina,2019,Female,18.778,24.282,308.072,22.718,48172.89,61.9,40.2,30.2,37.9,84.3,46.1,96.6,49.7,67.0,83.1,82.6,65.0,60.0
Bosnia and Herzegovina,2019,Male,13.649,22.404,494.784,22.501,48172.89,61.9,40.2,30.2,37.9,84.3,46.1,96.6,49.7,67.0,83.1,82.6,65.0,60.0
Bosnia and Herzegovina,2019,Total,15.692,23.125,802.856,22.598,48172.89,61.9,40.2,30.2,37.9,84.3,46.1,96.6,49.7,67.0,83.1,82.6,65.0,60.0
Bosnia and Herzegovina,2020,Female,18.536,16.79,449.765,23.272,47903.58,62.6,44.4,41.8,33.9,83.6,49.3,97.3,45.7,67.4,82.7,80.0,65.0,60.0
Bosnia and Herzegovina,2020,Male,14.119,12.744,723.31,20.412,47903.58,62.6,44.4,41.8,33.9,83.6,49.3,97.3,45.7,67.4,82.7,80.0,65.0,60.0
Bosnia and Herzegovina,2020,Total,15.868,14.295,1173.075,21.805,47903.58,62.6,44.4,41.8,33.9,83.6,49.3,97.3,45.7,67.4,82.7,80.0,65.0,60.0
Bosnia and Herzegovina,2021,Female,18.118,25.716,497.449,19.866,51597.69,62.9,44.1,42.4,33.7,93.8,49.5,97.1,48.2,67.8,84.1,69.2,65.0,60.0
Bosnia and Herzegovina,2021,Male,12.665,17.401,765.36,18.773,51597.69,62.9,44.1,42.4,33.7,93.8,49.5,97.1,48.2,67.8,84.1,69.2,65.0,60.0
Bosnia and Herzegovina,2021,Total,14.897,20.676,1262.809,19.302,51597.69,62.9,44.1,42.4,33.7,93.8,49.5,97.1,48.2,67.8,84.1,69.2,65.0,60.0
Bosnia and Herzegovina,2022,Female,15.448,24.786,516.956,18.08,52962.28,63.4,49.2,33.4,37.2,94.0,46.2,95.9,66.6,60.2,84.9,68.8,65.0,60.0
Bosnia and Herzegovina,2022,Male,10.702,16.642,779.51,17.193,52962.28,63.4,49.2,33.4,37.2,94.0,46.2,95.9,66.6,60.2,84.9,68.8,65.0,60.0
Bosnia and Herzegovina,2022,Total,12.657,19.889,1296.466,17.623,52962.28,63.4,49.2,33.4,37.2,94.0,46.2,95.9,66.6,60.2,84.9,68.8,65.0,60.0
Bosnia and Herzegovina,2023,Female,12.818,24.581,545.416,14.996,52249.13,62.9,48.2,34.3,33.1,93.2,46.6,96.3,67.0,60.6,81.9,68.0,65.0,60.0
Bosnia and Herzegovina,2023,Male,9.13,16.294,794.901,16.909,52249.13,62.9,48.2,34.3,33.1,93.2,46.6,96.3,67.0,60.6,81.9,68.0,65.0,60.0
Bosnia and Herzegovina,2023,Total,10.668,19.666,1340.318,15.98,52249.13,62.9,48.2,34.3,33.1,93.2,46.6,96.3,67.0,60.6,81.9,68.0,65.0,60.0
Bulgaria,2015,Female,8.417,3.918,1424.34,19.186,56829.01,66.8,30.0,41.0,,91.0,64.5,,68.5,76.6,83.2,88.0,65.0,60.0
Bulgaria,2015,Male,9.777,5.688,1607.52,17.799,56829.01,66.8,30.0,41.0,,91.0,64.5,,68.5,76.6,83.2,88.0,65.0,60.0
Bulgaria,2015,Total,9.143,4.853,3031.86,18.474,56829.01,66.8,30.0,41.0,,91.0,64.5,,68.5,76.6,83.2,88.0,65.0,60.0
Bulgaria,2016,Female,6.968,4.242,1409.155,19.642,59017.89,65.9,30.0,43.0,,91.1,60.4,,66.9,71.6,82.6,88.0,65.0,60.0
Bulgaria,2016,Male,8.1,4.607,1607.648,16.831,59017.89,65.9,30.0,43.0,,91.1,60.4,,66.9,71.6,82.6,88.0,65.0,60.0
Bulgaria,2016,Total,7.575,4.436,3016.803,18.198,59017.89,65.9,30.0,43.0,,91.1,60.4,,66.9,71.6,82.6,88.0,65.0,60.0
Bulgaria,2017,Female,5.946,2.438,1467.681,18.071,57987.46,67.9,62.5,41.8,38.9,91.0,58.4,86.4,66.7,68.3,83.3,87.0,70.0,60.0
Bulgaria,2017,Male,6.354,3.87,1682.57,13.745,57987.46,67.9,62.5,41.8,38.9,91.0,58.4,86.4,66.7,68.3,83.3,87.0,70.0,60.0
Bulgaria,2017,Total,6.164,3.193,3150.251,15.848,57987.46,67.9,62.5,41.8,38.9,91.0,58.4,86.4,66.7,68.3,83.3,87.0,70.0,60.0
Bulgaria,2018,Female,4.654,2.76,1467.341,15.796,59563.82,68.3,63.6,38.2,42.5,90.9,60.5,94.3,64.3,66.1,82.8,86.9,70.0,60.0
Bulgaria,2018,Male,5.692,3.703,1685.322,11.995,59563.82,68.3,63.6,38.2,42.5,90.9,60.5,94.3,64.3,66.1,82.8,86.9,70.0,60.0
Bulgaria,2018,Total,5.211,3.263,3152.662,13.844,59563.82,68.3,63.6,38.2,42.5,90.9,60.5,94.3,64.3,66.1,82.8,86.9,70.0,60.0
Bulgaria,2019,Female,3.795,2.979,1420.827,13.803,60481.11,69.0,62.5,35.1,41.9,90.2,63.9,98.8,62.7,68.4,88.0,86.0,70.0,60.0
Bulgaria,2019,Male,4.455,2.941,1623.322,13.301,60481.11,69.0,62.5,35.1,41.9,90.2,63.9,98.8,62.7,68.4,88.0,86.0,70.0,60.0
Bulgaria,2019,Total,4.148,2.959,3044.148,13.546,60481.11,69.0,62.5,35.1,41.9,90.2,63.9,98.8,62.7,68.4,88.0,86.0,70.0,60.0
Bulgaria,2020,Female,4.673,2.155,1365.834,15.273,59885.73,70.2,64.2,44.2,45.4,90.3,66.1,99.2,62.6,68.1,85.7,86.4,70.0,60.0
Bulgaria,2020,Male,5.351,3.212,1566.655,14.166,59885.73,70.2,64.2,44.2,45.4,90.3,66.1,99.2,62.6,68.1,85.7,86.4,70.0,60.0
Bulgaria,2020,Total,5.037,2.726,2932.489,14.706,59885.73,70.2,64.2,44.2,45.4,90.3,66.1,99.2,62.6,68.1,85.7,86.4,70.0,60.0
Bulgaria,2021,Female,4.919,1.574,1341.63,13.942,65649.61,70.4,66.2,46.8,43.6,93.9,64.7,99.2,62.9,68.5,85.2,84.0,70.0,60.0
Bulgaria,2021,Male,5.381,0.991,1535.575,13.212,65649.61,70.4,66.2,46.8,43.6,93.9,64.7,99.2,62.9,68.5,85.2,84.0,70.0,60.0
Bulgaria,2021,Total,5.166,1.261,2877.205,13.568,65649.61,70.4,66.2,46.8,43.6,93.9,64.7,99.2,62.9,68.5,85.2,84.0,70.0,60.0
Bulgaria,2022,Female,3.929,1.323,1379.464,13.883,66415.88,71.0,77.3,45.6,61.1,93.9,60.5,96.2,72.1,64.4,81.9,79.2,60.0,60.0
Bulgaria,2022,Male,4.34,1.29,1561.124,11.286,66415.88,71.0,77.3,45.6,61.1,93.9,60.5,96.2,72.1,64.4,81.9,79.2,60.0,60.0
Bulgaria,2022,Total,4.148,1.305,2940.588,12.55,66415.88,71.0,77.3,45.6,61.1,93.9,60.5,96.2,72.1,64.4,81.9,79.2,60.0,60.0
Bulgaria,2023,Female,4.218,1.794,1378.426,10.829,67767.2,69.3,75.3,57.1,43.9,93.7,56.5,90.5,71.8,63.8,80.2,78.6,60.0,60.0
Bulgaria,2023,Male,4.41,0.745,1553.473,11.458,67767.2,69.3,75.3,57.1,43.9,93.7,56.5,90.5,71.8,63.8,80.2,78.6,60.0,60.0
Bulgaria,2023,Total,4.319,1.24,2931.898,11.152,67767.2,69.3,75.3,57.1,43.9,93.7,56.5,90.5,71.8,63.8,80.2,78.6,60.0,60.0
Croatia,2015,Female,16.954,4.596,720.773,15.401,77625.58,61.5,40.0,48.0,,74.9,46.5,,55.8,42.8,80.0,87.2,80.0,60.0
Croatia,2015,Male,15.44,3.448,831.478,20.433,77625.58,61.5,40.0,48.0,,74.9,46.5,,55.8,42.8,80.0,87.2,80.0,60.0
Croatia,2015,Total,16.15,3.972,1552.251,17.952,77625.58,61.5,40.0,48.0,,74.9,46.5,,55.8,42.8,80.0,87.2,80.0,60.0
Croatia,2016,Female,13.721,3.914,717.224,14.456,80686.45,59.1,35.0,48.0,,70.8,33.7,,60.3,42.4,78.7,87.4,75.0,60.0
Croatia,2016,Male,12.395,2.648,829.153,18.817,80686.45,59.1,35.0,48.0,,70.8,33.7,,60.3,42.4,78.7,87.4,75.0,60.0
Croatia,2016,Total,13.015,3.231,1546.377,16.664,80686.45,59.1,35.0,48.0,,70.8,33.7,,60.3,42.4,78.7,87.4,75.0,60.0
Croatia,2017,Female,11.772,2.707,724.962,15.046,82312.91,59.4,65.5,43.4,56.8,66.8,31.3,44.7,58.2,43.3,80.3,87.4,75.0,60.0
Croatia,2017,Male,10.468,1.983,837.115,15.469,82312.91,59.4,65.5,43.4,56.8,66.8,31.3,44.7,58.2,43.3,80.3,87.4,75.0,60.0
Croatia,2017,Total,11.078,2.313,1562.077,15.26,82312.91,59.4,65.5,43.4,56.8,66.8,31.3,44.7,58.2,43.3,80.3,87.4,75.0,60.0
Croatia,2018,Female,9.303,2.866,731.895,13.792,83999.36,61.0,65.9,40.5,56.5,66.0,32.5,67.2,58.9,43.0,79.1,87.4,75.0,60.0
Croatia,2018,Male,7.453,1.568,842.912,12.881,83999.36,61.0,65.9,40.5,56.5,66.0,32.5,67.2,58.9,43.0,79.1,87.4,75.0,60.0
Croatia,2018,Total,8.322,2.158,1574.806,13.33,83999.36,61.0,65.9,40.5,56.5,66.0,32.5,67.2,58.9,43.0,79.1,87.4,75.0,60.0
Croatia,2019,Female,7.056,3.092,737.189,11.95,86072.52,61.4,66.0,38.6,42.9,66.4,33.4,85.4,60.7,44.0,78.5,86.0,75.0,60.0
Croatia,2019,Male,6.11,1.856,851.235,11.981,86072.52,61.4,66.0,38.6,42.9,66.4,33.4,85.4,60.7,44.0,78.5,86.0,75.0,60.0
Croatia,2019,Total,6.551,2.423,1588.424,11.966,86072.52,61.4,66.0,38.6,42.9,66.4,33.4,85.4,60.7,44.0,78.5,86.0,75.0,60.0
Croatia,2020,Female,7.497,2.517,720.62,11.929,80055.49,62.2,69.9,51.0,39.6,65.9,34.7,89.1,53.6,44.0,77.6,86.4,75.0,60.0
Croatia,2020,Male,7.296,0.886,843.303,12.176,80055.49,62.2,69.9,51.0,39.6,65.9,34.7,89.1,53.6,44.0,77.6,86.4,75.0,60.0
Croatia,2020,Total,7.389,1.619,1563.922,12.055,80055.49,62.2,69.9,51.0,39.6,65.9,34.7,89.1,53.6,44.0,77.6,86.4,75.0,60.0
Croatia,2021,Female,7.948,2.219,733.43,13.284,89608.35,63.6,68.4,51.4,41.1,79.0,35.8,89.6,56.2,43.6,78.7,84.0,75.0,60.0
Croatia,2021,Male,7.079,1.309,850.576,11.817,89608.35,63.6,68.4,51.4,41.1,79.0,35.8,89.6,56.2,43.6,78.7,84.0,75.0,60.0
Croatia,2021,Total,7.483,1.717,1584.006,12.53,89608.35,63.6,68.4,51.4,41.1,79.0,35.8,89.6,56.2,43.6,78.7,84.0,75.0,60.0
Croatia,2022,Female,7.866,2.07,747.48,11.227,94195.62,67.6,81.1,50.0,69.9,82.8,26.3,75.2,72.4,58.7,80.5,79.2,75.0,60.0
Croatia,2022,Male,5.873,1.108,859.301,11.61,94195.62,67.6,81.1,50.0,69.9,82.8,26.3,75.2,72.4,58.7,80.5,79.2,75.0,60.0
Croatia,2022,Total,6.811,1.558,1606.781,11.425,94195.62,67.6,81.1,50.0,69.9,82.8,26.3,75.2,72.4,58.7,80.5,79.2,75.0,60.0
Croatia,2023,Female,6.652,2.031,759.357,9.663,97040.44,66.4,79.5,70.0,50.7,81.1,25.1,69.6,72.1,58.3,76.4,78.6,75.0,60.0
Croatia,2023,Male,5.647,0.925,860.418,10.07,97040.44,66.4,79.5,70.0,50.7,81.1,25.1,69.6,72.1,58.3,76.4,78.6,75.0,60.0
Croatia,2023,Total,6.121,1.442,1619.776,9.874,97040.44,66.4,79.5,70.0,50.7,81.1,25.1,69.6,72.1,58.3,76.4,78.6,75.0,60.0
Cyprus,2015,Female,14.892,5.772,174.551,14.732,58586.04,67.9,70.0,63.0,,79.5,36.7,,79.5,59.6,82.7,88.0,70.0,50.0
Cyprus,2015,Male,15.152,2.424,183.651,15.931,58586.04,67.9,70.0,63.0,,79.5,36.7,,79.5,59.6,82.7,88.0,70.0,50.0
Cyprus,2015,Total,15.026,4.083,358.202,15.301,58586.04,67.9,70.0,63.0,,79.5,36.7,,79.5,59.6,82.7,88.0,70.0,50.0
Cyprus,2016,Female,13.379,5.238,174.636,16.924,60467.78,68.7,70.0,63.0,,76.1,47.3,,74.5,58.2,85.3,88.0,75.0,50.0
Cyprus,2016,Male,12.656,2.142,188.424,15.018,60467.78,68.7,70.0,63.0,,76.1,47.3,,74.5,58.2,85.3,88.0,75.0,50.0
Cyprus,2016,Total,13.006,3.629,363.06,16.02,60467.78,68.7,70.0,63.0,,76.1,47.3,,74.5,58.2,85.3,88.0,75.0,50.0
Cyprus,2017,Female,11.354,5.119,181.919,16.042,61148.61,67.9,75.4,53.6,60.7,73.0,48.8,72.9,75.8,58.6,83.3,87.0,75.0,50.0
Cyprus,2017,Male,10.972,1.904,197.703,16.15,61148.61,67.9,75.4,53.6,60.7,73.0,48.8,72.9,75.8,58.6,83.3,87.0,75.0,50.0
Cyprus,2017,Total,11.155,3.405,379.622,16.094,61148.61,67.9,75.4,53.6,60.7,73.0,48.8,72.9,75.8,58.6,83.3,87.0,75.0,50.0
Cyprus,2018,Female,8.883,4.214,190.716,11.694,60962.34,67.8,71.2,41.3,56.7,75.2,52.9,79.3,77.0,55.7,83.0,86.9,75.0,60.0
Cyprus,2018,Male,8.158,1.596,210.162,14.814,60962.34,67.8,71.2,41.3,56.7,75.2,52.9,79.3,77.0,55.7,83.0,86.9,75.0,60.0
Cyprus,2018,Total,8.504,2.82,400.878,13.21,60962.34,67.8,71.2,41.3,56.7,75.2,52.9,79.3,77.0,55.7,83.0,86.9,75.0,60.0
Cyprus,2019,Female,8.082,3.824,195.225,13.155,61926.33,68.1,73.1,43.7,48.1,74.9,55.2,80.3,76.9,59.5,84.0,86.0,75.0,60.0
Cyprus,2019,Male,6.321,1.517,221.253,14.222,61926.33,68.1,73.1,43.7,48.1,74.9,55.2,80.3,76.9,59.5,84.0,86.0,75.0,60.0
Cyprus,2019,Total,7.155,2.6,416.478,13.659,61926.33,68.1,73.1,43.7,48.1,74.9,55.2,80.3,76.9,59.5,84.0,86.0,75.0,60.0
Cyprus,2020,Female,7.816,3.557,195.258,13.53,59820.41,70.1,77.4,57.6,50.5,74.8,58.6,80.0,76.6,59.7,84.3,86.4,75.0,60.0
Cyprus,2020,Male,7.702,1.509,222.096,15.298,59820.41,70.1,77.4,57.6,50.5,74.8,58.6,80.0,76.6,59.7,84.3,86.4,75.0,60.0
Cyprus,2020,Total,7.755,2.459,417.354,14.357,59820.41,70.1,77.4,57.6,50.5,74.8,58.6,80.0,76.6,59.7,84.3,86.4,75.0,60.0
Cyprus,2021,Female,8.002,3.508,202.353,13.707,64134.41,71.4,78.5,65.0,57.9,80.2,52.1,82.0,76.1,60.5,85.0,84.0,75.0,60.0
Cyprus,2021,Male,7.076,1.48,229.363,13.846,64134.41,71.4,78.5,65.0,57.9,80.2,52.1,82.0,76.1,60.5,85.0,84.0,75.0,60.0
Cyprus,2021,Total,7.513,2.452,431.716,13.774,64134.41,71.4,78.5,65.0,57.9,80.2,52.1,82.0,76.1,60.5,85.0,84.0,75.0,60.0
Cyprus,2022,Female,7.737,3.162,212.833,16.143,65072.49,72.9,85.6,62.9,90.9,80.3,44.3,71.2,74.9,66.4,83.9,79.2,75.0,60.0
Cyprus,2022,Male,5.958,1.655,237.707,13.172,65072.49,72.9,85.6,62.9,90.9,80.3,44.3,71.2,74.9,66.4,83.9,79.2,75.0,60.0
Cyprus,2022,Total,6.806,2.37,450.54,14.721,65072.49,72.9,85.6,62.9,90.9,80.3,44.3,71.2,74.9,66.4,83.9,79.2,75.0,60.0
Cyprus,2023,Female,5.883,3.014,232.948,14.631,65256.38,72.3,83.0,89.7,58.8,80.8,45.8,73.3,74.9,66.5,81.5,78.6,75.0,60.0
Cyprus,2023,Male,5.79,0.751,246.976,12.68,65256.38,72.3,83.0,89.7,58.8,80.8,45.8,73.3,74.9,66.5,81.5,78.6,75.0,60.0
Cyprus,2023,Total,5.835,1.838,479.924,13.644,65256.38,72.3,83.0,89.7,58.8,80.8,45.8,73.3,74.9,66.5,81.5,78.6,75.0,60.0
Czechia,2015,Female,6.078,3.959,2204.59,9.761,90169.11,,,,,,,,,,,,,
Czechia,2015,Male,4.232,1.464,2837.313,5.769,90169.11,,,,,,,,,,,,,
Czechia,2015,Total,5.048,2.57,5041.903,7.718,90169.11,,,,,,,,,,,,,
Czechia,2016,Female,4.673,3.906,2261.919,8.707,90834.09,,,,,,,,,,,,,
Czechia,2016,Male,3.378,0.86,2876.659,5.667,90834.09,,,,,,,,,,,,,
Czechia,2016,Total,3.952,2.203,5138.578,7.149,90834.09,,,,,,,,,,,,,
Czechia,2017,Female,3.583,4.209,2305.842,8.427,94194.94,,,,,,,,,,,,,
Czechia,2017,Male,2.34,0.807,2915.762,4.48,94194.94,,,,,,,,,,,,,
Czechia,2017,Total,2.893,2.312,5221.605,6.405,94194.94,,,,,,,,,,,,,
Czechia,2018,Female,2.808,3.419,2347.322,7.962,96222.62,,,,,,,,,,,,,
Czechia,2018,Male,1.793,0.511,2946.467,3.627,96222.62,,,,,,,,,,,,,
Czechia,2018,Total,2.246,1.817,5293.789,5.738,96222.62,,,,,,,,,,,,,
Czechia,2019,Female,2.378,2.942,2352.352,8.373,99426.64,,,,,,,,,,,,,
Czechia,2019,Male,1.724,0.549,2950.744,3.41,99426.64,,,,,,,,,,,,,
Czechia,2019,Total,2.015,1.625,5303.096,5.824,99426.64,,,,,,,,,,,,,
Czechia,2020,Female,2.954,2.655,2306.7,9.171,95663.21,,,,,,,,,,,,,
Czechia,2020,Male,2.23,0.631,2928.443,4.333,95663.21,,,,,,,,,,,,,
Czechia,2020,Total,2.55,1.551,5235.144,6.682,95663.21,,,,,,,,,,,,,
Czechia,2021,Female,3.426,2.584,2299.849,8.424,99597.99,,,,,,,,,,,,,
Czechia,2021,Male,2.308,0.872,2919.121,4.896,99597.99,,,,,,,,,,,,,
Czechia,2021,Total,2.803,1.638,5218.97,6.61,99597.99,,,,,,,,,,,,,
Czechia,2022,Female,2.768,2.34,2287.314,9.385,99627.74,,,,,,,,,,,,,
Czechia,2022,Male,1.789,1.049,2882.008,5.877,99627.74,,,,,,,,,,,,,
Czechia,2022,Total,2.224,1.63,5169.322,7.58,99627.74,,,,,,,,,,,,,
Czechia,2023,Female,3.048,3.196,2224.522,9.572,97404.2,,,,,,,,,,,,,
Czechia,2023,Male,2.209,1.053,2836.324,4.419,97404.2,,,,,,,,,,,,,
Czechia,2023,Total,2.579,2.024,5060.846,7.034,97404.2,,,,,,,,,,,,,
Denmark,2015,Female,6.529,6.772,1265.752,6.929,131432.6,76.3,95.0,91.0,,39.6,1.8,,97.4,92.1,87.6,88.0,90.0,80.0
Denmark,2015,Male,6.057,13.338,1443.276,7.13,131432.6,76.3,95.0,91.0,,39.6,1.8,,97.4,92.1,87.6,88.0,90.0,80.0
Denmark,2015,Total,6.278,10.264,2709.028,7.032,131432.6,76.3,95.0,91.0,,39.6,1.8,,97.4,92.1,87.6,88.0,90.0,80.0
Denmark,2016,Female,6.379,3.155,1297.958,5.908,133285.1,75.3,95.0,92.0,,39.5,2.3,,95.4,86.0,84.4,88.0,90.0,80.0
Denmark,2016,Male,5.639,3.431,1462.278,7.497,133285.1,75.3,95.0,92.0,,39.5,2.3,,95.4,86.0,84.4,88.0,90.0,80.0
Denmark,2016,Total,5.989,3.299,2760.237,6.72,133285.1,75.3,95.0,92.0,,39.5,2.3,,95.4,86.0,84.4,88.0,90.0,80.0
Denmark,2017,Female,6.054,1.781,1313.031,7.635,135587.84,75.1,86.7,84.9,68.5,37.2,5.7,95.4,93.9,85.8,85.5,87.0,90.0,80.0
Denmark,2017,Male,5.636,3.06,1475.504,7.532,135587.84,75.1,86.7,84.9,68.5,37.2,5.7,95.4,93.9,85.8,85.5,87.0,90.0,80.0
Denmark,2017,Total,5.833,2.45,2788.535,7.582,135587.84,75.1,86.7,84.9,68.5,37.2,5.7,95.4,93.9,85.8,85.5,87.0,90.0,80.0
Denmark,2018,Female,5.346,2.329,1330.037,7.601,136216.6,76.6,84.8,84.1,83.6,41.4,10.6,96.7,92.5,82.8,86.4,86.9,90.0,80.0
Denmark,2018,Male,4.94,3.005,1502.226,7.761,136216.6,76.6,84.8,84.1,83.6,41.4,10.6,96.7,92.5,82.8,86.4,86.9,90.0,80.0
Denmark,2018,Total,5.131,2.683,2832.263,7.683,136216.6,76.6,84.8,84.1,83.6,41.4,10.6,96.7,92.5,82.8,86.4,86.9,90.0,80.0
Denmark,2019,Female,5.269,2.886,1348.799,7.445,136204.88,76.7,86.2,85.8,77.8,42.0,14.4,96.7,90.7,86.4,84.1,86.0,90.0,80.0
Denmark,2019,Male,4.795,2.751,1528.858,7.987,136204.88,76.7,86.2,85.8,77.8,42.0,14.4,96.7,90.7,86.4,84.1,86.0,90.0,80.0
Denmark,2019,Total,5.018,2.815,2877.656,7.722,136204.88,76.7,86.2,85.8,77.8,42.0,14.4,96.7,90.7,86.4,84.1,86.0,90.0,80.0
Denmark,2020,Female,5.987,,1338.992,7.203,133877.59,78.3,86.3,93.0,84.6,42.0,19.7,97.7,88.7,86.2,84.6,86.4,90.0,80.0
Denmark,2020,Male,5.339,,1514.034,7.714,133877.59,78.3,86.3,93.0,84.6,42.0,19.7,97.7,88.7,86.2,84.6,86.4,90.0,80.0
Denmark,2020,Total,5.644,,2853.026,7.464,133877.59,78.3,86.3,93.0,84.6,42.0,19.7,97.7,88.7,86.2,84.6,86.4,90.0,80.0
Denmark,2021,Female,5.134,,1364.233,7.149,139977.66,77.8,86.7,93.4,86.9,43.7,23.1,98.2,88.8,73.8,84.5,84.0,90.0,80.0
Denmark,2021,Male,5.004,,1543.279,7.075,139977.66,77.8,86.7,93.4,86.9,43.7,23.1,98.2,88.8,73.8,84.5,84.0,90.0,80.0
Denmark,2021,Total,5.065,,2907.513,7.111,139977.66,77.8,86.7,93.4,86.9,43.7,23.1,98.2,88.8,73.8,84.5,84.0,90.0,80.0
Denmark,2022,Female,4.493,,1419.706,6.981,138159.74,78.0,98.6,99.5,89.6,42.3,21.1,96.2,89.0,64.4,85.7,79.2,90.0,80.0
Denmark,2022,Male,4.38,,1574.725,6.559,138159.74,78.0,98.6,99.5,89.6,42.3,21.1,96.2,89.0,64.4,85.7,79.2,90.0,80.0
Denmark,2022,Total,4.434,,2994.431,6.766,138159.74,78.0,98.6,99.5,89.6,42.3,21.1,96.2,89.0,64.4,85.7,79.2,90.0,80.0
Denmark,2023,Female,5.274,,1429.676,7.026,140673.04,77.6,97.5,88.5,100.0,42.1,20.9,97.3,89.0,64.8,82.4,78.6,90.0,80.0
Denmark,2023,Male,4.931,,1587.839,7.28,140673.04,77.6,97.5,88.5,100.0,42.1,20.9,97.3,89.0,64.8,82.4,78.6,90.0,80.0
Denmark,2023,Total,5.094,,3017.515,7.155,140673.04,77.6,97.5,88.5,100.0,42.1,20.9,97.3,89.0,64.8,82.4,78.6,90.0,80.0
Estonia,2015,Female,6.324,2.615,310.629,13.17,74343.59,76.8,90.0,68.0,,80.6,53.2,,81.5,58.7,77.6,88.0,90.0,80.0
Estonia,2015,Male,6.496,2.982,322.135,9.818,74343.59,76.8,90.0,68.0,,80.6,53.2,,81.5,58.7,77.6,88.0,90.0,80.0
Estonia,2015,Total,6.412,2.799,632.764,11.482,74343.59,76.8,90.0,68.0,,80.6,53.2,,81.5,58.7,77.6,88.0,90.0,80.0
Estonia,2016,Female,6.164,2.56,313.876,11.804,76116.26,77.2,90.0,69.0,,81.9,54.9,,79.0,57.2,82.2,88.0,90.0,80.0
Estonia,2016,Male,7.566,2.52,324.784,7.35,76116.26,77.2,90.0,69.0,,81.9,54.9,,79.0,57.2,82.2,88.0,90.0,80.0
Estonia,2016,Total,6.882,2.54,638.66,9.568,76116.26,77.2,90.0,69.0,,81.9,54.9,,79.0,57.2,82.2,88.0,90.0,80.0
Estonia,2017,Female,5.245,1.999,319.67,10.773,78866.83,79.1,82.6,69.9,82.8,81.2,55.8,99.8,77.0,56.9,85.7,87.0,90.0,80.0
Estonia,2017,Male,6.344,2.417,330.655,9.284,78866.83,79.1,82.6,69.9,82.8,81.2,55.8,99.8,77.0,56.9,85.7,87.0,90.0,80.0
Estonia,2017,Total,5.807,2.21,650.325,10.026,78866.83,79.1,82.6,69.9,82.8,81.2,55.8,99.8,77.0,56.9,85.7,87.0,90.0,80.0
Estonia,2018,Female,5.256,1.748,320.667,9.611,80989.71,78.8,80.4,75.7,83.9,80.7,52.6,99.8,75.6,54.8,85.1,86.9,90.0,80.0
Estonia,2018,Male,5.561,0.71,335.862,11.08,80989.71,78.8,80.4,75.7,83.9,80.7,52.6,99.8,75.6,54.8,85.1,86.9,90.0,80.0
Estonia,2018,Total,5.412,1.223,656.529,10.348,80989.71,78.8,80.4,75.7,83.9,80.7,52.6,99.8,75.6,54.8,85.1,86.9,90.0,80.0
Estonia,2019,Female,4.923,2.014,322.71,7.762,83673.4,76.6,81.5,73.1,76.0,79.9,51.1,99.8,75.3,57.2,79.6,86.0,90.0,70.0
Estonia,2019,Male,4.123,2.207,339.51,7.958,83673.4,76.6,81.5,73.1,76.0,79.9,51.1,99.8,75.3,57.2,79.6,86.0,90.0,70.0
Estonia,2019,Total,4.514,2.112,662.22,7.859,83673.4,76.6,81.5,73.1,76.0,79.9,51.1,99.8,75.3,57.2,79.6,86.0,90.0,70.0
Estonia,2020,Female,6.771,2.211,315.455,9.796,85026.55,77.7,83.2,85.9,73.7,81.1,53.3,99.9,73.5,57.3,78.6,86.4,90.0,70.0
Estonia,2020,Male,7.13,2.684,331.365,8.611,85026.55,77.7,83.2,85.9,73.7,81.1,53.3,99.9,73.5,57.3,78.6,86.4,90.0,70.0
Estonia,2020,Total,6.956,2.452,646.82,9.204,85026.55,77.7,83.2,85.9,73.7,81.1,53.3,99.9,73.5,57.3,78.6,86.4,90.0,70.0
Estonia,2021,Female,5.546,2.57,322.533,9.722,90021.02,78.2,81.8,86.4,80.8,81.0,54.4,99.6,72.7,57.8,79.7,84.0,90.0,70.0
Estonia,2021,Male,6.785,3.051,331.695,12.12,90021.02,78.2,81.8,86.4,80.8,81.0,54.4,99.6,72.7,57.8,79.7,84.0,90.0,70.0
Estonia,2021,Total,6.178,2.815,654.228,10.921,90021.02,78.2,81.8,86.4,80.8,81.0,54.4,99.6,72.7,57.8,79.7,84.0,90.0,70.0
Estonia,2022,Female,5.061,2.776,337.376,7.842,85518.27,80.0,91.5,83.9,92.3,81.1,48.4,93.3,86.9,61.1,82.8,79.2,90.0,70.0
Estonia,2022,Male,6.066,2.444,343.461,13.607,85518.27,80.0,91.5,83.9,92.3,81.1,48.4,93.3,86.9,61.1,82.8,79.2,90.0,70.0
Estonia,2022,Total,5.571,2.61,680.837,10.735,85518.27,80.0,91.5,83.9,92.3,81.1,48.4,93.3,86.9,61.1,82.8,79.2,90.0,70.0
Estonia,2023,Female,6.636,1.986,348.942,7.216,81724.07,78.6,92.1,92.9,83.2,80.1,47.5,89.0,79.4,61.9,78.4,78.6,90.0,70.0
Estonia,2023,Male,6.121,2.356,351.059,12.005,81724.07,78.6,92.1,92.9,83.2,80.1,47.5,89.0,79.4,61.9,78.4,78.6,90.0,70.0
Estonia,2023,Total,6.378,2.17,700.001,9.595,81724.07,78.6,92.1,92.9,83.2,80.1,47.5,89.0,79.4,61.9,78.4,78.6,90.0,70.0
Finland,2015,Female,8.844,2.531,1188.09,9.044,120281.99,73.4,90.0,89.0,,66.4,3.6,,92.6,54.8,79.9,88.0,90.0,80.0
Finland,2015,Male,9.876,1.859,1248.722,12.158,120281.99,73.4,90.0,89.0,,66.4,3.6,,92.6,54.8,79.9,88.0,90.0,80.0
Finland,2015,Total,9.376,2.19,2436.812,10.59,120281.99,73.4,90.0,89.0,,66.4,3.6,,92.6,54.8,79.9,88.0,90.0,80.0
Finland,2016,Female,8.583,2.76,1181.574,8.603,122907.65,72.6,90.0,89.0,,66.5,0.8,,90.7,53.7,81.9,88.0,85.0,80.0
Finland,2016,Male,9.037,1.561,1266.522,9.871,122907.65,72.6,90.0,89.0,,66.5,0.8,,90.7,53.7,81.9,88.0,85.0,80.0
Finland,2016,Total,8.818,2.147,2448.095,9.238,122907.65,72.6,90.0,89.0,,66.5,0.8,,90.7,53.7,81.9,88.0,85.0,80.0
Finland,2017,Female,8.389,2.506,1190.986,8.315,125892.27,74.0,90.6,90.0,82.7,66.6,0.0,77.3,90.2,53.4,85.1,87.0,85.0,80.0
Finland,2017,Male,8.872,1.653,1282.183,9.454,125892.27,74.0,90.6,90.0,82.7,66.6,0.0,77.3,90.2,53.4,85.1,87.0,85.0,80.0
Finland,2017,Total,8.64,2.072,2473.17,8.888,125892.27,74.0,90.6,90.0,82.7,66.6,0.0,77.3,90.2,53.4,85.1,87.0,85.0,80.0
Finland,2018,Female,7.298,2.57,1223.174,7.915,123851.03,74.1,89.0,89.8,82.7,66.5,2.3,81.1,89.9,50.5,86.0,86.9,85.0,80.0
Finland,2018,Male,7.419,1.64,1316.727,7.578,123851.03,74.1,89.0,89.8,82.7,66.5,2.3,81.1,89.9,50.5,86.0,86.9,85.0,80.0
Finland,2018,Total,7.361,2.093,2539.901,7.746,123851.03,74.1,89.0,89.8,82.7,66.5,2.3,81.1,89.9,50.5,86.0,86.9,85.0,80.0
Finland,2019,Female,6.174,2.403,1238.947,7.303,124315.02,74.9,89.6,92.5,81.2,66.8,7.2,86.4,89.4,50.3,84.8,86.0,85.0,80.0
Finland,2019,Male,7.176,1.348,1326.63,7.468,124315.02,74.9,89.6,92.5,81.2,66.8,7.2,86.4,89.4,50.3,84.8,86.0,85.0,80.0
Finland,2019,Total,6.695,1.864,2565.577,7.386,124315.02,74.9,89.6,92.5,81.2,66.8,7.2,86.4,89.4,50.3,84.8,86.0,85.0,80.0
Finland,2020,Female,7.486,2.387,1213.978,8.456,122996.52,75.7,92.3,96.1,80.5,67.5,11.2,90.7,84.8,50.3,83.6,86.4,85.0,80.0
Finland,2020,Male,8.011,1.529,1314.226,10.257,122996.52,75.7,92.3,96.1,80.5,67.5,11.2,90.7,84.8,50.3,83.6,86.4,85.0,80.0
Finland,2020,Total,7.759,1.944,2528.205,9.365,122996.52,75.7,92.3,96.1,80.5,67.5,11.2,90.7,84.8,50.3,83.6,86.4,85.0,80.0
Finland,2021,Female,7.044,1.929,1233.698,7.232,123790.03,76.1,91.9,97.2,82.2,68.0,14.3,91.4,85.8,50.5,83.3,84.0,85.0,80.0
Finland,2021,Male,8.137,1.585,1339.664,9.754,123790.03,76.1,91.9,97.2,82.2,68.0,14.3,91.4,85.8,50.5,83.3,84.0,85.0,80.0
Finland,2021,Total,7.617,1.75,2573.362,8.492,123790.03,76.1,91.9,97.2,82.2,68.0,14.3,91.4,85.8,50.5,83.3,84.0,85.0,80.0
Finland,2022,Female,6.368,2.428,1279.621,7.276,122070.06,78.3,100.0,96.4,97.8,68.4,10.7,83.2,88.7,65.1,84.9,79.2,85.0,80.0
Finland,2022,Male,7.048,1.697,1360.573,8.851,122070.06,78.3,100.0,96.4,97.8,68.4,10.7,83.2,88.7,65.1,84.9,79.2,85.0,80.0
Finland,2022,Total,6.719,2.046,2640.194,8.068,122070.06,78.3,100.0,96.4,97.8,68.4,10.7,83.2,88.7,65.1,84.9,79.2,85.0,80.0
Finland,2023,Female,6.414,2.327,1295.773,7.274,120407.22,77.1,100.0,97.2,97.6,68.7,8.5,76.5,84.9,65.5,82.1,78.6,85.0,80.0
Finland,2023,Male,7.844,1.979,1352.109,10.389,120407.22,77.1,100.0,97.2,97.6,68.7,8.5,76.5,84.9,65.5,82.1,78.6,85.0,80.0
Finland,2023,Total,7.149,2.147,2647.882,8.841,120407.22,77.1,100.0,97.2,97.6,68.7,8.5,76.5,84.9,65.5,82.1,78.6,85.0,80.0
France,2015,Female,9.878,8.105,12765.52,13.133,127093.21,62.5,80.0,71.0,,47.5,2.5,,80.2,43.5,77.5,83.0,70.0,70.0
France,2015,Male,10.794,4.435,13658.219,14.79,127093.21,62.5,80.0,71.0,,47.5,2.5,,80.2,43.5,77.5,83.0,70.0,70.0
France,2015,Total,10.354,6.205,26423.739,13.967,127093.21,62.5,80.0,71.0,,47.5,2.5,,80.2,43.5,77.5,83.0,70.0,70.0
France,2016,Female,9.853,8.924,12822.56,13.535,127975.51,62.3,80.0,69.0,,47.7,2.5,,78.4,43.5,79.1,83.0,70.0,70.0
France,2016,Male,10.245,5.0,13761.279,14.337,127975.51,62.3,80.0,69.0,,47.7,2.5,,78.4,43.5,79.1,83.0,70.0,70.0
France,2016,Total,10.057,6.893,26583.839,13.94,127975.51,62.3,80.0,69.0,,47.7,2.5,,78.4,43.5,79.1,83.0,70.0,70.0
France,2017,Female,9.373,8.124,12920.548,12.525,129644.48,63.3,85.0,69.7,72.7,47.6,2.0,57.0,78.0,44.1,81.6,82.0,70.0,70.0
France,2017,Male,9.443,4.624,13882.566,14.301,129644.48,63.3,85.0,69.7,72.7,47.6,2.0,57.0,78.0,44.1,81.6,82.0,70.0,70.0
France,2017,Total,9.409,6.343,26803.113,13.425,129644.48,63.3,85.0,69.7,72.7,47.6,2.0,57.0,78.0,44.1,81.6,82.0,70.0,70.0
France,2018,Female,9.056,7.078,13053.107,12.01,130673.57,63.9,84.0,65.1,72.7,47.3,2.7,60.8,80.2,45.0,81.6,81.9,75.0,70.0
France,2018,Male,8.982,4.178,13968.967,14.13,130673.57,63.9,84.0,65.1,72.7,47.3,2.7,60.8,80.2,45.0,81.6,81.9,75.0,70.0
France,2018,Total,9.018,5.584,27022.074,13.082,130673.57,63.9,84.0,65.1,72.7,47.3,2.7,60.8,80.2,45.0,81.6,81.9,75.0,70.0
France,2019,Female,8.351,7.104,13163.192,12.056,132381.7,63.8,82.5,67.9,66.1,48.4,3.9,64.9,81.2,45.2,79.1,81.0,75.0,70.0
France,2019,Male,8.475,4.125,13969.54,13.166,132381.7,63.8,82.5,67.9,66.1,48.4,3.9,64.9,81.2,45.2,79.1,81.0,75.0,70.0
France,2019,Total,8.415,5.576,27132.732,12.618,132381.7,63.8,82.5,67.9,66.1,48.4,3.9,64.9,81.2,45.2,79.1,81.0,75.0,70.0
France,2020,Female,7.951,3.391,13109.992,12.183,122777.37,66.0,85.9,83.3,71.2,48.8,4.5,67.1,82.5,46.1,76.7,81.4,75.0,70.0
France,2020,Male,8.065,4.38,13885.329,13.206,122777.37,66.0,85.9,83.3,71.2,48.8,4.5,67.1,82.5,46.1,76.7,81.4,75.0,70.0
France,2020,Total,8.009,3.9,26995.321,12.701,122777.37,66.0,85.9,83.3,71.2,48.8,4.5,67.1,82.5,46.1,76.7,81.4,75.0,70.0
France,2021,Female,7.769,3.129,13647.068,10.394,126872.41,65.7,82.2,80.1,69.2,50.7,6.3,69.0,80.2,44.8,77.3,84.0,75.0,70.0
France,2021,Male,7.968,3.894,14282.566,12.534,126872.41,65.7,82.2,80.1,69.2,50.7,6.3,69.0,80.2,44.8,77.3,84.0,75.0,70.0
France,2021,Total,7.871,3.525,27929.633,11.483,126872.41,65.7,82.2,80.1,69.2,50.7,6.3,69.0,80.2,44.8,77.3,84.0,75.0,70.0
France,2022,Female,7.129,3.547,13884.692,10.244,128013.22,65.9,93.8,75.9,85.5,52.1,0.5,39.1,81.9,58.8,79.1,79.2,75.0,70.0
France,2022,Male,7.469,3.58,14510.775,12.823,128013.22,65.9,93.8,75.9,85.5,52.1,0.5,39.1,81.9,58.8,79.1,79.2,75.0,70.0
France,2022,Total,7.303,3.564,28395.467,11.557,128013.22,65.9,93.8,75.9,85.5,52.1,0.5,39.1,81.9,58.8,79.1,79.2,75.0,70.0
France,2023,Female,7.206,3.485,14014.94,10.39,129273.77,63.6,93.0,83.9,75.5,52.9,0.0,20.0,78.2,59.2,76.9,78.6,75.0,70.0
France,2023,Male,7.458,3.216,14573.642,13.162,129273.77,63.6,93.0,83.9,75.5,52.9,0.0,20.0,78.2,59.2,76.9,78.6,75.0,70.0
France,2023,Total,7.335,3.346,28588.583,11.804,129273.77,63.6,93.0,83.9,75.5,52.9,0.0,20.0,78.2,59.2,76.9,78.6,75.0,70.0
Germany,2015,Female,4.206,,18769.763,7.119,118471.15,73.8,90.0,78.0,,60.8,40.1,,88.2,51.2,81.5,88.0,90.0,70.0
Germany,2015,Male,4.963,,21473.476,5.413,118471.15,73.8,90.0,78.0,,60.8,40.1,,88.2,51.2,81.5,88.0,90.0,70.0
Germany,2015,Total,4.612,,40243.239,6.239,118471.15,73.8,90.0,78.0,,60.8,40.1,,88.2,51.2,81.5,88.0,90.0,70.0
Germany,2016,Female,3.723,,19219.206,7.427,119259.39,74.4,90.0,79.0,,61.5,41.3,,90.0,50.6,83.3,88.0,90.0,70.0
Germany,2016,Male,4.434,,22083.303,6.036,119259.39,74.4,90.0,79.0,,61.5,41.3,,90.0,50.6,83.3,88.0,90.0,70.0
Germany,2016,Total,4.104,,41302.509,6.701,119259.39,74.4,90.0,79.0,,61.5,41.3,,90.0,50.6,83.3,88.0,90.0,70.0
Germany,2017,Female,3.316,,19387.602,6.741,121224.76,73.8,82.9,77.7,79.5,61.9,41.4,89.9,86.6,42.8,85.9,87.0,80.0,70.0
Germany,2017,Male,4.181,,22277.564,5.836,121224.76,73.8,82.9,77.7,79.5,61.9,41.4,89.9,86.6,42.8,85.9,87.0,80.0,70.0
Germany,2017,Total,3.781,,41665.166,6.266,121224.76,73.8,82.9,77.7,79.5,61.9,41.4,89.9,86.6,42.8,85.9,87.0,80.0,70.0
Germany,2018,Female,2.903,,19490.967,6.596,121272.76,74.2,81.0,75.3,78.0,61.3,41.3,90.8,86.1,53.3,86.2,86.9,80.0,70.0
Germany,2018,Male,3.799,,22417.638,5.473,121272.76,74.2,81.0,75.3,78.0,61.3,41.3,90.8,86.1,53.3,86.2,86.9,80.0,70.0
Germany,2018,Total,3.384,,41908.604,6.011,121272.76,74.2,81.0,75.3,78.0,61.3,41.3,90.8,86.1,53.3,86.2,86.9,80.0,70.0
Germany,2019,Female,2.725,,19785.321,6.164,121267.65,73.5,79.9,81.3,75.4,60.8,42.3,91.8,83.3,52.8,77.9,86.0,80.0,70.0
Germany,2019,Male,3.542,,22606.761,5.095,121267.65,73.5,79.9,81.3,75.4,60.8,42.3,91.8,83.3,52.8,77.9,86.0,80.0,70.0
Germany,2019,Total,3.163,,42392.082,5.607,121267.65,73.5,79.9,81.3,75.4,60.8,42.3,91.8,83.3,52.8,77.9,86.0,80.0,70.0
Germany,2020,Female,3.488,4.5,19411.357,7.821,119146.82,73.5,80.5,82.8,74.3,60.9,42.2,92.9,82.8,53.0,76.7,86.4,80.0,70.0
Germany,2020,Male,4.223,3.598,22144.354,6.804,119146.82,73.5,80.5,82.8,74.3,60.9,42.2,92.9,82.8,53.0,76.7,86.4,80.0,70.0
Germany,2020,Total,3.881,4.013,41555.71,7.295,119146.82,73.5,80.5,82.8,74.3,60.9,42.2,92.9,82.8,53.0,76.7,86.4,80.0,70.0
Germany,2021,Female,3.14,2.345,19369.13,8.191,122755.33,72.5,78.8,81.5,69.8,60.4,40.3,92.8,82.4,53.0,77.2,84.0,80.0,70.0
Germany,2021,Male,3.987,1.608,22144.897,7.566,122755.33,72.5,78.8,81.5,69.8,60.4,40.3,92.8,82.4,53.0,77.2,84.0,80.0,70.0
Germany,2021,Total,3.594,1.946,41514.028,7.868,122755.33,72.5,78.8,81.5,69.8,60.4,40.3,92.8,82.4,53.0,77.2,84.0,80.0,70.0
Germany,2022,Female,2.872,2.711,19781.606,7.931,122248.29,76.1,95.7,89.4,95.3,59.9,34.5,90.4,87.2,52.3,79.5,79.2,80.0,70.0
Germany,2022,Male,3.368,2.303,22507.271,6.558,122248.29,76.1,95.7,89.4,95.3,59.9,34.5,90.4,87.2,52.3,79.5,79.2,80.0,70.0
Germany,2022,Total,3.137,2.49,42288.877,7.223,122248.29,76.1,95.7,89.4,95.3,59.9,34.5,90.4,87.2,52.3,79.5,79.2,80.0,70.0
Germany,2023,Female,2.858,,20187.788,7.871,120827.32,73.7,94.8,93.1,89.4,60.2,28.3,82.7,79.7,52.8,75.3,78.6,80.0,70.0
Germany,2023,Male,3.258,,22876.837,7.508,120827.32,73.7,94.8,93.1,89.4,60.2,28.3,82.7,79.7,52.8,75.3,78.6,80.0,70.0
Germany,2023,Total,3.071,,43064.626,7.683,120827.32,73.7,94.8,93.1,89.4,60.2,28.3,82.7,79.7,52.8,75.3,78.6,80.0,70.0
Greece,2015,Female,29.027,7.215,1506.545,17.889,95872.08,54.0,40.0,40.0,,64.2,0.0,,73.3,51.6,77.8,83.0,60.0,50.0
Greece,2015,Male,21.741,3.264,2074.312,17.904,95872.08,54.0,40.0,40.0,,64.2,0.0,,73.3,51.6,77.8,83.0,60.0,50.0
Greece,2015,Total,24.981,4.906,3580.857,17.896,95872.08,54.0,40.0,40.0,,64.2,0.0,,73.3,51.6,77.8,83.0,60.0,50.0
Greece,2016,Female,28.064,9.275,1525.199,16.183,94016.6,53.2,40.0,43.0,,64.4,0.0,,73.8,50.2,77.7,83.0,60.0,40.0
Greece,2016,Male,19.859,4.04,2115.351,16.296,94016.6,53.2,40.0,43.0,,64.4,0.0,,73.8,50.2,77.7,83.0,60.0,40.0
Greece,2016,Total,23.514,6.229,3640.55,16.239,94016.6,53.2,40.0,43.0,,64.4,0.0,,73.8,50.2,77.7,83.0,60.0,40.0
Greece,2017,Female,26.032,8.703,1554.173,16.184,92900.37,55.0,52.5,41.3,56.1,61.1,5.4,58.1,74.3,51.0,78.2,82.0,60.0,40.0
Greece,2017,Male,17.73,4.249,2167.66,15.583,92900.37,55.0,52.5,41.3,56.1,61.1,5.4,58.1,74.3,51.0,78.2,82.0,60.0,40.0
Greece,2017,Total,21.413,6.114,3721.833,15.885,92900.37,55.0,52.5,41.3,56.1,61.1,5.4,58.1,74.3,51.0,78.2,82.0,60.0,40.0
Greece,2018,Female,24.111,8.967,1430.888,14.619,92379.04,57.3,52.3,37.9,59.0,60.4,20.9,70.5,74.4,54.4,81.0,81.9,55.0,40.0
Greece,2018,Male,15.299,3.755,2029.849,14.756,92379.04,57.3,52.3,37.9,59.0,60.4,20.9,70.5,74.4,54.4,81.0,81.9,55.0,40.0
Greece,2018,Total,19.179,5.937,3460.737,14.688,92379.04,57.3,52.3,37.9,59.0,60.4,20.9,70.5,74.4,54.4,81.0,81.9,55.0,40.0
Greece,2019,Female,21.197,8.605,1500.167,13.115,91622.06,57.7,52.4,37.7,49.5,59.1,23.3,79.0,74.1,52.5,79.1,81.0,55.0,50.0
Greece,2019,Male,13.702,4.485,2040.566,12.837,91622.06,57.7,52.4,37.7,49.5,59.1,23.3,79.0,74.1,52.5,79.1,81.0,55.0,50.0
Greece,2019,Total,17.045,6.211,3540.733,12.977,91622.06,57.7,52.4,37.7,49.5,59.1,23.3,79.0,74.1,52.5,79.1,81.0,55.0,50.0
Greece,2020,Female,19.248,8.032,1535.449,13.642,83291.37,59.9,57.0,51.2,48.6,59.0,31.5,80.0,73.7,52.0,79.4,81.4,55.0,50.0
Greece,2020,Male,13.192,3.71,2042.339,13.416,83291.37,59.9,57.0,51.2,48.6,59.0,31.5,80.0,73.7,52.0,79.4,81.4,55.0,50.0
Greece,2020,Total,15.899,5.5,3577.789,13.53,83291.37,59.9,57.0,51.2,48.6,59.0,31.5,80.0,73.7,52.0,79.4,81.4,55.0,50.0
Greece,2021,Female,18.876,6.147,1657.8,12.025,89319.17,60.9,55.5,53.6,53.5,59.9,34.2,80.0,75.8,49.8,80.0,84.0,55.0,50.0
Greece,2021,Male,11.287,3.673,2270.181,12.071,89319.17,60.9,55.5,53.6,53.5,59.9,34.2,80.0,75.8,49.8,80.0,84.0,55.0,50.0
Greece,2021,Total,14.656,4.711,3927.98,12.048,89319.17,60.9,55.5,53.6,53.5,59.9,34.2,80.0,75.8,49.8,80.0,84.0,55.0,50.0
Greece,2022,Female,16.397,6.361,1748.657,12.053,90477.97,61.5,76.0,52.3,69.9,59.9,17.9,67.6,70.3,61.1,78.6,79.2,55.0,50.0
Greece,2022,Male,9.276,3.087,2392.175,10.659,90477.97,61.5,76.0,52.3,69.9,59.9,17.9,67.6,70.3,61.1,78.6,79.2,55.0,50.0
Greece,2022,Total,12.426,4.469,4140.832,11.352,90477.97,61.5,76.0,52.3,69.9,59.9,17.9,67.6,70.3,61.1,78.6,79.2,55.0,50.0
Greece,2023,Female,14.267,5.87,1796.027,12.378,92111.01,56.9,76.7,69.9,52.9,60.8,9.7,18.1,70.3,60.7,79.6,78.6,55.0,50.0
Greece,2023,Male,8.427,2.817,2397.422,12.63,92111.01,56.9,76.7,69.9,52.9,60.8,9.7,18.1,70.3,60.7,79.6,78.6,55.0,50.0
Greece,2023,Total,11.023,4.116,4193.449,12.505,92111.01,56.9,76.7,69.9,52.9,60.8,9.7,18.1,70.3,60.7,79.6,78.6,55.0,50.0
Hungary,2015,Female,7.039,2.624,1927.031,12.794,70733.22,66.8,55.0,54.0,,78.7,25.9,,74.5,67.7,79.2,88.0,75.0,70.0
Hungary,2015,Male,6.622,0.943,2283.468,10.425,70733.22,66.8,55.0,54.0,,78.7,25.9,,74.5,67.7,79.2,88.0,75.0,70.0
Hungary,2015,Total,6.813,1.72,4210.499,11.581,70733.22,66.8,55.0,54.0,,78.7,25.9,,74.5,67.7,79.2,88.0,75.0,70.0
Hungary,2016,Female,5.108,3.009,1989.14,13.346,69882.59,66.0,45.0,54.0,,78.7,26.7,,70.6,63.8,88.3,88.0,75.0,70.0
Hungary,2016,Male,5.121,1.515,2362.499,8.857,69882.59,66.0,45.0,54.0,,78.7,26.7,,70.6,63.8,88.3,88.0,75.0,70.0
Hungary,2016,Total,5.115,2.203,4351.64,11.047,69882.59,66.0,45.0,54.0,,78.7,26.7,,70.6,63.8,88.3,88.0,75.0,70.0
Hungary,2017,Female,4.571,3.36,2004.08,14.327,71674.7,65.8,60.1,41.5,51.8,79.3,25.3,79.3,64.0,64.4,91.7,87.0,75.0,70.0
Hungary,2017,Male,3.809,3.152,2417.306,7.906,71674.7,65.8,60.1,41.5,51.8,79.3,25.3,79.3,64.0,64.4,91.7,87.0,75.0,70.0
Hungary,2017,Total,4.156,3.248,4421.386,11.039,71674.7,65.8,60.1,41.5,51.8,79.3,25.3,79.3,64.0,64.4,91.7,87.0,75.0,70.0
Hungary,2018,Female,3.932,2.793,2006.225,14.061,74586.32,66.7,57.6,36.4,57.1,78.6,29.4,82.4,61.8,68.7,91.6,86.9,80.0,70.0
Hungary,2018,Male,3.449,1.153,2453.036,7.603,74586.32,66.7,57.6,36.4,57.1,78.6,29.4,82.4,61.8,68.7,91.6,86.9,80.0,70.0
Hungary,2018,Total,3.667,1.928,4459.26,10.741,74586.32,66.7,57.6,36.4,57.1,78.6,29.4,82.4,61.8,68.7,91.6,86.9,80.0,70.0
Hungary,2019,Female,3.509,1.512,2012.165,13.231,77792.0,65.0,60.9,35.3,45.2,78.6,31.7,85.0,61.1,64.7,81.8,86.0,80.0,70.0
Hungary,2019,Male,3.332,1.687,2482.869,8.928,77792.0,65.0,60.9,35.3,45.2,78.6,31.7,85.0,61.1,64.7,81.8,86.0,80.0,70.0
Hungary,2019,Total,3.411,1.606,4495.034,11.015,77792.0,65.0,60.9,35.3,45.2,78.6,31.7,85.0,61.1,64.7,81.8,86.0,80.0,70.0
Hungary,2020,Female,4.437,1.739,1976.8,14.068,75123.32,66.4,64.8,47.5,45.7,79.9,34.5,83.6,60.2,64.6,79.9,86.4,80.0,70.0
Hungary,2020,Male,4.095,0.936,2453.74,9.554,75123.32,66.4,64.8,47.5,45.7,79.9,34.5,83.6,60.2,64.6,79.9,86.4,80.0,70.0
Hungary,2020,Total,4.248,1.306,4430.539,11.743,75123.32,66.4,64.8,47.5,45.7,79.9,34.5,83.6,60.2,64.6,79.9,86.4,80.0,70.0
Hungary,2021,Female,4.204,,2141.369,13.18,79631.46,67.2,65.6,48.7,52.4,83.6,35.0,83.3,59.9,64.8,78.8,84.0,80.0,70.0
Hungary,2021,Male,3.862,,2475.674,8.197,79631.46,67.2,65.6,48.7,52.4,83.6,35.0,83.3,59.9,64.8,78.8,84.0,80.0,70.0
Hungary,2021,Total,4.021,,4617.043,10.615,79631.46,67.2,65.6,48.7,52.4,83.6,35.0,83.3,59.9,64.8,78.8,84.0,80.0,70.0
Hungary,2022,Female,3.476,,2183.36,11.375,82111.47,66.9,75.8,44.4,62.2,84.1,31.6,58.4,77.2,61.2,78.5,79.2,80.0,70.0
Hungary,2022,Male,3.677,,2499.289,8.385,82111.47,66.9,75.8,44.4,62.2,84.1,31.6,58.4,77.2,61.2,78.5,79.2,80.0,70.0
Hungary,2022,Total,3.583,,4682.65,9.841,82111.47,66.9,75.8,44.4,62.2,84.1,31.6,58.4,77.2,61.2,78.5,79.2,80.0,70.0
Hungary,2023,Female,4.156,,2194.344,11.133,80855.33,64.1,69.5,62.5,44.8,84.2,29.8,38.9,73.5,61.3,76.5,78.6,80.0,70.0
Hungary,2023,Male,4.044,,2516.355,8.595,80855.33,64.1,69.5,62.5,44.8,84.2,29.8,38.9,73.5,61.3,76.5,78.6,80.0,70.0
Hungary,2023,Total,4.096,,4710.699,9.832,80855.33,64.1,69.5,62.5,44.8,84.2,29.8,38.9,73.5,61.3,76.5,78.6,80.0,70.0
Iceland,2015,Female,4.051,,87.565,3.186,102672.34,72.0,90.0,78.0,,72.0,32.6,,90.5,62.2,77.0,88.0,70.0,60.0
Iceland,2015,Male,3.914,,96.084,6.257,102672.34,72.0,90.0,78.0,,72.0,32.6,,90.5,62.2,77.0,88.0,70.0,60.0
Iceland,2015,Total,3.979,,183.649,4.751,102672.34,72.0,90.0,78.0,,72.0,32.6,,90.5,62.2,77.0,88.0,70.0,60.0
Iceland,2016,Female,3.046,,89.235,3.653,105100.56,73.3,90.0,79.0,,73.3,42.1,,90.1,61.6,79.5,87.8,70.0,60.0
Iceland,2016,Male,2.918,,101.242,4.87,105100.56,73.3,90.0,79.0,,73.3,42.1,,90.1,61.6,79.5,87.8,70.0,60.0
Iceland,2016,Total,2.978,,190.477,4.286,105100.56,73.3,90.0,79.0,,73.3,42.1,,90.1,61.6,79.5,87.8,70.0,60.0
Iceland,2017,Female,2.718,0.918,90.067,3.832,106997.96,74.4,85.0,71.5,71.5,70.9,41.1,90.6,90.2,62.6,81.2,88.0,80.0,60.0
Iceland,2017,Male,2.763,0.968,103.812,4.28,106997.96,74.4,85.0,71.5,71.5,70.9,41.1,90.6,90.2,62.6,81.2,88.0,80.0,60.0
Iceland,2017,Total,2.742,0.945,193.879,4.066,106997.96,74.4,85.0,71.5,71.5,70.9,41.1,90.6,90.2,62.6,81.2,88.0,80.0,60.0
Iceland,2018,Female,2.536,0.941,91.52,5.844,110023.35,77.0,86.7,77.3,72.6,72.1,44.2,94.3,89.5,61.8,81.7,88.5,85.0,70.0
Iceland,2018,Male,2.847,0.676,106.819,4.817,110023.35,77.0,86.7,77.3,72.6,72.1,44.2,94.3,89.5,61.8,81.7,88.5,85.0,70.0
Iceland,2018,Total,2.704,0.798,198.339,5.305,110023.35,77.0,86.7,77.3,72.6,72.1,44.2,94.3,89.5,61.8,81.7,88.5,85.0,70.0
Iceland,2019,Female,3.111,1.247,92.872,3.684,110546.55,77.1,87.4,83.8,63.8,72.7,44.0,96.7,88.4,64.1,81.7,87.0,85.0,70.0
Iceland,2019,Male,3.845,1.53,108.144,6.68,110546.55,77.1,87.4,83.8,63.8,72.7,44.0,96.7,88.4,64.1,81.7,87.0,85.0,70.0
Iceland,2019,Total,3.507,1.397,201.016,5.237,110546.55,77.1,87.4,83.8,63.8,72.7,44.0,96.7,88.4,64.1,81.7,87.0,85.0,70.0
Iceland,2020,Female,5.292,2.477,89.528,6.222,106037.67,77.1,87.6,90.3,63.2,71.7,44.1,97.5,84.7,63.5,80.3,86.8,85.0,70.0
Iceland,2020,Male,5.635,1.518,105.006,7.066,106037.67,77.1,87.6,90.3,63.2,71.7,44.1,97.5,84.7,63.5,80.3,86.8,85.0,70.0
Iceland,2020,Total,5.478,1.968,194.535,6.655,106037.67,77.1,87.6,90.3,63.2,71.7,44.1,97.5,84.7,63.5,80.3,86.8,85.0,70.0
Iceland,2021,Female,6.364,,90.165,5.604,110344.22,77.4,87.0,90.6,72.6,72.4,46.2,97.6,83.6,62.0,79.4,86.8,80.0,70.0
Iceland,2021,Male,5.744,,106.837,8.251,110344.22,77.4,87.0,90.6,72.6,72.4,46.2,97.6,83.6,62.0,79.4,86.8,80.0,70.0
Iceland,2021,Total,6.029,,197.001,6.973,110344.22,77.4,87.0,90.6,72.6,72.4,46.2,97.6,83.6,62.0,79.4,86.8,80.0,70.0
Iceland,2022,Female,3.385,,97.255,4.246,113113.76,77.0,97.1,85.3,94.8,72.9,36.8,76.1,83.3,67.4,79.3,81.0,80.0,70.0
Iceland,2022,Male,4.133,,113.138,7.771,113113.76,77.0,97.1,85.3,94.8,72.9,36.8,76.1,83.3,67.4,79.3,81.0,80.0,70.0
Iceland,2022,Total,3.789,,210.392,6.08,113113.76,77.0,97.1,85.3,94.8,72.9,36.8,76.1,83.3,67.4,79.3,81.0,80.0,70.0
Iceland,2023,Female,3.098,,100.227,3.501,115384.45,72.2,96.8,94.2,83.9,72.9,31.5,28.8,83.3,67.7,77.4,80.4,80.0,70.0
Iceland,2023,Male,3.866,,120.075,7.952,115384.45,72.2,96.8,94.2,83.9,72.9,31.5,28.8,83.3,67.7,77.4,80.4,80.0,70.0
Iceland,2023,Total,3.518,,220.303,5.843,115384.45,72.2,96.8,94.2,83.9,72.9,31.5,28.8,83.3,67.7,77.4,80.4,80.0,70.0
Ireland,2015,Female,8.908,2.227,940.935,12.914,178847.52,76.6,85.0,72.0,,73.6,45.6,,82.1,76.2,83.9,88.0,90.0,70.0
Ireland,2015,Male,10.734,1.958,1115.993,15.616,178847.52,76.6,85.0,72.0,,73.6,45.6,,82.1,76.2,83.9,88.0,90.0,70.0
Ireland,2015,Total,9.908,2.083,2056.927,14.293,178847.52,76.6,85.0,72.0,,73.6,45.6,,82.1,76.2,83.9,88.0,90.0,70.0
Ireland,2016,Female,7.598,2.032,979.093,11.672,175700.44,77.3,90.0,74.0,,73.6,50.3,,79.6,72.1,85.5,88.0,90.0,70.0
Ireland,2016,Male,9.023,2.41,1153.011,13.551,175700.44,77.3,90.0,74.0,,73.6,50.3,,79.6,72.1,85.5,88.0,90.0,70.0
Ireland,2016,Total,8.374,2.237,2132.104,12.629,175700.44,77.3,90.0,74.0,,73.6,50.3,,79.6,72.1,85.5,88.0,90.0,70.0
Ireland,2017,Female,6.294,2.37,1007.568,10.53,186515.9,76.7,85.8,78.3,78.3,72.7,57.1,60.3,80.3,73.6,87.6,87.0,90.0,70.0
Ireland,2017,Male,7.066,1.59,1186.37,11.411,186515.9,76.7,85.8,78.3,78.3,72.7,57.1,60.3,80.3,73.6,87.6,87.0,90.0,70.0
Ireland,2017,Total,6.713,1.948,2193.938,10.979,186515.9,76.7,85.8,78.3,78.3,72.7,57.1,60.3,80.3,73.6,87.6,87.0,90.0,70.0
Ireland,2018,Female,5.691,2.846,1036.231,9.954,196356.33,80.4,87.7,79.0,79.0,76.1,69.6,80.8,81.8,76.4,87.4,86.9,90.0,70.0
Ireland,2018,Male,5.784,1.096,1221.033,10.265,196356.33,80.4,87.7,79.0,79.0,76.1,69.6,80.8,81.8,76.4,87.4,86.9,90.0,70.0
Ireland,2018,Total,5.741,1.894,2257.263,10.113,196356.33,80.4,87.7,79.0,79.0,76.1,69.6,80.8,81.8,76.4,87.4,86.9,90.0,70.0
Ireland,2019,Female,4.685,1.32,1069.294,9.961,201226.95,80.5,85.8,78.0,68.4,76.3,77.4,89.0,83.1,75.3,87.0,86.0,90.0,70.0
Ireland,2019,Male,5.174,1.687,1253.025,10.396,201226.95,80.5,85.8,78.0,68.4,76.3,77.4,89.0,83.1,75.3,87.0,86.0,90.0,70.0
Ireland,2019,Total,4.95,1.518,2322.319,10.182,201226.95,80.5,85.8,78.0,68.4,76.3,77.4,89.0,83.1,75.3,87.0,86.0,90.0,70.0
Ireland,2020,Female,5.649,1.772,1052.216,11.405,217370.03,80.9,86.6,82.8,64.4,76.4,78.8,91.4,82.7,75.9,85.3,86.4,90.0,70.0
Ireland,2020,Male,5.6,1.494,1241.839,12.778,217370.03,80.9,86.6,82.8,64.4,76.4,78.8,91.4,82.7,75.9,85.3,86.4,90.0,70.0
Ireland,2020,Total,5.623,1.621,2294.055,12.103,217370.03,80.9,86.6,82.8,64.4,76.4,78.8,91.4,82.7,75.9,85.3,86.4,90.0,70.0
Ireland,2021,Female,6.367,1.712,1128.012,6.283,239089.92,81.4,86.0,82.0,72.4,76.6,81.1,93.1,81.5,76.1,84.4,84.0,90.0,70.0
Ireland,2021,Male,6.348,1.166,1306.42,8.163,239089.92,81.4,86.0,82.0,72.4,76.6,81.1,93.1,81.5,76.1,84.4,84.0,90.0,70.0
Ireland,2021,Total,6.357,1.414,2434.431,7.24,239089.92,81.4,86.0,82.0,72.4,76.6,81.1,93.1,81.5,76.1,84.4,84.0,90.0,70.0
Ireland,2022,Female,4.641,2.083,1208.05,7.773,245982.9,82.0,92.6,80.7,93.0,76.5,79.9,89.0,87.2,60.9,85.2,79.2,90.0,70.0
Ireland,2022,Male,4.311,2.026,1377.193,5.16,245982.9,82.0,92.6,80.7,93.0,76.5,79.9,89.0,87.2,60.9,85.2,79.2,90.0,70.0
Ireland,2022,Total,4.465,2.053,2585.244,6.441,245982.9,82.0,92.6,80.7,93.0,76.5,79.9,89.0,87.2,60.9,85.2,79.2,90.0,70.0
Ireland,2023,Female,4.216,1.385,1268.426,4.918,224668.24,82.0,92.9,93.9,82.8,78.4,80.5,86.8,87.2,61.2,81.5,78.6,90.0,70.0
Ireland,2023,Male,4.266,2.531,1459.703,5.209,224668.24,82.0,92.9,93.9,82.8,78.4,80.5,86.8,87.2,61.2,81.5,78.6,90.0,70.0
Ireland,2023,Total,4.243,1.999,2728.129,5.067,224668.24,82.0,92.9,93.9,82.8,78.4,80.5,86.8,87.2,61.2,81.5,78.6,90.0,70.0
Italy,2015,Female,12.694,5.656,9379.897,20.912,127984.48,61.7,55.0,43.0,,54.2,23.2,,71.9,55.4,81.2,88.0,85.0,60.0
Italy,2015,Male,11.315,3.707,13084.308,21.971,127984.48,61.7,55.0,43.0,,54.2,23.2,,71.9,55.4,81.2,88.0,85.0,60.0
Italy,2015,Total,11.896,4.519,22464.205,21.457,127984.48,61.7,55.0,43.0,,54.2,23.2,,71.9,55.4,81.2,88.0,85.0,60.0
Italy,2016,Female,12.774,5.569,9524.57,19.693,127886.29,61.2,50.0,43.0,,55.8,22.1,,70.3,53.0,84.5,88.0,85.0,60.0
Italy,2016,Male,10.89,4.343,13232.844,20.238,127886.29,61.2,50.0,43.0,,55.8,22.1,,70.3,53.0,84.5,88.0,85.0,60.0
Italy,2016,Total,11.688,4.851,22757.414,19.974,127886.29,61.2,50.0,43.0,,55.8,22.1,,70.3,53.0,84.5,88.0,85.0,60.0
Italy,2017,Female,12.387,5.185,9673.578,19.919,128385.81,62.5,74.6,44.7,55.4,54.9,22.3,66.9,69.8,52.9,86.9,87.0,85.0,50.0
Italy,2017,Male,10.339,3.416,13348.364,20.463,128385.81,62.5,74.6,44.7,55.4,54.9,22.3,66.9,69.8,52.9,86.9,87.0,85.0,50.0
Italy,2017,Total,11.211,4.153,23021.942,20.2,128385.81,62.5,74.6,44.7,55.4,54.9,22.3,66.9,69.8,52.9,86.9,87.0,85.0,50.0
Italy,2018,Female,11.707,5.936,9680.554,19.412,128425.37,62.5,71.2,40.1,60.9,55.2,24.1,68.2,70.3,50.3,88.2,86.9,85.0,50.0
Italy,2018,Male,9.668,4.209,13303.958,19.078,128425.37,62.5,71.2,40.1,60.9,55.2,24.1,68.2,70.3,50.3,88.2,86.9,85.0,50.0
Italy,2018,Total,10.538,4.926,22984.513,19.239,128425.37,62.5,71.2,40.1,60.9,55.2,24.1,68.2,70.3,50.3,88.2,86.9,85.0,50.0
Italy,2019,Female,11.03,6.031,9776.938,18.006,128169.83,62.2,71.7,43.7,49.8,55.6,26.5,71.3,71.7,51.1,84.0,86.0,85.0,50.0
Italy,2019,Male,9.026,4.001,13359.316,18.241,128169.83,62.2,71.7,43.7,49.8,55.6,26.5,71.3,71.7,51.1,84.0,86.0,85.0,50.0
Italy,2019,Total,9.884,4.856,23136.253,18.128,128169.83,62.2,71.7,43.7,49.8,55.6,26.5,71.3,71.7,51.1,84.0,86.0,85.0,50.0
Italy,2020,Female,10.23,5.929,9502.518,18.995,119007.99,63.8,75.4,62.2,51.3,56.0,28.5,71.1,70.4,50.9,83.2,86.4,80.0,50.0
Italy,2020,Male,8.424,3.247,13115.097,19.26,119007.99,63.8,75.4,62.2,51.3,56.0,28.5,71.1,70.4,50.9,83.2,86.4,80.0,50.0
Italy,2020,Total,9.192,4.379,22617.615,19.132,119007.99,63.8,75.4,62.2,51.3,56.0,28.5,71.1,70.4,50.9,83.2,86.4,80.0,50.0
Italy,2021,Female,10.625,5.495,9510.352,20.005,128952.22,64.9,75.7,63.7,62.3,58.1,28.9,73.0,68.1,50.5,84.2,84.0,80.0,50.0
Italy,2021,Male,8.657,3.849,13043.604,19.548,128952.22,64.9,75.7,63.7,62.3,58.1,28.9,73.0,68.1,50.5,84.2,84.0,80.0,50.0
Italy,2021,Total,9.497,4.531,22553.956,19.768,128952.22,64.9,75.7,63.7,62.3,58.1,28.9,73.0,68.1,50.5,84.2,84.0,80.0,50.0
Italy,2022,Female,9.349,4.192,9749.198,15.402,131169.8,65.4,81.7,57.3,78.6,57.7,20.6,49.0,73.8,70.4,86.2,79.2,80.0,50.0
Italy,2022,Male,7.111,3.513,13350.191,16.283,131169.8,65.4,81.7,57.3,78.6,57.7,20.6,49.0,73.8,70.4,86.2,79.2,80.0,50.0
Italy,2022,Total,8.069,3.797,23099.389,15.858,131169.8,65.4,81.7,57.3,78.6,57.7,20.6,49.0,73.8,70.4,86.2,79.2,80.0,50.0
Italy,2023,Female,8.759,4.207,9988.555,12.28,129329.63,62.3,81.2,77.9,61.1,57.3,13.7,20.4,73.8,70.6,82.6,78.6,80.0,50.0
Italy,2023,Male,6.777,2.965,13591.392,13.039,129329.63,62.3,81.2,77.9,61.1,57.3,13.7,20.4,73.8,70.6,82.6,78.6,80.0,50.0
Italy,2023,Total,7.627,3.489,23579.947,12.672,129329.63,62.3,81.2,77.9,61.1,57.3,13.7,20.4,73.8,70.6,82.6,78.6,80.0,50.0
Kazakhstan,2015,Female,,,4177.8,,61832.97,,,,,,,,,,,,,
Kazakhstan,2015,Male,,,4446.0,,61832.97,,,,,,,,,,,,,
Kazakhstan,2015,Total,4.93,,8623.8,8.464,61832.97,,,,,,,,,,,,,
Kazakhstan,2016,Total,4.96,,,9.491,61976.14,,,,,,,,,,,,,
Kazakhstan,2017,Female,5.43,,4126.3,,63804.18,,,,,,,,,,,,,
Kazakhstan,2017,Male,4.4,,4458.9,,63804.18,,,,,,,,,,,,,
Kazakhstan,2017,Total,4.9,,8585.2,,63804.18,,,,,,,,,,,,,
Kazakhstan,2018,Total,4.85,,,,65645.03,,,,,,,,,,,,,
Kazakhstan,2019,Total,4.8,,,,67763.06,,,,,,,,,,,,,
Kazakhstan,2020,Female,5.37,,4212.5,,66762.9,,,,,,,,,,,,,
Kazakhstan,2020,Male,4.43,,4519.5,,66762.9,,,,,,,,,,,,,
Kazakhstan,2020,Total,4.89,,8732.0,,66762.9,,,,,,,,,,,,,
Kazakhstan,2022,Female,5.5,,4298.279,,69739.58,,,,,,,,,,,,,
Kazakhstan,2022,Male,4.26,,4673.26,,69739.58,,,,,,,,,,,,,
Kazakhstan,2022,Total,4.86,,8971.539,,69739.58,,,,,,,,,,,,,
Latvia,2015,Female,8.641,2.351,452.125,11.727,66970.45,69.7,50.0,53.0,,84.4,59.2,,82.1,61.5,83.8,88.0,85.0,50.0
Latvia,2015,Male,11.094,3.321,443.945,9.366,66970.45,69.7,50.0,53.0,,84.4,59.2,,82.1,61.5,83.8,88.0,85.0,50.0
Latvia,2015,Total,9.873,2.837,896.07,10.518,66970.45,69.7,50.0,53.0,,84.4,59.2,,82.1,61.5,83.8,88.0,85.0,50.0
Latvia,2016,Female,8.403,2.253,455.077,9.711,68887.89,70.4,50.0,55.0,,84.8,58.4,,78.6,59.5,84.8,88.0,85.0,60.0
Latvia,2016,Male,10.895,3.116,438.209,12.629,68887.89,70.4,50.0,55.0,,84.8,58.4,,78.6,59.5,84.8,88.0,85.0,60.0
Latvia,2016,Total,9.643,2.682,893.286,11.205,68887.89,70.4,50.0,55.0,,84.8,58.4,,78.6,59.5,84.8,88.0,85.0,60.0
Latvia,2017,Female,7.678,2.719,453.866,11.867,70782.62,74.8,72.6,67.3,59.7,84.7,57.4,95.0,79.8,72.0,86.5,87.0,75.0,60.0
Latvia,2017,Male,9.758,2.041,440.958,12.041,70782.62,74.8,72.6,67.3,59.7,84.7,57.4,95.0,79.8,72.0,86.5,87.0,75.0,60.0
Latvia,2017,Total,8.715,2.386,894.824,11.956,70782.62,74.8,72.6,67.3,59.7,84.7,57.4,95.0,79.8,72.0,86.5,87.0,75.0,60.0
Latvia,2018,Female,6.42,2.267,460.774,7.092,72615.86,73.6,68.3,45.4,58.9,84.0,59.0,95.3,80.1,72.5,87.3,86.9,85.0,60.0
Latvia,2018,Male,8.409,2.178,448.599,8.665,72615.86,73.6,68.3,45.4,58.9,84.0,59.0,95.3,80.1,72.5,87.3,86.9,85.0,60.0
Latvia,2018,Total,7.412,2.224,909.373,7.897,72615.86,73.6,68.3,45.4,58.9,84.0,59.0,95.3,80.1,72.5,87.3,86.9,85.0,60.0
Latvia,2019,Female,5.428,2.215,459.881,8.607,73080.48,70.4,67.3,35.5,48.4,77.0,57.1,96.9,77.5,73.3,81.1,86.0,85.0,60.0
Latvia,2019,Male,7.199,2.013,450.148,9.838,73080.48,70.4,67.3,35.5,48.4,77.0,57.1,96.9,77.5,73.3,81.1,86.0,85.0,60.0
Latvia,2019,Total,6.312,2.114,910.029,9.24,73080.48,70.4,67.3,35.5,48.4,77.0,57.1,96.9,77.5,73.3,81.1,86.0,85.0,60.0
Latvia,2020,Female,7.07,2.526,451.033,8.543,71866.01,71.9,72.3,46.4,51.1,76.9,58.3,96.5,77.0,72.4,80.2,86.4,85.0,60.0
Latvia,2020,Male,9.125,2.239,441.948,8.552,71866.01,71.9,72.3,46.4,51.1,76.9,58.3,96.5,77.0,72.4,80.2,86.4,85.0,60.0
Latvia,2020,Total,8.098,2.386,892.981,8.547,71866.01,71.9,72.3,46.4,51.1,76.9,58.3,96.5,77.0,72.4,80.2,86.4,85.0,60.0
Latvia,2021,Female,6.539,2.51,435.543,8.908,78757.28,72.3,74.7,47.7,55.9,76.7,57.6,96.6,76.5,73.8,79.6,84.0,85.0,60.0
Latvia,2021,Male,8.47,2.63,433.958,8.477,78757.28,72.3,74.7,47.7,55.9,76.7,57.6,96.6,76.5,73.8,79.6,84.0,85.0,60.0
Latvia,2021,Total,7.513,2.568,869.501,8.687,78757.28,72.3,74.7,47.7,55.9,76.7,57.6,96.6,76.5,73.8,79.6,84.0,85.0,60.0
Latvia,2022,Female,5.517,2.526,451.666,4.972,79459.68,74.8,88.5,61.1,75.1,76.4,53.2,91.4,81.9,62.4,83.8,79.2,85.0,60.0
Latvia,2022,Male,8.111,1.407,439.528,10.445,79459.68,74.8,88.5,61.1,75.1,76.4,53.2,91.4,81.9,62.4,83.8,79.2,85.0,60.0
Latvia,2022,Total,6.815,1.978,891.194,7.767,79459.68,74.8,88.5,61.1,75.1,76.4,53.2,91.4,81.9,62.4,83.8,79.2,85.0,60.0
Latvia,2023,Female,5.436,2.653,449.289,4.541,78599.7,72.8,87.3,73.0,64.7,76.2,49.0,78.9,78.2,62.6,80.1,78.6,85.0,60.0
Latvia,2023,Male,7.491,2.113,440.594,6.808,78599.7,72.8,87.3,73.0,64.7,76.2,49.0,78.9,78.2,62.6,80.1,78.6,85.0,60.0
Latvia,2023,Total,6.465,2.396,889.883,5.7,78599.7,72.8,87.3,73.0,64.7,76.2,49.0,78.9,78.2,62.6,80.1,78.6,85.0,60.0
Lithuania,2015,Female,8.161,4.25,680.84,9.316,78820.82,74.7,60.0,57.0,,92.9,61.3,,84.9,62.0,81.2,88.0,80.0,80.0
Lithuania,2015,Male,10.097,3.505,654.092,9.082,78820.82,74.7,60.0,57.0,,92.9,61.3,,84.9,62.0,81.2,88.0,80.0,80.0
Lithuania,2015,Total,9.12,3.871,1334.933,9.196,78820.82,74.7,60.0,57.0,,92.9,61.3,,84.9,62.0,81.2,88.0,80.0,80.0
Lithuania,2016,Female,6.653,4.37,698.375,8.783,79294.7,75.2,65.0,58.0,,92.9,63.8,,80.0,60.0,84.6,88.0,80.0,80.0
Lithuania,2016,Male,9.102,3.932,662.99,10.002,79294.7,75.2,65.0,58.0,,92.9,63.8,,80.0,60.0,84.6,88.0,80.0,80.0
Lithuania,2016,Total,7.862,4.151,1361.365,9.405,79294.7,75.2,65.0,58.0,,92.9,63.8,,80.0,60.0,84.6,88.0,80.0,80.0
Lithuania,2017,Female,5.676,3.24,694.828,9.228,82881.85,75.8,73.0,69.7,62.4,86.9,64.1,93.6,79.1,63.6,90.0,87.0,70.0,70.0
Lithuania,2017,Male,8.5,2.683,659.968,9.073,82881.85,75.8,73.0,69.7,62.4,86.9,64.1,93.6,79.1,63.6,90.0,87.0,70.0,70.0
Lithuania,2017,Total,7.073,2.966,1354.795,9.149,82881.85,75.8,73.0,69.7,62.4,86.9,64.1,93.6,79.1,63.6,90.0,87.0,70.0,70.0
Lithuania,2018,Female,5.409,3.413,695.658,7.61,84991.3,75.3,73.8,50.9,66.7,86.4,63.9,96.7,73.4,64.5,89.9,86.9,80.0,70.0
Lithuania,2018,Male,6.891,2.109,679.056,8.447,84991.3,75.3,73.8,50.9,66.7,86.4,63.9,96.7,73.4,64.5,89.9,86.9,80.0,70.0
Lithuania,2018,Total,6.147,2.772,1374.713,8.039,84991.3,75.3,73.8,50.9,66.7,86.4,63.9,96.7,73.4,64.5,89.9,86.9,80.0,70.0
Lithuania,2019,Female,5.494,3.524,697.505,7.529,88606.88,74.2,73.6,47.8,61.2,86.4,65.1,97.3,75.2,63.6,84.6,86.0,80.0,70.0
Lithuania,2019,Male,7.023,1.52,680.915,9.714,88606.88,74.2,73.6,47.8,61.2,86.4,65.1,97.3,75.2,63.6,84.6,86.0,80.0,70.0
Lithuania,2019,Total,6.255,2.532,1378.419,8.649,88606.88,74.2,73.6,47.8,61.2,86.4,65.1,97.3,75.2,63.6,84.6,86.0,80.0,70.0
Lithuania,2020,Female,7.691,3.515,678.237,9.193,89874.96,76.7,77.9,67.4,62.1,84.9,66.0,97.4,71.9,76.5,79.7,86.4,80.0,70.0
Lithuania,2020,Male,9.268,2.238,679.907,12.246,89874.96,76.7,77.9,67.4,62.1,84.9,66.0,97.4,71.9,76.5,79.7,86.4,80.0,70.0
Lithuania,2020,Total,8.487,2.87,1358.144,10.76,89874.96,76.7,77.9,67.4,62.1,84.9,66.0,97.4,71.9,76.5,79.7,86.4,80.0,70.0
Lithuania,2021,Female,6.606,3.099,681.241,10.901,94685.55,76.9,78.9,74.5,68.7,84.6,66.8,97.2,73.1,74.4,80.1,84.0,70.0,70.0
Lithuania,2021,Male,7.608,1.876,687.372,11.702,94685.55,76.9,78.9,74.5,68.7,84.6,66.8,97.2,73.1,74.4,80.1,84.0,70.0,70.0
Lithuania,2021,Total,7.112,2.491,1368.614,11.314,94685.55,76.9,78.9,74.5,68.7,84.6,66.8,97.2,73.1,74.4,80.1,84.0,70.0,70.0
Lithuania,2022,Female,5.487,3.322,726.272,9.121,94300.2,75.8,88.6,66.6,74.6,84.5,59.9,86.5,87.3,59.5,82.3,79.2,70.0,70.0
Lithuania,2022,Male,6.44,1.772,694.542,10.162,94300.2,75.8,88.6,66.6,74.6,84.5,59.9,86.5,87.3,59.5,82.3,79.2,70.0,70.0
Lithuania,2022,Total,5.955,2.55,1420.814,9.653,94300.2,75.8,88.6,66.6,74.6,84.5,59.9,86.5,87.3,59.5,82.3,79.2,70.0,70.0
Lithuania,2023,Female,6.376,2.983,720.879,12.595,93307.29,72.2,87.7,74.2,68.5,77.7,56.9,68.6,76.0,60.2,78.1,78.6,70.0,70.0
Lithuania,2023,Male,7.301,3.296,720.217,14.452,93307.29,72.2,87.7,74.2,68.5,77.7,56.9,68.6,76.0,60.2,78.1,78.6,70.0,70.0
Lithuania,2023,Total,6.841,3.139,1441.096,13.546,93307.29,72.2,87.7,74.2,68.5,77.7,56.9,68.6,76.0,60.2,78.1,78.6,70.0,70.0
Luxembourg,2015,Female,7.193,2.934,118.029,5.421,282999.93,73.2,90.0,80.0,,62.3,42.2,,71.3,42.1,80.7,88.0,95.0,80.0
Luxembourg,2015,Male,6.462,1.691,141.51,6.181,282999.93,73.2,90.0,80.0,,62.3,42.2,,71.3,42.1,80.7,88.0,95.0,80.0
Luxembourg,2015,Total,6.796,2.264,259.538,5.808,282999.93,73.2,90.0,80.0,,62.3,42.2,,71.3,42.1,80.7,88.0,95.0,80.0
Luxembourg,2016,Female,6.953,2.642,119.87,6.837,292075.85,73.9,90.0,82.0,,61.1,43.0,,73.7,42.6,83.2,88.0,95.0,80.0
Luxembourg,2016,Male,6.431,0.83,143.755,5.623,292075.85,73.9,90.0,82.0,,61.1,43.0,,73.7,42.6,83.2,88.0,95.0,80.0
Luxembourg,2016,Total,6.669,1.633,263.625,6.218,292075.85,73.9,90.0,82.0,,61.1,43.0,,73.7,42.6,83.2,88.0,95.0,80.0
Luxembourg,2017,Female,5.499,1.824,125.687,5.822,287201.45,75.9,85.8,78.3,77.0,64.5,46.0,99.0,68.6,43.8,86.2,87.0,95.0,80.0
Luxembourg,2017,Male,5.544,1.618,146.072,6.561,287201.45,75.9,85.8,78.3,77.0,64.5,46.0,99.0,68.6,43.8,86.2,87.0,95.0,80.0
Luxembourg,2017,Total,5.523,1.712,271.76,6.195,287201.45,75.9,85.8,78.3,77.0,64.5,46.0,99.0,68.6,43.8,86.2,87.0,95.0,80.0
Luxembourg,2018,Female,5.882,2.741,129.511,6.785,282483.13,76.4,82.7,79.0,77.9,65.1,48.5,99.0,69.2,46.2,87.6,86.9,95.0,80.0
Luxembourg,2018,Male,5.336,1.858,150.394,4.456,282483.13,76.4,82.7,79.0,77.9,65.1,48.5,99.0,69.2,46.2,87.6,86.9,95.0,80.0
Luxembourg,2018,Total,5.589,2.252,279.906,5.599,282483.13,76.4,82.7,79.0,77.9,65.1,48.5,99.0,69.2,46.2,87.6,86.9,95.0,80.0
Luxembourg,2019,Female,5.525,2.721,132.556,4.453,281355.65,75.9,83.0,85.8,72.4,65.4,46.6,98.9,68.8,45.9,82.6,86.0,95.0,80.0
Luxembourg,2019,Male,5.649,1.353,156.695,5.085,281355.65,75.9,83.0,85.8,72.4,65.4,46.6,98.9,68.8,45.9,82.6,86.0,95.0,80.0
Luxembourg,2019,Total,5.592,1.993,289.251,4.775,281355.65,75.9,83.0,85.8,72.4,65.4,46.6,98.9,68.8,45.9,82.6,86.0,95.0,80.0
Luxembourg,2020,Female,6.954,2.311,135.994,5.153,277483.7,75.8,86.4,90.3,74.4,64.1,45.4,99.0,66.8,45.3,76.4,86.4,95.0,80.0
Luxembourg,2020,Male,6.602,2.332,156.337,8.207,277483.7,75.8,86.4,90.3,74.4,64.1,45.4,99.0,66.8,45.3,76.4,86.4,95.0,80.0
Luxembourg,2020,Total,6.766,2.322,292.331,6.712,277483.7,75.8,86.4,90.3,74.4,64.1,45.4,99.0,66.8,45.3,76.4,86.4,95.0,80.0
Luxembourg,2021,Female,6.006,3.635,141.653,8.595,282555.78,76.0,85.7,92.5,77.6,63.4,46.2,99.0,66.1,45.9,76.5,84.0,95.0,80.0
Luxembourg,2021,Male,5.196,2.831,165.541,10.994,282555.78,76.0,85.7,92.5,77.6,63.4,46.2,99.0,66.1,45.9,76.5,84.0,95.0,80.0
Luxembourg,2021,Total,5.571,3.192,307.194,9.827,282555.78,76.0,85.7,92.5,77.6,63.4,46.2,99.0,66.1,45.9,76.5,84.0,95.0,80.0
Luxembourg,2022,Female,4.739,2.47,145.494,9.67,280118.87,80.6,97.4,89.5,96.4,64.1,41.5,98.7,89.3,56.3,80.1,79.2,95.0,80.0
Luxembourg,2022,Male,4.455,0.779,166.344,10.252,280118.87,80.6,97.4,89.5,96.4,64.1,41.5,98.7,89.3,56.3,80.1,79.2,95.0,80.0
Luxembourg,2022,Total,4.588,1.545,311.838,9.969,280118.87,80.6,97.4,89.5,96.4,64.1,41.5,98.7,89.3,56.3,80.1,79.2,95.0,80.0
Luxembourg,2023,Female,5.435,4.232,149.166,10.513,271071.14,78.4,96.8,96.5,89.7,64.8,41.6,80.0,85.5,56.8,75.1,78.6,95.0,80.0
Luxembourg,2023,Male,4.966,2.784,172.535,5.967,271071.14,78.4,96.8,96.5,89.7,64.8,41.6,80.0,85.5,56.8,75.1,78.6,95.0,80.0
Luxembourg,2023,Total,5.184,3.462,321.701,8.184,271071.14,78.4,96.8,96.5,89.7,64.8,41.6,80.0,85.5,56.8,75.1,78.6,95.0,80.0
Malta,2015,Female,5.389,0.759,77.061,11.871,101309.44,66.5,75.0,56.0,,63.1,44.4,,61.0,55.6,81.8,88.0,80.0,60.0
Malta,2015,Male,5.388,0.908,120.846,9.298,101309.44,66.5,75.0,56.0,,63.1,44.4,,61.0,55.6,81.8,88.0,80.0,60.0
Malta,2015,Total,5.389,0.849,197.907,10.538,101309.44,66.5,75.0,56.0,,63.1,44.4,,61.0,55.6,81.8,88.0,80.0,60.0
Malta,2016,Female,5.166,0.626,81.99,10.802,100511.31,66.7,70.0,55.0,,63.9,46.5,,61.6,53.5,83.5,88.0,85.0,60.0
Malta,2016,Male,4.384,0.99,125.804,6.855,100511.31,66.7,70.0,55.0,,63.9,46.5,,61.6,53.5,83.5,88.0,85.0,60.0
Malta,2016,Total,4.694,0.845,207.795,8.758,100511.31,66.7,70.0,55.0,,63.9,46.5,,61.6,53.5,83.5,88.0,85.0,60.0
Malta,2017,Female,4.255,0.493,87.971,8.77,105407.03,67.7,67.7,53.6,62.9,62.8,44.9,85.1,62.5,57.2,83.5,87.0,85.0,60.0
Malta,2017,Male,3.843,1.317,132.197,8.414,105407.03,67.7,67.7,53.6,62.9,62.8,44.9,85.1,62.5,57.2,83.5,87.0,85.0,60.0
Malta,2017,Total,4.008,0.987,220.168,8.585,105407.03,67.7,67.7,53.6,62.9,62.8,44.9,85.1,62.5,57.2,83.5,87.0,85.0,60.0
Malta,2018,Female,3.713,0.572,95.653,7.899,104747.36,68.5,68.1,49.9,62.8,64.7,51.0,90.0,64.0,61.1,78.8,86.9,85.0,60.0
Malta,2018,Male,4.121,0.746,140.691,6.901,104747.36,68.5,68.1,49.9,62.8,64.7,51.0,90.0,64.0,61.1,78.8,86.9,85.0,60.0
Malta,2018,Total,3.956,0.677,236.344,7.365,104747.36,68.5,68.1,49.9,62.8,64.7,51.0,90.0,64.0,61.1,78.8,86.9,85.0,60.0
Malta,2019,Female,4.681,0.801,99.772,9.997,105056.61,68.6,69.8,50.3,50.4,64.2,56.1,94.5,67.1,61.3,78.2,86.0,85.0,60.0
Malta,2019,Male,3.68,0.511,151.415,8.358,105056.61,68.6,69.8,50.3,50.4,64.2,56.1,94.5,67.1,61.3,78.2,86.0,85.0,60.0
Malta,2019,Total,4.08,0.627,251.188,9.113,105056.61,68.6,69.8,50.3,50.4,64.2,56.1,94.5,67.1,61.3,78.2,86.0,85.0,60.0
Malta,2020,Female,5.146,0.698,104.095,8.032,92724.75,69.5,70.5,55.1,49.6,64.8,60.0,95.9,68.0,61.1,77.1,86.4,85.0,60.0
Malta,2020,Male,4.659,0.583,153.803,11.003,92724.75,69.5,70.5,55.1,49.6,64.8,60.0,95.9,68.0,61.1,77.1,86.4,85.0,60.0
Malta,2020,Total,4.856,0.629,257.898,9.638,92724.75,69.5,70.5,55.1,49.6,64.8,60.0,95.9,68.0,61.1,77.1,86.4,85.0,60.0
Malta,2021,Female,3.564,,108.244,11.731,100529.98,70.2,68.2,55.0,57.3,68.6,60.9,96.3,67.6,61.8,77.1,84.0,85.0,60.0
Malta,2021,Male,3.884,,157.398,11.506,100529.98,70.2,68.2,55.0,57.3,68.6,60.9,96.3,67.6,61.8,77.1,84.0,85.0,60.0
Malta,2021,Total,3.754,,265.641,11.61,100529.98,70.2,68.2,55.0,57.3,68.6,60.9,96.3,67.6,61.8,77.1,84.0,85.0,60.0
Malta,2022,Female,3.14,,117.609,6.269,101913.59,71.5,87.8,55.8,89.9,69.0,54.6,86.2,75.5,61.8,78.5,79.2,70.0,50.0
Malta,2022,Male,3.704,,165.622,6.097,101913.59,71.5,87.8,55.8,89.9,69.0,54.6,86.2,75.5,61.8,78.5,79.2,70.0,50.0
Malta,2022,Total,3.471,,283.23,6.177,101913.59,71.5,87.8,55.8,89.9,69.0,54.6,86.2,75.5,61.8,78.5,79.2,70.0,50.0
Malta,2023,Female,3.197,,123.338,7.738,108845.85,67.5,86.9,90.8,57.4,69.9,45.9,43.5,75.5,62.7,79.3,78.6,70.0,50.0
Malta,2023,Male,3.672,,178.969,8.006,108845.85,67.5,86.9,90.8,57.4,69.9,45.9,43.5,75.5,62.7,79.3,78.6,70.0,50.0
Malta,2023,Total,3.479,,302.307,7.882,108845.85,67.5,86.9,90.8,57.4,69.9,45.9,43.5,75.5,62.7,79.3,78.6,70.0,50.0
Monaco,2016,Female,8.68,,,,,,,,,,,,,,,,,
Monaco,2016,Male,4.58,,,,,,,,,,,,,,,,,
Monaco,2016,Total,6.33,,,,,,,,,,,,,,,,,
Montenegro,2015,Female,17.307,,100.948,18.276,60914.5,64.7,40.0,44.0,,92.6,36.7,,77.1,77.5,79.7,84.8,65.0,50.0
Montenegro,2015,Male,17.76,,120.753,19.976,60914.5,64.7,40.0,44.0,,92.6,36.7,,77.1,77.5,79.7,84.8,65.0,50.0
Montenegro,2015,Total,17.555,,221.701,19.154,60914.5,64.7,40.0,44.0,,92.6,36.7,,77.1,77.5,79.7,84.8,65.0,50.0
Montenegro,2016,Female,17.096,,100.913,18.028,62748.25,64.9,40.0,42.0,,91.6,39.8,,76.6,72.0,82.6,84.8,70.0,50.0
Montenegro,2016,Male,18.246,,123.293,18.745,62748.25,64.9,40.0,42.0,,91.6,39.8,,76.6,72.0,82.6,84.8,70.0,50.0
Montenegro,2016,Total,17.732,,224.206,18.398,62748.25,64.9,40.0,42.0,,91.6,39.8,,76.6,72.0,82.6,84.8,70.0,50.0
Montenegro,2017,Female,16.956,,100.774,17.052,64928.77,62.0,58.0,43.4,50.4,83.1,33.1,44.3,72.0,67.4,82.5,84.7,75.0,50.0
Montenegro,2017,Male,15.385,,128.514,16.347,64928.77,62.0,58.0,43.4,50.4,83.1,33.1,44.3,72.0,67.4,82.5,84.7,75.0,50.0
Montenegro,2017,Total,16.082,,229.288,16.687,64928.77,62.0,58.0,43.4,50.4,83.1,33.1,44.3,72.0,67.4,82.5,84.7,75.0,50.0
Montenegro,2018,Female,15.12,,104.248,13.736,66760.37,64.3,54.2,38.1,51.3,85.2,35.7,69.1,72.9,70.9,84.9,84.7,75.0,50.0
Montenegro,2018,Male,15.245,,133.179,18.68,66760.37,64.3,54.2,38.1,51.3,85.2,35.7,69.1,72.9,70.9,84.9,84.7,75.0,50.0
Montenegro,2018,Total,15.19,,237.427,16.298,66760.37,64.3,54.2,38.1,51.3,85.2,35.7,69.1,72.9,70.9,84.9,84.7,75.0,50.0
Montenegro,2019,Female,15.694,,107.469,15.772,68604.59,60.5,55.4,39.5,51.8,85.3,32.6,23.2,73.3,73.4,81.6,84.7,75.0,50.0
Montenegro,2019,Male,14.677,,136.323,18.804,68604.59,60.5,55.4,39.5,51.8,85.3,32.6,23.2,73.3,73.4,81.6,84.7,75.0,50.0
Montenegro,2019,Total,15.128,,243.792,17.344,68604.59,60.5,55.4,39.5,51.8,85.3,32.6,23.2,73.3,73.4,81.6,84.7,75.0,50.0
Montenegro,2020,Female,18.382,,96.767,20.649,65453.73,61.5,59.1,47.5,55.3,85.4,32.1,23.4,70.8,74.8,80.3,83.8,75.0,50.0
Montenegro,2020,Male,17.475,,122.582,21.507,65453.73,61.5,59.1,47.5,55.3,85.4,32.1,23.4,70.8,74.8,80.3,83.8,75.0,50.0
Montenegro,2020,Total,17.878,,219.349,21.094,65453.73,61.5,59.1,47.5,55.3,85.4,32.1,23.4,70.8,74.8,80.3,83.8,75.0,50.0
Montenegro,2021,Female,15.843,,95.867,16.425,76806.79,63.4,57.8,51.0,56.2,83.6,35.3,37.2,73.5,78.0,83.4,79.4,75.0,50.0
Montenegro,2021,Male,17.107,,117.146,24.613,76806.79,63.4,57.8,51.0,56.2,83.6,35.3,37.2,73.5,78.0,83.4,79.4,75.0,50.0
Montenegro,2021,Total,16.543,,213.013,20.657,76806.79,63.4,57.8,51.0,56.2,83.6,35.3,37.2,73.5,78.0,83.4,79.4,75.0,50.0
Montenegro,2022,Female,13.008,,115.841,18.397,78270.43,57.8,61.3,46.4,43.0,83.9,29.5,11.9,67.1,61.7,85.6,78.8,75.0,50.0
Montenegro,2022,Male,16.368,,135.402,21.735,78270.43,57.8,61.3,46.4,43.0,83.9,29.5,11.9,67.1,61.7,85.6,78.8,75.0,50.0
Montenegro,2022,Total,14.851,,251.243,20.133,78270.43,57.8,61.3,46.4,43.0,83.9,29.5,11.9,67.1,61.7,85.6,78.8,75.0,50.0
Montenegro,2023,Female,14.167,,125.978,17.717,80270.62,60.9,59.7,41.2,47.0,88.2,31.7,48.1,67.3,61.6,81.8,79.2,75.0,50.0
Montenegro,2023,Male,12.283,,152.309,17.533,80270.62,60.9,59.7,41.2,47.0,88.2,31.7,48.1,67.3,61.6,81.8,79.2,75.0,50.0
Montenegro,2023,Total,13.146,,278.286,17.621,80270.62,60.9,59.7,41.2,47.0,88.2,31.7,48.1,67.3,61.6,81.8,79.2,75.0,50.0
Netherlands,2015,Female,7.274,3.518,3835.563,3.933,120067.81,73.7,90.0,83.0,,51.8,23.8,,84.3,66.3,79.8,88.0,90.0,80.0
Netherlands,2015,Male,6.525,3.04,4483.421,4.497,120067.81,73.7,90.0,83.0,,51.8,23.8,,84.3,66.3,79.8,88.0,90.0,80.0
Netherlands,2015,Total,6.872,3.253,8318.985,4.22,120067.81,73.7,90.0,83.0,,51.8,23.8,,84.3,66.3,79.8,88.0,90.0,80.0
Netherlands,2016,Female,6.501,3.342,3894.419,4.675,120925.48,74.6,90.0,83.0,,52.7,34.4,,80.0,64.0,83.4,88.0,90.0,80.0
Netherlands,2016,Male,5.579,2.356,4531.236,4.516,120925.48,74.6,90.0,83.0,,52.7,34.4,,80.0,64.0,83.4,88.0,90.0,80.0
Netherlands,2016,Total,6.007,2.805,8425.655,4.594,120925.48,74.6,90.0,83.0,,52.7,34.4,,80.0,64.0,83.4,88.0,90.0,80.0
Netherlands,2017,Female,5.256,3.721,3986.749,3.8,122146.33,75.8,87.4,85.7,69.9,53.2,37.0,83.0,80.2,70.5,85.8,87.0,90.0,80.0
Netherlands,2017,Male,4.473,3.094,4621.195,4.554,122146.33,75.8,87.4,85.7,69.9,53.2,37.0,83.0,80.2,70.5,85.8,87.0,90.0,80.0
Netherlands,2017,Total,4.837,3.385,8607.945,4.182,122146.33,75.8,87.4,85.7,69.9,53.2,37.0,83.0,80.2,70.5,85.8,87.0,90.0,80.0
Netherlands,2018,Female,3.956,4.148,4093.958,3.884,122220.09,76.2,87.9,86.0,74.1,52.5,39.1,88.2,80.5,61.5,87.5,86.9,90.0,80.0
Netherlands,2018,Male,3.723,2.888,4701.486,4.165,122220.09,76.2,87.9,86.0,74.1,52.5,39.1,88.2,80.5,61.5,87.5,86.9,90.0,80.0
Netherlands,2018,Total,3.832,3.479,8795.445,4.027,122220.09,76.2,87.9,86.0,74.1,52.5,39.1,88.2,80.5,61.5,87.5,86.9,90.0,80.0
Netherlands,2019,Female,3.355,3.205,4199.018,4.107,122334.82,76.8,88.0,89.1,74.7,51.6,42.9,93.3,81.4,60.3,84.0,86.0,90.0,80.0
Netherlands,2019,Male,3.4,2.704,4785.66,4.401,122334.82,76.8,88.0,89.1,74.7,51.6,42.9,93.3,81.4,60.3,84.0,86.0,90.0,80.0
Netherlands,2019,Total,3.379,2.939,8984.678,4.256,122334.82,76.8,88.0,89.1,74.7,51.6,42.9,93.3,81.4,60.3,84.0,86.0,90.0,80.0
Netherlands,2020,Female,3.953,3.648,4203.456,4.113,117523.24,77.0,90.0,90.1,73.9,51.7,45.2,94.1,80.4,60.2,82.5,86.4,90.0,80.0
Netherlands,2020,Male,3.703,2.651,4774.627,5.213,117523.24,77.0,90.0,90.1,73.9,51.7,45.2,94.1,80.4,60.2,82.5,86.4,90.0,80.0
Netherlands,2020,Total,3.82,3.115,8978.084,4.673,117523.24,77.0,90.0,90.1,73.9,51.7,45.2,94.1,80.4,60.2,82.5,86.4,90.0,80.0
Netherlands,2021,Female,4.499,3.181,4374.442,2.705,124476.34,76.8,88.9,90.6,72.8,51.7,47.7,95.3,80.5,60.1,80.4,84.0,90.0,80.0
Netherlands,2021,Male,3.949,1.814,4910.047,3.439,124476.34,76.8,88.9,90.6,72.8,51.7,47.7,95.3,80.5,60.1,80.4,84.0,90.0,80.0
Netherlands,2021,Total,4.209,2.454,9284.489,3.079,124476.34,76.8,88.9,90.6,72.8,51.7,47.7,95.3,80.5,60.1,80.4,84.0,90.0,80.0
Netherlands,2022,Female,3.814,3.053,4509.772,3.472,127020.65,79.5,96.2,92.3,96.9,51.2,45.4,93.6,88.1,58.9,82.1,79.2,90.0,80.0
Netherlands,2022,Male,3.268,1.897,5073.281,3.053,127020.65,79.5,96.2,92.3,96.9,51.2,45.4,93.6,88.1,58.9,82.1,79.2,90.0,80.0
Netherlands,2022,Total,3.526,2.445,9583.053,3.259,127020.65,79.5,96.2,92.3,96.9,51.2,45.4,93.6,88.1,58.9,82.1,79.2,90.0,80.0
Netherlands,2023,Female,3.744,2.938,4601.645,3.923,124667.45,78.0,95.6,96.6,91.0,51.0,37.9,90.8,84.4,59.3,80.2,78.6,90.0,80.0
Netherlands,2023,Male,3.348,2.045,5183.899,3.517,124667.45,78.0,95.6,96.6,91.0,51.0,37.9,90.8,84.4,59.3,80.2,78.6,90.0,80.0
Netherlands,2023,Total,3.535,2.467,9785.544,3.717,124667.45,78.0,95.6,96.6,91.0,51.0,37.9,90.8,84.4,59.3,80.2,78.6,90.0,80.0
North Macedonia,2015,Female,25.329,17.523,281.071,25.01,57546.25,67.1,35.0,44.0,,91.4,65.6,,79.2,70.7,79.0,86.2,60.0,60.0
North Macedonia,2015,Male,27.087,20.503,422.621,24.809,57546.25,67.1,35.0,44.0,,91.4,65.6,,79.2,70.7,79.0,86.2,60.0,60.0
North Macedonia,2015,Total,26.395,19.312,703.692,24.907,57546.25,67.1,35.0,44.0,,91.4,65.6,,79.2,70.7,79.0,86.2,60.0,60.0
North Macedonia,2016,Female,23.218,14.568,283.014,25.471,58543.08,67.5,35.0,45.0,,92.1,69.6,,76.4,66.7,83.5,86.4,60.0,60.0
North Macedonia,2016,Male,25.003,19.141,437.845,24.18,58543.08,67.5,35.0,45.0,,92.1,69.6,,76.4,66.7,83.5,86.4,60.0,60.0
North Macedonia,2016,Total,24.312,17.346,720.859,24.807,58543.08,67.5,35.0,45.0,,92.1,69.6,,76.4,66.7,83.5,86.4,60.0,60.0
North Macedonia,2017,Female,22.316,15.05,288.943,26.62,58811.39,70.7,67.0,52.0,61.4,91.9,68.9,72.6,81.5,66.7,80.8,86.1,60.0,60.0
North Macedonia,2017,Male,23.204,18.142,445.655,24.142,58811.39,70.7,67.0,52.0,61.4,91.9,68.9,72.6,81.5,66.7,80.8,86.1,60.0,60.0
North Macedonia,2017,Total,22.857,16.926,734.598,25.344,58811.39,70.7,67.0,52.0,61.4,91.9,68.9,72.6,81.5,66.7,80.8,86.1,60.0,60.0
North Macedonia,2018,Female,20.282,14.362,298.538,25.504,60160.71,71.3,64.8,47.4,57.0,91.6,70.3,78.1,82.9,69.0,81.8,87.8,65.0,60.0
North Macedonia,2018,Male,21.81,18.041,450.455,23.548,60160.71,71.3,64.8,47.4,57.0,91.6,70.3,78.1,82.9,69.0,81.8,87.8,65.0,60.0
North Macedonia,2018,Total,21.208,16.574,748.994,24.496,60160.71,71.3,64.8,47.4,57.0,91.6,70.3,78.1,82.9,69.0,81.8,87.8,65.0,60.0
North Macedonia,2019,Female,18.506,11.671,318.687,19.72,59997.24,71.1,65.1,44.7,60.7,91.8,70.0,82.9,80.2,71.5,78.7,82.0,65.0,60.0
North Macedonia,2019,Male,16.662,15.551,473.851,17.683,59997.24,71.1,65.1,44.7,60.7,91.8,70.0,82.9,80.2,71.5,78.7,82.0,65.0,60.0
North Macedonia,2019,Total,17.414,13.991,792.538,18.669,59997.24,71.1,65.1,44.7,60.7,91.8,70.0,82.9,80.2,71.5,78.7,82.0,65.0,60.0
North Macedonia,2020,Female,16.111,9.393,321.947,19.959,58371.21,69.5,62.5,42.2,42.7,91.5,71.0,87.7,80.6,67.0,77.7,86.2,65.0,60.0
North Macedonia,2020,Male,16.891,13.373,467.482,19.736,58371.21,69.5,62.5,42.2,42.7,91.5,71.0,87.7,80.6,67.0,77.7,86.2,65.0,60.0
North Macedonia,2020,Total,16.575,11.75,789.429,19.844,58371.21,69.5,62.5,42.2,42.7,91.5,71.0,87.7,80.6,67.0,77.7,86.2,65.0,60.0
North Macedonia,2021,Female,14.651,9.062,321.039,17.829,61714.71,68.6,62.6,41.9,40.4,94.9,71.0,87.8,77.8,65.2,78.7,77.4,65.0,60.0
North Macedonia,2021,Male,16.57,10.851,469.288,18.764,61714.71,68.6,62.6,41.9,40.4,94.9,71.0,87.8,77.8,65.2,78.7,77.4,65.0,60.0
North Macedonia,2021,Total,15.801,10.124,790.327,18.311,61714.71,68.6,62.6,41.9,40.4,94.9,71.0,87.8,77.8,65.2,78.7,77.4,65.0,60.0
North Macedonia,2022,Female,12.496,8.544,286.359,18.742,60912.91,65.7,57.4,38.7,50.2,95.0,67.7,69.8,74.4,54.1,78.3,77.8,65.0,60.0
North Macedonia,2022,Male,15.838,11.514,400.687,18.128,60912.91,65.7,57.4,38.7,50.2,95.0,67.7,69.8,74.4,54.1,78.3,77.8,65.0,60.0
North Macedonia,2022,Total,14.476,10.276,687.047,18.427,60912.91,65.7,57.4,38.7,50.2,95.0,67.7,69.8,74.4,54.1,78.3,77.8,65.0,60.0
North Macedonia,2023,Female,11.437,6.642,290.697,19.596,61187.42,63.7,58.9,50.5,40.1,95.0,63.9,51.4,74.1,52.7,75.0,77.8,65.0,60.0
North Macedonia,2023,Male,14.414,11.945,393.405,18.689,61187.42,63.7,58.9,50.5,40.1,95.0,63.9,51.4,74.1,52.7,75.0,77.8,65.0,60.0
North Macedonia,2023,Total,13.174,9.692,684.102,19.131,61187.42,63.7,58.9,50.5,40.1,95.0,63.9,51.4,74.1,52.7,75.0,77.8,65.0,60.0
Norway,2015,Female,3.998,2.39,1246.289,5.529,166060.63,71.8,90.0,86.0,,52.1,43.8,,92.1,48.2,81.7,89.4,75.0,60.0
Norway,2015,Male,4.56,2.562,1394.741,6.908,166060.63,71.8,90.0,86.0,,52.1,43.8,,92.1,48.2,81.7,89.4,75.0,60.0
Norway,2015,Total,4.296,2.48,2641.03,6.239,166060.63,71.8,90.0,86.0,,52.1,43.8,,92.1,48.2,81.7,89.4,75.0,60.0
Norway,2016,Female,3.912,1.992,1250.72,6.164,167541.77,70.8,90.0,86.0,,53.2,41.8,,89.6,48.5,76.2,87.8,75.0,60.0
Norway,2016,Male,5.362,2.005,1387.431,6.691,167541.77,70.8,90.0,86.0,,53.2,41.8,,89.6,48.5,76.2,87.8,75.0,60.0
Norway,2016,Total,4.68,1.998,2638.152,6.434,167541.77,70.8,90.0,86.0,,53.2,41.8,,89.6,48.5,76.2,87.8,75.0,60.0
Norway,2017,Female,3.696,1.78,1252.073,5.662,171296.01,74.0,86.7,88.3,83.3,55.6,38.5,98.4,89.5,48.8,75.8,87.7,75.0,60.0
Norway,2017,Male,4.582,2.128,1391.798,6.135,171296.01,74.0,86.7,88.3,83.3,55.6,38.5,98.4,89.5,48.8,75.8,87.7,75.0,60.0
Norway,2017,Total,4.164,1.964,2643.871,5.905,171296.01,74.0,86.7,88.3,83.3,55.6,38.5,98.4,89.5,48.8,75.8,87.7,75.0,60.0
Norway,2018,Female,3.538,2.234,1265.209,4.936,170456.83,74.3,86.4,93.6,86.0,56.4,29.2,97.8,90.4,54.6,73.9,87.9,75.0,60.0
Norway,2018,Male,4.034,2.035,1420.637,6.16,170456.83,74.3,86.4,93.6,86.0,56.4,29.2,97.8,90.4,54.6,73.9,87.9,75.0,60.0
Norway,2018,Total,3.801,2.128,2685.845,5.566,170456.83,74.3,86.4,93.6,86.0,56.4,29.2,97.8,90.4,54.6,73.9,87.9,75.0,60.0
Norway,2019,Female,3.392,2.473,1279.237,5.187,169809.0,73.0,86.1,92.3,81.2,57.4,25.3,97.3,89.4,53.7,75.4,83.2,75.0,60.0
Norway,2019,Male,3.943,1.901,1436.288,5.686,169809.0,73.0,86.1,92.3,81.2,57.4,25.3,97.3,89.4,53.7,75.4,83.2,75.0,60.0
Norway,2019,Total,3.684,2.166,2715.524,5.443,169809.0,73.0,86.1,92.3,81.2,57.4,25.3,97.3,89.4,53.7,75.4,83.2,75.0,60.0
Norway,2020,Female,4.133,2.096,1271.888,5.142,167818.76,73.4,84.3,95.6,82.8,57.7,25.6,97.3,86.1,57.4,74.8,83.8,75.0,60.0
Norway,2020,Male,4.681,1.86,1430.13,7.105,167818.76,73.4,84.3,95.6,82.8,57.7,25.6,97.3,86.1,57.4,74.8,83.8,75.0,60.0
Norway,2020,Total,4.424,1.969,2702.018,6.152,167818.76,73.4,84.3,95.6,82.8,57.7,25.6,97.3,86.1,57.4,74.8,83.8,75.0,60.0
Norway,2021,Female,4.119,2.0,1328.272,5.95,171551.1,73.4,82.4,95.8,86.3,57.1,25.3,96.6,85.5,57.8,75.4,84.0,75.0,60.0
Norway,2021,Male,4.573,1.735,1478.821,7.398,171551.1,73.4,82.4,95.8,86.3,57.1,25.3,96.6,85.5,57.8,75.4,84.0,75.0,60.0
Norway,2021,Total,4.359,1.854,2807.094,6.692,171551.1,73.4,82.4,95.8,86.3,57.1,25.3,96.6,85.5,57.8,75.4,84.0,75.0,60.0
Norway,2022,Female,3.067,1.85,1350.05,5.556,172011.91,76.9,99.6,96.0,97.3,56.4,19.5,96.6,91.4,68.8,76.9,85.4,75.0,60.0
Norway,2022,Male,3.376,1.604,1512.823,6.862,172011.91,76.9,99.6,96.0,97.3,56.4,19.5,96.6,91.4,68.8,76.9,85.4,75.0,60.0
Norway,2022,Total,3.231,1.715,2862.873,6.225,172011.91,76.9,99.6,96.0,97.3,56.4,19.5,96.6,91.4,68.8,76.9,85.4,75.0,60.0
Norway,2023,Female,3.455,1.376,1364.493,5.507,172330.35,76.9,98.9,97.2,96.2,57.4,18.7,96.2,95.2,69.2,74.4,84.6,75.0,60.0
Norway,2023,Male,3.681,1.113,1527.175,5.918,172330.35,76.9,98.9,97.2,96.2,57.4,18.7,96.2,95.2,69.2,74.4,84.6,75.0,60.0
Norway,2023,Total,3.574,1.233,2891.668,5.717,172330.35,76.9,98.9,97.2,96.2,57.4,18.7,96.2,95.2,69.2,74.4,84.6,75.0,60.0
Poland,2015,Female,7.644,15.854,7216.827,11.609,71203.05,68.6,60.0,60.0,,82.1,47.1,,67.3,60.4,81.3,88.0,70.0,70.0
Poland,2015,Male,7.335,11.523,8866.402,12.059,71203.05,68.6,60.0,60.0,,82.1,47.1,,67.3,60.4,81.3,88.0,70.0,70.0
Poland,2015,Total,7.475,13.527,16083.23,11.841,71203.05,68.6,60.0,60.0,,82.1,47.1,,67.3,60.4,81.3,88.0,70.0,70.0
Poland,2016,Female,6.175,15.572,7263.66,12.103,72049.62,69.3,65.0,61.0,,75.5,46.5,,68.7,58.0,85.2,88.0,75.0,70.0
Poland,2016,Male,6.114,10.713,8932.417,11.012,72049.62,69.3,65.0,61.0,,75.5,46.5,,68.7,58.0,85.2,88.0,75.0,70.0
Poland,2016,Total,6.141,12.988,16196.077,11.544,72049.62,69.3,65.0,61.0,,75.5,46.5,,68.7,58.0,85.2,88.0,75.0,70.0
Poland,2017,Female,4.861,13.537,7357.046,11.793,74465.58,68.3,60.8,55.5,58.0,76.0,46.9,76.1,67.8,61.5,84.7,87.0,75.0,70.0
Poland,2017,Male,4.872,8.535,9065.17,9.438,74465.58,68.3,60.8,55.5,58.0,76.0,46.9,76.1,67.8,61.5,84.7,87.0,75.0,70.0
Poland,2017,Total,4.867,10.882,16422.216,10.585,74465.58,68.3,60.8,55.5,58.0,76.0,46.9,76.1,67.8,61.5,84.7,87.0,75.0,70.0
Poland,2018,Female,3.821,13.496,7406.934,11.475,78187.01,68.5,61.8,50.9,56.6,75.9,47.8,81.5,67.2,63.9,85.0,86.9,75.0,70.0
Poland,2018,Male,3.846,8.932,9077.092,8.55,78187.01,68.5,61.8,50.9,56.6,75.9,47.8,81.5,67.2,63.9,85.0,86.9,75.0,70.0
Poland,2018,Total,3.835,11.092,16484.025,9.974,78187.01,68.5,61.8,50.9,56.6,75.9,47.8,81.5,67.2,63.9,85.0,86.9,75.0,70.0
Poland,2019,Female,3.57,12.076,7550.777,10.835,81424.55,67.8,62.3,49.8,44.0,74.9,48.8,86.4,65.4,63.9,82.1,86.0,80.0,70.0
Poland,2019,Male,3.02,6.561,9371.047,8.376,81424.55,67.8,62.3,49.8,44.0,74.9,48.8,86.4,65.4,63.9,82.1,86.0,80.0,70.0
Poland,2019,Total,3.267,9.213,16921.824,9.573,81424.55,67.8,62.3,49.8,44.0,74.9,48.8,86.4,65.4,63.9,82.1,86.0,80.0,70.0
Poland,2020,Female,3.276,12.387,7552.902,11.039,79971.08,69.1,63.1,64.6,42.8,74.7,48.8,92.2,62.6,62.0,82.0,86.4,80.0,70.0
Poland,2020,Male,3.057,6.681,9394.857,9.283,79971.08,69.1,63.1,64.6,42.8,74.7,48.8,92.2,62.6,62.0,82.0,86.4,80.0,70.0
Poland,2020,Total,3.155,9.373,16947.759,10.136,79971.08,69.1,63.1,64.6,42.8,74.7,48.8,92.2,62.6,62.0,82.0,86.4,80.0,70.0
Poland,2021,Female,3.282,12.682,7763.675,13.387,84192.83,69.7,63.3,65.0,48.9,73.9,48.1,94.6,61.6,66.1,80.8,84.0,80.0,70.0
Poland,2021,Male,3.256,8.713,9397.524,11.555,84192.83,69.7,63.3,65.0,48.9,73.9,48.1,94.6,61.6,66.1,80.8,84.0,80.0,70.0
Poland,2021,Total,3.268,10.569,17161.199,12.445,84192.83,69.7,63.3,65.0,48.9,73.9,48.1,94.6,61.6,66.1,80.8,84.0,80.0,70.0
Poland,2022,Female,2.851,12.108,7858.376,11.235,87213.14,68.7,72.3,60.6,54.7,73.6,41.9,78.3,78.7,55.7,79.1,79.2,80.0,70.0
Poland,2022,Male,2.778,7.768,9392.513,9.805,87213.14,68.7,72.3,60.6,54.7,73.6,41.9,78.3,78.7,55.7,79.1,79.2,80.0,70.0
Poland,2022,Total,2.811,9.778,17250.889,10.5,87213.14,68.7,72.3,60.6,54.7,73.6,41.9,78.3,78.7,55.7,79.1,79.2,80.0,70.0
Poland,2023,Female,2.788,9.198,7945.022,10.364,85743.7,67.7,72.7,52.7,60.2,73.2,40.0,78.1,74.8,55.4,76.7,78.6,80.0,70.0
Poland,2023,Male,2.704,6.295,9361.739,10.115,85743.7,67.7,72.7,52.7,60.2,73.2,40.0,78.1,74.8,55.4,76.7,78.6,80.0,70.0
Poland,2023,Total,2.743,7.672,17306.761,10.236,85743.7,67.7,72.7,52.7,60.2,73.2,40.0,78.1,74.8,55.4,76.7,78.6,80.0,70.0
Portugal,2015,Female,12.669,7.194,2215.51,12.014,81594.29,65.3,70.0,62.0,,61.1,28.8,,87.5,42.9,82.8,88.0,70.0,60.0
Portugal,2015,Male,12.153,6.714,2340.267,10.334,81594.29,65.3,70.0,62.0,,61.1,28.8,,87.5,42.9,82.8,88.0,70.0,60.0
Portugal,2015,Total,12.405,6.953,4555.777,11.161,81594.29,65.3,70.0,62.0,,61.1,28.8,,87.5,42.9,82.8,88.0,70.0,60.0
Portugal,2016,Female,11.122,6.958,2246.165,10.226,82166.46,65.1,70.0,63.0,,60.5,24.8,,85.3,43.5,85.7,88.0,70.0,60.0
Portugal,2016,Male,10.996,5.418,2371.951,10.678,82166.46,65.1,70.0,63.0,,60.5,24.8,,85.3,43.5,85.7,88.0,70.0,60.0
Portugal,2016,Total,11.058,6.186,4618.116,10.456,82166.46,65.1,70.0,63.0,,60.5,24.8,,85.3,43.5,85.7,88.0,70.0,60.0
Portugal,2017,Female,9.363,6.859,2314.824,9.539,82303.66,62.6,73.3,59.0,68.9,59.8,25.1,32.1,86.4,43.4,85.9,87.0,70.0,60.0
Portugal,2017,Male,8.416,6.682,2456.64,9.12,82303.66,62.6,73.3,59.0,68.9,59.8,25.1,32.1,86.4,43.4,85.9,87.0,70.0,60.0
Portugal,2017,Total,8.878,6.77,4771.464,9.325,82303.66,62.6,73.3,59.0,68.9,59.8,25.1,32.1,86.4,43.4,85.9,87.0,70.0,60.0
Portugal,2018,Female,7.381,5.828,2383.087,8.27,82631.99,63.4,69.2,56.8,70.1,59.8,29.8,46.0,83.2,44.1,85.3,86.9,70.0,60.0
Portugal,2018,Male,6.568,4.688,2501.68,8.367,82631.99,63.4,69.2,56.8,70.1,59.8,29.8,46.0,83.2,44.1,85.3,86.9,70.0,60.0
Portugal,2018,Total,6.966,5.252,4884.766,8.32,82631.99,63.4,69.2,56.8,70.1,59.8,29.8,46.0,83.2,44.1,85.3,86.9,70.0,60.0
Portugal,2019,Female,7.063,5.352,2406.587,8.551,83954.54,65.3,71.5,59.5,64.3,59.9,35.6,69.8,79.7,44.3,83.0,86.0,70.0,60.0
Portugal,2019,Male,5.803,4.647,2527.255,7.405,83954.54,65.3,71.5,59.5,64.3,59.9,35.6,69.8,79.7,44.3,83.0,86.0,70.0,60.0
Portugal,2019,Total,6.422,4.996,4933.842,7.966,83954.54,65.3,71.5,59.5,64.3,59.9,35.6,69.8,79.7,44.3,83.0,86.0,70.0,60.0
Portugal,2020,Female,7.08,4.628,2354.083,8.724,78803.18,67.0,75.4,68.9,65.6,59.6,39.8,74.4,76.5,44.1,83.0,86.4,70.0,60.0
Portugal,2020,Male,6.629,4.892,2466.322,9.508,78803.18,67.0,75.4,68.9,65.6,59.6,39.8,74.4,76.5,44.1,83.0,86.4,70.0,60.0
Portugal,2020,Total,6.85,4.761,4820.404,9.125,78803.18,67.0,75.4,68.9,65.6,59.6,39.8,74.4,76.5,44.1,83.0,86.4,70.0,60.0
Portugal,2021,Female,6.992,6.653,2349.441,7.537,83150.86,67.5,74.1,68.2,68.5,60.0,42.4,78.2,75.9,44.1,85.0,84.0,70.0,60.0
Portugal,2021,Male,6.441,7.287,2433.426,8.556,83150.86,67.5,74.1,68.2,68.5,60.0,42.4,78.2,75.9,44.1,85.0,84.0,70.0,60.0
Portugal,2021,Total,6.712,6.972,4782.868,8.057,83150.86,67.5,74.1,68.2,68.5,60.0,42.4,78.2,75.9,44.1,85.0,84.0,70.0,60.0
Portugal,2022,Female,6.564,4.488,2421.112,7.88,86721.74,70.8,89.9,67.8,92.1,60.4,39.5,72.8,76.2,55.5,86.8,79.2,70.0,60.0
Portugal,2022,Male,5.724,4.681,2518.83,7.672,86721.74,70.8,89.9,67.8,92.1,60.4,39.5,72.8,76.2,55.5,86.8,79.2,70.0,60.0
Portugal,2022,Total,6.138,4.585,4939.942,7.774,86721.74,70.8,89.9,67.8,92.1,60.4,39.5,72.8,76.2,55.5,86.8,79.2,70.0,60.0
Portugal,2023,Female,6.862,4.725,2485.504,8.176,87950.32,69.5,89.9,90.7,67.0,60.5,34.7,67.0,76.2,55.1,84.8,78.6,70.0,60.0
Portugal,2023,Male,6.143,4.324,2565.688,8.872,87950.32,69.5,89.9,90.7,67.0,60.5,34.7,67.0,76.2,55.1,84.8,78.6,70.0,60.0
Portugal,2023,Total,6.498,4.526,5051.191,8.531,87950.32,69.5,89.9,90.7,67.0,60.5,34.7,67.0,76.2,55.1,84.8,78.6,70.0,60.0
Republic of Moldova,2015,Female,1.328,60.034,843.952,12.787,17879.45,,,,,,,,,,,,,
Republic of Moldova,2015,Male,2.275,61.169,765.38,18.488,17879.45,,,,,,,,,,,,,
Republic of Moldova,2015,Total,1.781,60.574,1609.332,15.768,17879.45,,,,,,,,,,,,,
Republic of Moldova,2016,Female,0.969,61.35,837.012,12.49,19156.97,,,,,,,,,,,,,
Republic of Moldova,2016,Male,2.273,60.795,754.331,19.674,19156.97,,,,,,,,,,,,,
Republic of Moldova,2016,Total,1.591,61.087,1591.343,16.272,19156.97,,,,,,,,,,,,,
Republic of Moldova,2017,Female,1.335,60.2,799.061,15.31,20816.51,,,,,,,,,,,,,
Republic of Moldova,2017,Male,1.937,59.622,725.059,18.356,20816.51,,,,,,,,,,,,,
Republic of Moldova,2017,Total,1.622,59.925,1524.12,16.922,20816.51,,,,,,,,,,,,,
Republic of Moldova,2018,Female,1.071,56.987,779.263,13.913,22364.09,,,,,,,,,,,,,
Republic of Moldova,2018,Male,1.429,55.557,690.987,21.387,22364.09,,,,,,,,,,,,,
Republic of Moldova,2018,Total,1.239,56.315,1470.251,17.83,22364.09,,,,,,,,,,,,,
Republic of Moldova,2019,Female,1.174,55.458,785.634,15.992,22836.6,,,,,,,,,,,,,
Republic of Moldova,2019,Male,1.867,53.725,699.814,18.884,22836.6,,,,,,,,,,,,,
Republic of Moldova,2019,Total,1.502,54.641,1485.447,17.479,22836.6,,,,,,,,,,,,,
Republic of Moldova,2020,Female,0.948,56.604,770.27,14.506,21133.17,,,,,,,,,,,,,
Republic of Moldova,2020,Male,1.483,56.136,710.421,16.603,21133.17,,,,,,,,,,,,,
Republic of Moldova,2020,Total,1.206,56.38,1480.691,15.592,21133.17,,,,,,,,,,,,,
Republic of Moldova,2021,Female,0.496,58.091,793.621,13.288,23434.46,,,,,,,,,,,,,
Republic of Moldova,2021,Male,1.114,56.252,731.797,13.8,23434.46,,,,,,,,,,,,,
Republic of Moldova,2021,Total,0.794,57.208,1525.418,13.55,23434.46,,,,,,,,,,,,,
Republic of Moldova,2022,Female,0.693,56.535,807.32,14.772,22166.75,,,,,,,,,,,,,
Republic of Moldova,2022,Male,1.15,55.233,723.65,15.155,22166.75,,,,,,,,,,,,,
Republic of Moldova,2022,Total,0.909,55.919,1530.97,14.963,22166.75,,,,,,,,,,,,,
Republic of Moldova,2023,Female,1.227,52.808,770.603,12.092,22819.37,,,,,,,,,,,,,
Republic of Moldova,2023,Male,1.964,51.524,664.315,14.556,22819.37,,,,,,,,,,,,,
Republic of Moldova,2023,Total,1.57,52.214,1434.918,13.308,22819.37,,,,,,,,,,,,,
Romania,2015,Female,5.848,,3687.039,21.387,72543.66,66.6,40.0,43.0,,86.9,62.3,,69.8,68.6,77.3,88.0,80.0,50.0
Romania,2015,Male,7.532,,4848.348,14.983,72543.66,66.6,40.0,43.0,,86.9,62.3,,69.8,68.6,77.3,88.0,80.0,50.0
Romania,2015,Total,6.812,,8535.386,18.084,72543.66,66.6,40.0,43.0,,86.9,62.3,,69.8,68.6,77.3,88.0,80.0,50.0
Romania,2016,Female,4.981,,3642.675,20.844,74774.49,65.6,35.0,43.0,,87.5,65.6,,66.1,65.1,81.1,88.0,75.0,50.0
Romania,2016,Male,6.588,,4806.101,14.106,74774.49,65.6,35.0,43.0,,87.5,65.6,,66.1,65.1,81.1,88.0,75.0,50.0
Romania,2016,Total,5.901,,8448.775,17.382,74774.49,65.6,35.0,43.0,,87.5,65.6,,66.1,65.1,81.1,88.0,75.0,50.0
Romania,2017,Female,4.037,,3777.349,18.412,79163.6,69.7,63.9,45.9,58.5,87.4,65.3,90.9,65.9,62.5,83.6,87.0,75.0,50.0
Romania,2017,Male,5.602,,4893.205,12.061,79163.6,69.7,63.9,45.9,58.5,87.4,65.3,90.9,65.9,62.5,83.6,87.0,75.0,50.0
Romania,2017,Total,4.927,,8670.555,15.154,79163.6,69.7,63.9,45.9,58.5,87.4,65.3,90.9,65.9,62.5,83.6,87.0,75.0,50.0
Romania,2018,Female,3.485,,3747.77,17.842,83818.63,69.4,61.0,40.0,59.7,87.3,66.9,91.1,65.2,66.8,82.8,86.9,75.0,50.0
Romania,2018,Male,4.713,,4940.77,11.35,83818.63,69.4,61.0,40.0,59.7,87.3,66.9,91.1,65.2,66.8,82.8,86.9,75.0,50.0
Romania,2018,Total,4.187,,8688.539,14.517,83818.63,69.4,61.0,40.0,59.7,87.3,66.9,91.1,65.2,66.8,82.8,86.9,75.0,50.0
Romania,2019,Female,3.375,,3722.561,17.938,87040.94,68.6,66.7,39.8,51.9,89.7,69.0,89.3,63.1,64.5,82.7,86.0,70.0,50.0
Romania,2019,Male,4.311,,4957.766,11.52,87040.94,68.6,66.7,39.8,51.9,89.7,69.0,89.3,63.1,64.5,82.7,86.0,70.0,50.0
Romania,2019,Total,3.912,,8680.327,14.657,87040.94,68.6,66.7,39.8,51.9,89.7,69.0,89.3,63.1,64.5,82.7,86.0,70.0,50.0
Romania,2020,Female,4.689,,3629.422,18.105,85438.31,69.7,72.5,55.1,56.1,90.3,70.4,85.6,58.6,63.0,78.1,86.4,70.0,50.0
Romania,2020,Male,5.29,,4891.635,11.574,85438.31,69.7,72.5,55.1,56.1,90.3,70.4,85.6,58.6,63.0,78.1,86.4,70.0,50.0
Romania,2020,Total,5.035,,8521.057,14.754,85438.31,69.7,72.5,55.1,56.1,90.3,70.4,85.6,58.6,63.0,78.1,86.4,70.0,50.0
Romania,2021,Female,5.045,,3235.724,21.48,90752.74,69.5,68.8,54.6,63.1,94.3,69.2,78.9,59.7,63.6,77.7,84.0,70.0,50.0
Romania,2021,Male,5.976,,4519.759,14.736,90752.74,69.5,68.8,54.6,63.1,94.3,69.2,78.9,59.7,63.6,77.7,84.0,70.0,50.0
Romania,2021,Total,5.59,,7755.483,18.015,90752.74,69.5,68.8,54.6,63.1,94.3,69.2,78.9,59.7,63.6,77.7,84.0,70.0,50.0
Romania,2022,Female,5.045,,3313.797,20.922,94576.76,67.1,81.0,45.4,64.8,94.3,63.9,42.8,71.4,64.1,78.8,79.2,70.0,50.0
Romania,2022,Male,6.03,,4492.652,14.294,94576.76,67.1,81.0,45.4,64.8,94.3,63.9,42.8,71.4,64.1,78.8,79.2,70.0,50.0
Romania,2022,Total,5.614,,7806.448,17.518,94576.76,67.1,81.0,45.4,64.8,94.3,63.9,42.8,71.4,64.1,78.8,79.2,70.0,50.0
Romania,2023,Female,5.12,3.597,3284.277,19.606,98463.5,64.5,81.0,64.9,47.2,94.4,59.7,14.7,71.3,65.1,76.8,78.6,70.0,50.0
Romania,2023,Male,5.934,1.773,4412.169,13.623,98463.5,64.5,81.0,64.9,47.2,94.4,59.7,14.7,71.3,65.1,76.8,78.6,70.0,50.0
Romania,2023,Total,5.589,2.55,7696.446,16.541,98463.5,64.5,81.0,64.9,47.2,94.4,59.7,14.7,71.3,65.1,76.8,78.6,70.0,50.0
Russian Federation,2015,Female,5.352,17.18,34255.041,14.87,72692.16,,,,,,,,,,,,,
Russian Federation,2015,Male,5.862,20.586,36188.08,9.88,72692.16,,,,,,,,,,,,,
Russian Federation,2015,Total,5.615,18.93,70443.121,12.32,72692.16,,,,,,,,,,,,,
Russian Federation,2016,Female,5.382,17.492,34269.445,14.93,72698.29,,,,,,,,,,,,,
Russian Federation,2016,Male,5.788,21.001,36255.245,10.58,72698.29,,,,,,,,,,,,,
Russian Federation,2016,Total,5.591,19.296,70524.69,12.71,72698.29,,,,,,,,,,,,,
Russian Federation,2017,Female,5.072,16.956,34232.911,,74229.6,,,,,,,,,,,,,
Russian Federation,2017,Male,5.395,20.295,36241.811,,74229.6,,,,,,,,,,,,,
Russian Federation,2017,Total,5.238,18.673,70474.722,,74229.6,,,,,,,,,,,,,
Russian Federation,2018,Female,4.801,17.38,34358.215,,76057.93,,,,,,,,,,,,,
Russian Federation,2018,Male,4.938,20.513,36312.886,,76057.93,,,,,,,,,,,,,
Russian Federation,2018,Total,4.871,18.99,70671.101,,76057.93,,,,,,,,,,,,,
Russian Federation,2019,Female,4.356,17.665,34119.447,,78378.91,,,,,,,,,,,,,
Russian Federation,2019,Male,4.661,20.808,35982.816,,78378.91,,,,,,,,,,,,,
Russian Federation,2019,Total,4.513,19.278,70102.263,,78378.91,,,,,,,,,,,,,
Russian Federation,2020,Female,5.574,17.13,33500.881,,77694.63,,,,,,,,,,,,,
Russian Federation,2020,Male,5.664,20.288,35292.02,,77694.63,,,,,,,,,,,,,
Russian Federation,2020,Total,5.62,18.75,68792.9,,77694.63,,,,,,,,,,,,,
Russian Federation,2021,Female,4.833,17.613,33922.702,,80888.68,,,,,,,,,,,,,
Russian Federation,2021,Male,4.669,20.621,35949.719,,80888.68,,,,,,,,,,,,,
Russian Federation,2021,Total,4.749,19.161,69872.421,,80888.68,,,,,,,,,,,,,
Russian Federation,2022,Female,3.961,16.05,35056.354,11.165,79344.0,,,,,,,,,,,,,
Russian Federation,2022,Male,3.777,18.855,36917.199,9.029,79344.0,,,,,,,,,,,,,
Russian Federation,2022,Total,3.867,17.489,71973.553,10.076,79344.0,,,,,,,,,,,,,
Russian Federation,2023,Female,3.188,15.971,35946.326,9.906,81800.01,,,,,,,,,,,,,
Russian Federation,2023,Male,2.969,18.342,37689.835,7.571,81800.01,,,,,,,,,,,,,
Russian Federation,2023,Total,3.076,17.184,73636.161,8.701,81800.01,,,,,,,,,,,,,
San Marino,2015,Female,10.95,,,,,,,,,,,,,,,,,
San Marino,2015,Male,4.42,,,,,,,,,,,,,,,,,
San Marino,2015,Total,7.38,,,,,,,,,,,,,,,,,
San Marino,2016,Female,10.03,,,,,,,,,,,,,,,,,
San Marino,2016,Male,3.52,,,,,,,,,,,,,,,,,
San Marino,2016,Total,6.45,,,,,,,,,,,,,,,,,
San Marino,2017,Female,10.82,,,,,,,,,,,,,,,,,
San Marino,2017,Male,4.92,,,,,,,,,,,,,,,,,
San Marino,2017,Total,7.89,,,,,,,,,,,,,,,,,
San Marino,2018,Female,10.81,,,,,,,,,,,,,,,,,
San Marino,2018,Male,4.81,,,,,,,,,,,,,,,,,
San Marino,2018,Total,7.83,,,,,,,,,,,,,,,,,
San Marino,2019,Female,10.38,,,,,,,,,,,,,,,,,
San Marino,2019,Male,4.63,,,,,,,,,,,,,,,,,
San Marino,2019,Total,7.54,,,,,,,,,,,,,,,,,
San Marino,2020,Female,9.93,,,,,,,,,,,,,,,,,
San Marino,2020,Male,4.48,,,,,,,,,,,,,,,,,
San Marino,2020,Total,7.23,,,,,,,,,,,,,,,,,
San Marino,2021,Female,9.14,,,,,,,,,,,,,,,,,
San Marino,2021,Male,3.49,,,,,,,,,,,,,,,,,
San Marino,2021,Total,6.34,,,,,,,,,,,,,,,,,
San Marino,2022,Female,6.87,,,,,,,,,,,,,,,,,
San Marino,2022,Male,2.92,,,,,,,,,,,,,,,,,
San Marino,2022,Total,4.91,,,,,,,,,,,,,,,,,
Serbia,2015,Female,18.761,23.924,1107.903,20.065,48453.45,60.0,45.0,42.0,,82.4,27.1,,57.8,70.4,72.2,78.2,75.0,50.0
Serbia,2015,Male,16.808,23.202,1466.255,20.645,48453.45,60.0,45.0,42.0,,82.4,27.1,,57.8,70.4,72.2,78.2,75.0,50.0
Serbia,2015,Total,17.66,23.513,2574.159,20.363,48453.45,60.0,45.0,42.0,,82.4,27.1,,57.8,70.4,72.2,78.2,75.0,50.0
Serbia,2016,Female,16.1,25.15,1187.846,18.674,47377.75,62.1,50.0,41.0,,84.3,44.1,,60.2,66.2,77.5,77.8,70.0,50.0
Serbia,2016,Male,14.592,23.429,1531.556,17.511,47377.75,62.1,50.0,41.0,,84.3,44.1,,60.2,66.2,77.5,77.8,70.0,50.0
Serbia,2016,Total,15.257,24.181,2719.403,18.076,47377.75,62.1,50.0,41.0,,84.3,44.1,,60.2,66.2,77.5,77.8,70.0,50.0
Serbia,2017,Female,14.274,22.932,1229.54,17.659,47190.45,58.9,50.3,38.2,40.2,83.3,40.3,46.9,62.9,65.9,80.8,77.8,70.0,50.0
Serbia,2017,Male,12.84,20.645,1565.119,17.511,47190.45,58.9,50.3,38.2,40.2,83.3,40.3,46.9,62.9,65.9,80.8,77.8,70.0,50.0
Serbia,2017,Total,13.477,21.651,2794.658,17.582,47190.45,58.9,50.3,38.2,40.2,83.3,40.3,46.9,62.9,65.9,80.8,77.8,70.0,50.0
Serbia,2018,Female,13.7,20.676,1242.075,17.51,48875.21,62.5,46.2,36.5,48.2,83.5,40.6,67.0,68.3,69.2,82.9,87.4,70.0,50.0
Serbia,2018,Male,11.962,19.127,1589.761,16.48,48875.21,62.5,46.2,36.5,48.2,83.5,40.6,67.0,68.3,69.2,82.9,87.4,70.0,50.0
Serbia,2018,Total,12.733,19.807,2831.836,16.98,48875.21,62.5,46.2,36.5,48.2,83.5,40.6,67.0,68.3,69.2,82.9,87.4,70.0,50.0
Serbia,2019,Female,11.076,18.988,1284.013,16.186,49943.92,63.9,50.1,37.2,44.8,82.0,45.1,90.1,72.9,67.4,80.0,77.0,70.0,50.0
Serbia,2019,Male,9.846,18.436,1615.951,15.17,49943.92,63.9,50.1,37.2,44.8,82.0,45.1,90.1,72.9,67.4,80.0,77.0,70.0,50.0
Serbia,2019,Total,10.395,18.68,2899.964,15.663,49943.92,63.9,50.1,37.2,44.8,82.0,45.1,90.1,72.9,67.4,80.0,77.0,70.0,50.0
Serbia,2020,Female,9.412,17.882,1285.129,15.093,49791.71,66.0,55.4,44.0,46.8,83.7,49.7,94.1,72.6,66.9,80.7,78.0,70.0,50.0
Serbia,2020,Male,8.688,16.276,1608.56,17.198,49791.71,66.0,55.4,44.0,46.8,83.7,49.7,94.1,72.6,66.9,80.7,78.0,70.0,50.0
Serbia,2020,Total,9.011,16.989,2893.69,16.177,49791.71,66.0,55.4,44.0,46.8,83.7,49.7,94.1,72.6,66.9,80.7,78.0,70.0,50.0
Serbia,2021,Female,10.684,19.208,1305.193,16.801,51492.63,67.2,57.9,45.0,50.6,92.5,49.6,94.6,71.0,67.3,81.1,77.2,70.0,50.0
Serbia,2021,Male,9.153,16.998,1618.158,16.631,51492.63,67.2,57.9,45.0,50.6,92.5,49.6,94.6,71.0,67.3,81.1,77.2,70.0,50.0
Serbia,2021,Total,9.843,17.985,2923.351,16.714,51492.63,67.2,57.9,45.0,50.6,92.5,49.6,94.6,71.0,67.3,81.1,77.2,70.0,50.0
Serbia,2022,Female,8.883,19.6,1351.318,13.178,51544.2,65.2,58.8,37.9,50.4,90.9,42.5,85.7,74.4,62.9,81.6,77.0,70.0,50.0
Serbia,2022,Male,8.069,16.455,1635.74,13.281,51544.2,65.2,58.8,37.9,50.4,90.9,42.5,85.7,74.4,62.9,81.6,77.0,70.0,50.0
Serbia,2022,Total,8.439,17.878,2987.058,13.231,51544.2,65.2,58.8,37.9,50.4,90.9,42.5,85.7,74.4,62.9,81.6,77.0,70.0,50.0
Serbia,2023,Female,8.651,19.284,1382.315,12.157,53263.82,63.5,58.7,50.0,37.8,87.9,37.6,73.5,74.3,68.1,78.6,76.0,70.0,50.0
Serbia,2023,Male,7.943,16.621,1644.853,12.626,53263.82,63.5,58.7,50.0,37.8,87.9,37.6,73.5,74.3,68.1,78.6,76.0,70.0,50.0
Serbia,2023,Total,8.268,17.837,3027.168,12.397,53263.82,63.5,58.7,50.0,37.8,87.9,37.6,73.5,74.3,68.1,78.6,76.0,70.0,50.0
Slovakia,2015,Female,12.902,3.037,1075.118,14.383,74991.9,67.2,50.0,47.0,,80.8,55.1,,69.6,56.5,75.5,88.0,80.0,70.0
Slovakia,2015,Male,10.337,2.779,1349.773,13.582,74991.9,67.2,50.0,47.0,,80.8,55.1,,69.6,56.5,75.5,88.0,80.0,70.0
Slovakia,2015,Total,11.492,2.897,2424.891,13.973,74991.9,67.2,50.0,47.0,,80.8,55.1,,69.6,56.5,75.5,88.0,80.0,70.0
Slovakia,2016,Female,10.778,3.255,1114.073,14.172,74404.94,66.6,50.0,50.0,,80.1,49.5,,68.4,55.0,79.5,88.0,75.0,70.0
Slovakia,2016,Male,8.772,2.15,1378.783,11.271,74404.94,66.6,50.0,50.0,,80.1,49.5,,68.4,55.0,79.5,88.0,75.0,70.0
Slovakia,2016,Total,9.679,2.659,2492.856,12.688,74404.94,66.6,50.0,50.0,,80.1,49.5,,68.4,55.0,79.5,88.0,75.0,70.0
Slovakia,2017,Female,8.413,4.087,1145.962,14.062,75460.08,65.7,69.0,39.6,38.0,79.7,47.2,82.9,64.9,54.4,81.1,87.0,75.0,70.0
Slovakia,2017,Male,7.916,3.061,1385.322,10.673,75460.08,65.7,69.0,39.6,38.0,79.7,47.2,82.9,64.9,54.4,81.1,87.0,75.0,70.0
Slovakia,2017,Total,8.142,3.536,2531.284,12.326,75460.08,65.7,69.0,39.6,38.0,79.7,47.2,82.9,64.9,54.4,81.1,87.0,75.0,70.0
Slovakia,2018,Female,7.036,1.7,1154.024,12.331,77397.29,65.3,68.2,38.2,38.8,78.9,44.3,84.9,63.9,54.0,81.0,86.9,75.0,70.0
Slovakia,2018,Male,6.138,1.309,1413.695,8.572,77397.29,65.3,68.2,38.2,38.8,78.9,44.3,84.9,63.9,54.0,81.0,86.9,75.0,70.0
Slovakia,2018,Total,6.544,1.49,2567.719,10.405,77397.29,65.3,68.2,38.2,38.8,78.9,44.3,84.9,63.9,54.0,81.0,86.9,75.0,70.0
Slovakia,2019,Female,5.958,3.087,1166.344,11.802,78901.4,65.0,68.5,37.7,37.2,78.6,46.1,87.2,61.3,53.4,78.6,86.0,75.0,70.0
Slovakia,2019,Male,5.599,0.972,1417.152,9.221,78901.4,65.0,68.5,37.7,37.2,78.6,46.1,87.2,61.3,53.4,78.6,86.0,75.0,70.0
Slovakia,2019,Total,5.761,1.941,2583.496,10.479,78901.4,65.0,68.5,37.7,37.2,78.6,46.1,87.2,61.3,53.4,78.6,86.0,75.0,70.0
Slovakia,2020,Female,7.1,2.542,1143.894,11.775,77901.41,66.8,73.1,49.7,41.7,78.5,50.2,92.6,55.3,52.6,75.9,86.4,75.0,70.0
Slovakia,2020,Male,6.403,0.603,1386.044,9.773,77901.41,66.8,73.1,49.7,41.7,78.5,50.2,92.6,55.3,52.6,75.9,86.4,75.0,70.0
Slovakia,2020,Total,6.719,1.492,2529.938,10.748,77901.41,66.8,73.1,49.7,41.7,78.5,50.2,92.6,55.3,52.6,75.9,86.4,75.0,70.0
Slovakia,2021,Female,7.137,2.759,1197.762,11.487,80259.99,66.3,71.5,48.8,44.4,78.4,47.0,93.4,55.6,52.2,74.8,84.0,75.0,70.0
Slovakia,2021,Male,6.678,1.592,1357.076,10.682,80259.99,66.3,71.5,48.8,44.4,78.4,47.0,93.4,55.6,52.2,74.8,84.0,75.0,70.0
Slovakia,2021,Total,6.894,2.115,2554.838,11.075,80259.99,66.3,71.5,48.8,44.4,78.4,47.0,93.4,55.6,52.2,74.8,84.0,75.0,70.0
Slovakia,2022,Female,6.383,3.912,1222.801,9.584,79435.33,69.7,83.2,53.7,71.9,77.3,41.8,76.0,75.9,56.5,75.5,79.2,75.0,70.0
Slovakia,2022,Male,5.929,3.876,1380.769,10.387,79435.33,69.7,83.2,53.7,71.9,77.3,41.8,76.0,75.9,56.5,75.5,79.2,75.0,70.0
Slovakia,2022,Total,6.143,3.893,2603.57,9.995,79435.33,69.7,83.2,53.7,71.9,77.3,41.8,76.0,75.9,56.5,75.5,79.2,75.0,70.0
Slovakia,2023,Female,5.936,3.457,1227.229,8.044,79685.55,69.0,84.2,70.6,56.8,77.3,41.2,62.4,72.2,64.7,74.8,78.6,75.0,70.0
Slovakia,2023,Male,5.76,6.441,1381.925,10.24,79685.55,69.0,84.2,70.6,56.8,77.3,41.2,62.4,72.2,64.7,74.8,78.6,75.0,70.0
Slovakia,2023,Total,5.843,5.059,2609.154,9.166,79685.55,69.0,84.2,70.6,56.8,77.3,41.2,62.4,72.2,64.7,74.8,78.6,75.0,70.0
Slovenia,2015,Female,10.036,1.984,416.689,9.05,87912.8,60.3,60.0,57.0,,58.1,0.0,,81.2,57.1,81.3,88.0,70.0,50.0
Slovenia,2015,Male,8.05,1.903,500.737,9.95,87912.8,60.3,60.0,57.0,,58.1,0.0,,81.2,57.1,81.3,88.0,70.0,50.0
Slovenia,2015,Total,8.962,1.939,917.425,9.506,87912.8,60.3,60.0,57.0,,58.1,0.0,,81.2,57.1,81.3,88.0,70.0,50.0
Slovenia,2016,Female,8.586,1.534,423.916,6.949,90988.39,60.6,60.0,58.0,,58.6,0.0,,82.0,55.4,84.3,88.0,70.0,50.0
Slovenia,2016,Male,7.488,0.974,491.092,9.084,90988.39,60.6,60.0,58.0,,58.6,0.0,,82.0,55.4,84.3,88.0,70.0,50.0
Slovenia,2016,Total,8.0,1.227,915.008,8.032,90988.39,60.6,60.0,58.0,,58.6,0.0,,82.0,55.4,84.3,88.0,70.0,50.0
Slovenia,2017,Female,7.475,1.435,443.236,6.259,91221.6,59.2,75.0,53.6,55.1,58.7,28.6,6.1,80.6,60.2,85.3,87.0,70.0,50.0
Slovenia,2017,Male,5.768,0.818,515.853,6.749,91221.6,59.2,75.0,53.6,55.1,58.7,28.6,6.1,80.6,60.2,85.3,87.0,70.0,50.0
Slovenia,2017,Total,6.564,1.096,959.09,6.518,91221.6,59.2,75.0,53.6,55.1,58.7,28.6,6.1,80.6,60.2,85.3,87.0,70.0,50.0
Slovenia,2018,Female,5.697,1.14,450.422,7.217,92956.56,64.8,76.6,52.1,57.7,58.7,31.2,66.3,79.5,61.3,87.3,86.9,70.0,50.0
Slovenia,2018,Male,4.601,0.755,530.196,6.079,92956.56,64.8,76.6,52.1,57.7,58.7,31.2,66.3,79.5,61.3,87.3,86.9,70.0,50.0
Slovenia,2018,Total,5.108,0.932,980.618,6.619,92956.56,64.8,76.6,52.1,57.7,58.7,31.2,66.3,79.5,61.3,87.3,86.9,70.0,50.0
Slovenia,2019,Female,4.955,1.684,450.376,8.136,95863.91,65.5,76.4,53.6,46.5,58.4,38.3,82.6,79.3,61.2,83.6,86.0,70.0,50.0
Slovenia,2019,Male,4.011,0.811,532.139,6.047,95863.91,65.5,76.4,53.6,46.5,58.4,38.3,82.6,79.3,61.2,83.6,86.0,70.0,50.0
Slovenia,2019,Total,4.446,1.213,982.515,7.029,95863.91,65.5,76.4,53.6,46.5,58.4,38.3,82.6,79.3,61.2,83.6,86.0,70.0,50.0
Slovenia,2020,Female,5.628,0.885,447.479,8.533,92409.75,67.8,76.5,67.4,48.6,59.2,42.9,90.3,78.4,61.4,82.2,86.4,70.0,50.0
Slovenia,2020,Male,4.409,0.859,530.548,6.929,92409.75,67.8,76.5,67.4,48.6,59.2,42.9,90.3,78.4,61.4,82.2,86.4,70.0,50.0
Slovenia,2020,Total,4.971,0.871,978.027,7.683,92409.75,67.8,76.5,67.4,48.6,59.2,42.9,90.3,78.4,61.4,82.2,86.4,70.0,50.0
Slovenia,2021,Female,5.317,0.968,443.634,6.371,98313.79,68.3,77.3,68.2,56.3,58.2,42.5,91.1,78.8,61.5,81.9,84.0,70.0,50.0
Slovenia,2021,Male,4.258,0.762,527.928,6.802,98313.79,68.3,77.3,68.2,56.3,58.2,42.5,91.1,78.8,61.5,81.9,84.0,70.0,50.0
Slovenia,2021,Total,4.744,0.857,971.562,6.597,98313.79,68.3,77.3,68.2,56.3,58.2,42.5,91.1,78.8,61.5,81.9,84.0,70.0,50.0
Slovenia,2022,Female,4.318,1.265,449.623,9.07,98896.61,70.5,89.7,66.7,91.6,57.2,36.4,77.4,79.7,63.3,85.1,79.2,70.0,50.0
Slovenia,2022,Male,3.752,0.764,536.511,7.48,98896.61,70.5,89.7,66.7,91.6,57.2,36.4,77.4,79.7,63.3,85.1,79.2,70.0,50.0
Slovenia,2022,Total,4.011,0.995,986.134,8.234,98896.61,70.5,89.7,66.7,91.6,57.2,36.4,77.4,79.7,63.3,85.1,79.2,70.0,50.0
Slovenia,2023,Female,3.714,1.107,451.05,7.484,100904.9,68.5,88.6,83.3,64.6,62.6,31.5,60.4,75.9,74.4,82.4,78.6,70.0,50.0
Slovenia,2023,Male,3.6,0.596,538.335,7.082,100904.9,68.5,88.6,83.3,64.6,62.6,31.5,60.4,75.9,74.4,82.4,78.6,70.0,50.0
Slovenia,2023,Total,3.652,0.833,989.385,7.27,100904.9,68.5,88.6,83.3,64.6,62.6,31.5,60.4,75.9,74.4,82.4,78.6,70.0,50.0
Spain,2015,Female,23.548,5.102,8105.715,13.064,109035.36,67.6,70.0,59.0,,53.1,39.8,,77.5,52.6,81.3,88.0,85.0,70.0
Spain,2015,Male,20.774,4.144,9760.336,16.062,109035.36,67.6,70.0,59.0,,53.1,39.8,,77.5,52.6,81.3,88.0,85.0,70.0
Spain,2015,Total,22.057,4.575,17866.051,14.603,109035.36,67.6,70.0,59.0,,53.1,39.8,,77.5,52.6,81.3,88.0,85.0,70.0
Spain,2016,Female,21.38,4.014,8340.775,13.29,109302.44,68.5,70.0,60.0,,58.3,41.1,,76.0,51.7,84.7,88.0,85.0,70.0
Spain,2016,Male,18.12,2.87,9999.968,14.273,109302.44,68.5,70.0,60.0,,58.3,41.1,,76.0,51.7,84.7,88.0,85.0,70.0
Spain,2016,Total,19.635,3.391,18340.743,13.793,109302.44,68.5,70.0,60.0,,58.3,41.1,,76.0,51.7,84.7,88.0,85.0,70.0
Spain,2017,Female,19.027,4.372,8558.517,11.658,109357.25,63.6,71.2,57.2,53.9,62.5,41.4,26.9,66.9,55.3,85.5,87.0,85.0,70.0
Spain,2017,Male,15.657,3.461,10266.27,12.62,109357.25,63.6,71.2,57.2,53.9,62.5,41.4,26.9,66.9,55.3,85.5,87.0,85.0,70.0
Spain,2017,Total,17.224,3.875,18824.787,12.151,109357.25,63.6,71.2,57.2,53.9,62.5,41.4,26.9,66.9,55.3,85.5,87.0,85.0,70.0
Spain,2018,Female,17.023,5.009,8795.738,11.193,109315.74,65.1,73.1,51.5,62.0,62.0,42.8,36.1,66.3,59.0,86.7,86.9,85.0,70.0
Spain,2018,Male,13.719,2.472,10531.962,12.46,109315.74,65.1,73.1,51.5,62.0,62.0,42.8,36.1,66.3,59.0,86.7,86.9,85.0,70.0
Spain,2018,Total,15.255,3.622,19327.701,11.841,109315.74,65.1,73.1,51.5,62.0,62.0,42.8,36.1,66.3,59.0,86.7,86.9,85.0,70.0
Spain,2019,Female,15.995,4.041,9033.285,11.187,108934.68,65.7,72.9,51.9,51.4,62.3,46.2,51.1,66.8,57.8,87.5,86.0,85.0,70.0
Spain,2019,Male,12.448,2.645,10745.617,11.959,108934.68,65.7,72.9,51.9,51.4,62.3,46.2,51.1,66.8,57.8,87.5,86.0,85.0,70.0
Spain,2019,Total,14.104,3.278,19778.902,11.584,108934.68,65.7,72.9,51.9,51.4,62.3,46.2,51.1,66.8,57.8,87.5,86.0,85.0,70.0
Spain,2020,Female,17.428,3.514,8772.749,12.2,99737.53,66.9,74.9,55.1,51.8,62.1,48.3,62.6,66.8,57.7,82.0,86.4,85.0,70.0
Spain,2020,Male,13.868,2.459,10429.328,15.089,99737.53,66.9,74.9,55.1,51.8,62.1,48.3,62.6,66.8,57.7,82.0,86.4,85.0,70.0
Spain,2020,Total,15.532,2.938,19202.077,13.682,99737.53,66.9,74.9,55.1,51.8,62.1,48.3,62.6,66.8,57.7,82.0,86.4,85.0,70.0
Spain,2021,Female,16.833,4.768,9100.305,10.2,102827.02,69.9,76.4,70.3,65.4,61.7,48.1,69.8,66.3,57.9,83.5,84.0,85.0,70.0
Spain,2021,Male,13.216,3.38,10733.17,13.104,102827.02,69.9,76.4,70.3,65.4,61.7,48.1,69.8,66.3,57.9,83.5,84.0,85.0,70.0
Spain,2021,Total,14.914,4.012,19833.475,11.688,102827.02,69.9,76.4,70.3,65.4,61.7,48.1,69.8,66.3,57.9,83.5,84.0,85.0,70.0
Spain,2022,Female,14.887,3.51,9432.919,9.178,105684.73,68.2,87.7,67.2,74.3,59.7,38.3,29.7,75.2,61.8,85.4,84.2,85.0,70.0
Spain,2022,Male,11.394,1.842,11114.566,9.261,105684.73,68.2,87.7,67.2,74.3,59.7,38.3,29.7,75.2,61.8,85.4,84.2,85.0,70.0
Spain,2022,Total,13.033,2.612,20547.485,9.221,105684.73,68.2,87.7,67.2,74.3,59.7,38.3,29.7,75.2,61.8,85.4,84.2,85.0,70.0
Spain,2023,Female,13.872,2.797,9805.545,8.945,107068.09,65.0,87.2,73.1,66.9,58.2,30.2,7.4,75.2,62.1,80.6,83.6,85.0,70.0
Spain,2023,Male,10.665,1.274,11376.661,9.635,107068.09,65.0,87.2,73.1,66.9,58.2,30.2,7.4,75.2,62.1,80.6,83.6,85.0,70.0
Spain,2023,Total,12.179,1.982,21182.206,9.3,107068.09,65.0,87.2,73.1,66.9,58.2,30.2,7.4,75.2,62.1,80.6,83.6,85.0,70.0
Sweden,2015,Female,7.29,3.85,2306.872,6.599,121805.43,72.7,90.0,89.0,,43.0,19.2,,87.9,54.0,85.5,88.0,90.0,80.0
Sweden,2015,Male,7.56,3.874,2529.966,7.006,121805.43,72.7,90.0,89.0,,43.0,19.2,,87.9,54.0,85.5,88.0,90.0,80.0
Sweden,2015,Total,7.432,3.863,4836.838,6.809,121805.43,72.7,90.0,89.0,,43.0,19.2,,87.9,54.0,85.5,88.0,90.0,80.0
Sweden,2016,Female,6.586,2.97,2348.206,6.178,122161.76,72.0,90.0,87.0,,44.4,14.9,,89.7,53.5,87.1,88.0,85.0,80.0
Sweden,2016,Male,7.357,3.428,2561.699,6.973,122161.76,72.0,90.0,87.0,,44.4,14.9,,89.7,53.5,87.1,88.0,85.0,80.0
Sweden,2016,Total,6.99,3.211,4909.905,6.589,122161.76,72.0,90.0,87.0,,44.4,14.9,,89.7,53.5,87.1,88.0,85.0,80.0
Sweden,2017,Female,6.441,3.503,2392.597,6.273,122876.71,74.9,88.6,87.4,82.2,44.4,21.7,93.4,90.8,53.2,85.3,87.0,85.0,80.0
Sweden,2017,Male,6.969,3.464,2629.043,6.274,122876.71,74.9,88.6,87.4,82.2,44.4,21.7,93.4,90.8,53.2,85.3,87.0,85.0,80.0
Sweden,2017,Total,6.718,3.482,5021.64,6.273,122876.71,74.9,88.6,87.4,82.2,44.4,21.7,93.4,90.8,53.2,85.3,87.0,85.0,80.0
Sweden,2018,Female,6.236,2.962,2429.417,5.987,123273.27,76.3,92.6,92.9,88.2,43.9,23.2,96.1,89.3,53.7,83.8,86.9,85.0,80.0
Sweden,2018,Male,6.482,2.655,2667.849,6.346,123273.27,76.3,92.6,92.9,88.2,43.9,23.2,96.1,89.3,53.7,83.8,86.9,85.0,80.0
Sweden,2018,Total,6.365,2.799,5097.266,6.174,123273.27,76.3,92.6,92.9,88.2,43.9,23.2,96.1,89.3,53.7,83.8,86.9,85.0,80.0
Sweden,2019,Female,6.956,3.049,2438.15,5.41,124939.7,75.2,89.5,88.0,84.0,43.2,26.7,96.6,88.0,53.9,82.0,86.0,85.0,80.0
Sweden,2019,Male,6.721,3.523,2693.411,5.633,124939.7,75.2,89.5,88.0,84.0,43.2,26.7,96.6,88.0,53.9,82.0,86.0,85.0,80.0
Sweden,2019,Total,6.833,3.302,5131.561,5.527,124939.7,75.2,89.5,88.0,84.0,43.2,26.7,96.6,88.0,53.9,82.0,86.0,85.0,80.0
Sweden,2020,Female,8.285,2.589,2388.881,6.414,124015.55,74.9,88.8,91.4,79.9,43.6,25.8,97.0,85.3,53.8,81.2,86.4,85.0,80.0
Sweden,2020,Male,8.296,3.016,2675.416,6.61,124015.55,74.9,88.8,91.4,79.9,43.6,25.8,97.0,85.3,53.8,81.2,86.4,85.0,80.0
Sweden,2020,Total,8.291,2.816,5064.298,6.517,124015.55,74.9,88.8,91.4,79.9,43.6,25.8,97.0,85.3,53.8,81.2,86.4,85.0,80.0
Sweden,2021,Female,9.13,2.984,2395.331,4.661,130937.02,74.7,86.6,92.5,79.1,43.6,29.5,97.6,83.2,53.9,81.5,84.0,85.0,80.0
Sweden,2021,Male,8.511,2.173,2709.814,5.426,130937.02,74.7,86.6,92.5,79.1,43.6,29.5,97.6,83.2,53.9,81.5,84.0,85.0,80.0
Sweden,2021,Total,8.803,2.55,5105.145,5.061,130937.02,74.7,86.6,92.5,79.1,43.6,29.5,97.6,83.2,53.9,81.5,84.0,85.0,80.0
Sweden,2022,Female,7.892,2.847,2465.448,4.819,129074.6,77.9,97.3,95.7,97.1,44.9,26.4,95.8,84.6,65.4,83.6,79.2,85.0,80.0
Sweden,2022,Male,6.993,3.624,2791.713,5.065,129074.6,77.9,97.3,95.7,97.1,44.9,26.4,95.8,84.6,65.4,83.6,79.2,85.0,80.0
Sweden,2022,Total,7.417,3.266,5257.161,4.948,129074.6,77.9,97.3,95.7,97.1,44.9,26.4,95.8,84.6,65.4,83.6,79.2,85.0,80.0
Sweden,2023,Female,7.866,2.838,2517.533,5.16,127459.73,77.5,96.6,95.6,95.7,45.1,26.2,96.2,84.6,65.9,80.9,78.6,85.0,80.0
Sweden,2023,Male,7.382,3.034,2818.188,5.082,127459.73,77.5,96.6,95.6,95.7,45.1,26.2,96.2,84.6,65.9,80.9,78.6,85.0,80.0
Sweden,2023,Total,7.611,2.944,5335.721,5.12,127459.73,77.5,96.6,95.6,95.7,45.1,26.2,96.2,84.6,65.9,80.9,78.6,85.0,80.0
Switzerland,2015,Female,4.912,2.488,2108.045,8.733,139698.23,80.5,90.0,85.0,,70.3,65.1,,78.1,75.3,86.3,90.0,85.0,80.0
Switzerland,2015,Male,4.704,0.954,2430.353,9.944,139698.23,80.5,90.0,85.0,,70.3,65.1,,78.1,75.3,86.3,90.0,85.0,80.0
Switzerland,2015,Total,4.801,1.645,4538.398,9.351,139698.23,80.5,90.0,85.0,,70.3,65.1,,78.1,75.3,86.3,90.0,85.0,80.0
Switzerland,2016,Female,5.006,2.343,2143.696,8.03,140326.52,81.0,90.0,86.0,,70.9,66.3,,82.2,72.1,87.8,90.0,85.0,80.0
Switzerland,2016,Male,4.841,0.744,2460.714,9.287,140326.52,81.0,90.0,86.0,,70.9,66.3,,82.2,72.1,87.8,90.0,85.0,80.0
Switzerland,2016,Total,4.918,1.462,4604.41,8.672,140326.52,81.0,90.0,86.0,,70.9,66.3,,82.2,72.1,87.8,90.0,85.0,80.0
Switzerland,2017,Female,5.058,2.158,2149.958,6.911,141078.7,81.5,86.9,80.3,77.6,70.9,67.5,95.8,76.8,72.2,84.4,90.0,85.0,90.0
Switzerland,2017,Male,4.57,0.363,2486.782,9.302,141078.7,81.5,86.9,80.3,77.6,70.9,67.5,95.8,76.8,72.2,84.4,90.0,85.0,90.0
Switzerland,2017,Total,4.797,1.186,4636.74,8.133,141078.7,81.5,86.9,80.3,77.6,70.9,67.5,95.8,76.8,72.2,84.4,90.0,85.0,90.0
Switzerland,2018,Female,5.109,2.334,2173.24,6.962,143939.47,81.7,84.2,82.8,82.1,70.5,65.4,95.9,75.7,73.9,85.2,90.0,85.0,90.0
Switzerland,2018,Male,4.367,0.65,2502.085,8.845,143939.47,81.7,84.2,82.8,82.1,70.5,65.4,95.9,75.7,73.9,85.2,90.0,85.0,90.0
Switzerland,2018,Total,4.713,1.434,4675.326,7.925,143939.47,81.7,84.2,82.8,82.1,70.5,65.4,95.9,75.7,73.9,85.2,90.0,85.0,90.0
Switzerland,2019,Female,4.711,2.042,2198.686,5.873,144669.13,81.9,85.3,88.0,82.0,70.5,64.8,96.3,75.4,72.5,85.2,87.4,85.0,90.0
Switzerland,2019,Male,4.114,0.283,2507.097,9.454,144669.13,81.9,85.3,88.0,82.0,70.5,64.8,96.3,75.4,72.5,85.2,87.4,85.0,90.0
Switzerland,2019,Total,4.394,1.1,4705.783,7.707,144669.13,81.9,85.3,88.0,82.0,70.5,64.8,96.3,75.4,72.5,85.2,87.4,85.0,90.0
Switzerland,2020,Female,5.0,1.742,2191.698,7.141,141900.33,82.0,87.4,90.1,81.5,70.1,65.3,96.7,74.2,72.4,84.4,86.6,85.0,90.0
Switzerland,2020,Male,4.656,0.796,2504.436,10.031,141900.33,82.0,87.4,90.1,81.5,70.1,65.3,96.7,74.2,72.4,84.4,86.6,85.0,90.0
Switzerland,2020,Total,4.817,1.242,4696.134,8.621,141900.33,82.0,87.4,90.1,81.5,70.1,65.3,96.7,74.2,72.4,84.4,86.6,85.0,90.0
Switzerland,2021,Female,5.236,1.761,2202.274,8.831,149896.33,81.9,85.4,87.9,82.2,70.4,67.6,96.9,73.6,72.5,85.4,86.0,85.0,90.0
Switzerland,2021,Male,4.815,0.463,2504.734,10.287,149896.33,81.9,85.4,87.9,82.2,70.4,67.6,96.9,73.6,72.5,85.4,86.0,85.0,90.0
Switzerland,2021,Total,5.013,1.066,4707.008,9.578,149896.33,81.9,85.4,87.9,82.2,70.4,67.6,96.9,73.6,72.5,85.4,86.0,85.0,90.0
Switzerland,2022,Female,4.382,1.688,2217.654,9.005,153524.81,84.2,95.2,92.3,98.0,70.1,67.2,96.3,84.3,60.0,84.9,86.6,85.0,90.0
Switzerland,2022,Male,3.894,0.182,2534.557,9.607,153524.81,84.2,95.2,92.3,98.0,70.1,67.2,96.3,84.3,60.0,84.9,86.6,85.0,90.0
Switzerland,2022,Total,4.122,0.883,4752.211,9.314,153524.81,84.2,95.2,92.3,98.0,70.1,67.2,96.3,84.3,60.0,84.9,86.6,85.0,90.0
Switzerland,2023,Female,4.283,1.827,2263.944,6.377,151403.66,83.8,94.2,97.8,92.3,70.6,63.9,95.4,84.3,60.5,85.1,86.6,85.0,90.0
Switzerland,2023,Male,3.832,0.518,2584.236,6.831,151403.66,83.8,94.2,97.8,92.3,70.6,63.9,95.4,84.3,60.5,85.1,86.6,85.0,90.0
Switzerland,2023,Total,4.043,1.138,4848.18,6.611,151403.66,83.8,94.2,97.8,92.3,70.6,63.9,95.4,84.3,60.5,85.1,86.6,85.0,90.0
Türkiye,2015,Female,12.646,48.277,8058.258,33.808,72526.91,63.2,45.0,50.0,,76.1,57.6,,61.0,50.2,72.4,84.6,75.0,60.0
Türkiye,2015,Male,9.245,28.925,18562.292,14.287,72526.91,63.2,45.0,50.0,,76.1,57.6,,61.0,50.2,72.4,84.6,75.0,60.0
Türkiye,2015,Total,10.302,34.783,26620.551,24.032,72526.91,63.2,45.0,50.0,,76.1,57.6,,61.0,50.2,72.4,84.6,75.0,60.0
Türkiye,2016,Female,13.742,46.289,8312.299,33.499,72635.32,62.1,40.0,45.0,,75.2,55.6,,65.4,48.6,71.5,84.4,75.0,60.0
Türkiye,2016,Male,9.597,29.372,18892.861,14.563,72635.32,62.1,40.0,45.0,,75.2,55.6,,65.4,48.6,71.5,84.4,75.0,60.0
Türkiye,2016,Total,10.905,34.541,27205.161,23.964,72635.32,62.1,40.0,45.0,,75.2,55.6,,65.4,48.6,71.5,84.4,75.0,60.0
Türkiye,2017,Female,14.082,46.532,8728.686,34.046,75317.5,65.2,61.3,40.7,52.5,75.5,57.7,95.7,64.3,48.5,72.2,79.4,75.0,60.0
Türkiye,2017,Male,9.419,29.83,19460.208,14.602,75317.5,65.2,61.3,40.7,52.5,75.5,57.7,95.7,64.3,48.5,72.2,79.4,75.0,60.0
Türkiye,2017,Total,10.916,35.002,28188.894,24.188,75317.5,65.2,61.3,40.7,52.5,75.5,57.7,95.7,64.3,48.5,72.2,79.4,75.0,60.0
Türkiye,2018,Female,13.891,44.961,9017.894,33.554,75651.41,65.4,54.7,42.0,54.5,74.7,68.1,93.6,63.3,47.6,72.3,78.6,75.0,60.0
Türkiye,2018,Male,9.549,30.082,19719.667,15.643,75651.41,65.4,54.7,42.0,54.5,74.7,68.1,93.6,63.3,47.6,72.3,78.6,75.0,60.0
Türkiye,2018,Total,10.958,34.751,28737.561,24.461,75651.41,65.4,54.7,42.0,54.5,74.7,68.1,93.6,63.3,47.6,72.3,78.6,75.0,60.0
Türkiye,2019,Female,16.488,43.538,8924.126,33.977,78076.2,64.6,55.8,41.2,49.8,76.4,65.1,92.2,66.0,49.2,70.0,79.6,70.0,60.0
Türkiye,2019,Male,12.384,31.378,19155.567,18.337,78076.2,64.6,55.8,41.2,49.8,76.4,65.1,92.2,66.0,49.2,70.0,79.6,70.0,60.0
Türkiye,2019,Total,13.731,35.242,28079.693,26.052,78076.2,64.6,55.8,41.2,49.8,76.4,65.1,92.2,66.0,49.2,70.0,79.6,70.0,60.0
Türkiye,2020,Female,14.969,38.609,8306.19,35.74,83855.23,64.4,57.4,44.6,53.7,76.7,64.1,86.1,67.0,49.2,66.1,78.0,70.0,60.0
Türkiye,2020,Male,12.315,28.192,18505.993,21.218,83855.23,64.4,57.4,44.6,53.7,76.7,64.1,86.1,67.0,49.2,66.1,78.0,70.0,60.0
Türkiye,2020,Total,13.155,31.419,26812.183,28.335,83855.23,64.4,57.4,44.6,53.7,76.7,64.1,86.1,67.0,49.2,66.1,78.0,70.0,60.0
Türkiye,2021,Female,14.721,37.443,9005.185,32.37,87654.28,64.0,61.5,45.4,58.6,73.2,64.5,75.8,68.5,48.8,65.4,76.0,70.0,60.0
Türkiye,2021,Male,10.671,26.449,19791.628,17.464,87654.28,64.0,61.5,45.4,58.6,73.2,64.5,75.8,68.5,48.8,65.4,76.0,70.0,60.0
Türkiye,2021,Total,11.979,29.887,28796.813,24.753,87654.28,64.0,61.5,45.4,58.6,73.2,64.5,75.8,68.5,48.8,65.4,76.0,70.0,60.0
Türkiye,2022,Female,13.406,36.318,9934.65,32.314,87310.05,56.9,42.0,39.4,25.6,74.7,63.8,59.2,63.4,47.1,61.9,75.6,70.0,60.0
Türkiye,2022,Male,8.94,24.177,20817.832,16.359,87310.05,56.9,42.0,39.4,25.6,74.7,63.8,59.2,63.4,47.1,61.9,75.6,70.0,60.0
Türkiye,2022,Total,10.432,28.099,30752.482,24.158,87310.05,56.9,42.0,39.4,25.6,74.7,63.8,59.2,63.4,47.1,61.9,75.6,70.0,60.0
Türkiye,2023,Female,12.647,34.416,10346.218,29.776,89620.41,56.9,40.8,24.2,37.1,73.0,66.1,63.0,59.7,54.9,58.6,75.8,70.0,60.0
Türkiye,2023,Male,7.662,23.852,21286.102,15.615,89620.41,56.9,40.8,24.2,37.1,73.0,66.1,63.0,59.7,54.9,58.6,75.8,70.0,60.0
Türkiye,2023,Total,9.354,27.307,31632.32,22.494,89620.41,56.9,40.8,24.2,37.1,73.0,66.1,63.0,59.7,54.9,58.6,75.8,70.0,60.0
Ukraine,2015,Female,8.08,,7872.4,20.47,33665.1,46.9,20.0,25.0,,78.7,28.0,,59.3,48.2,78.6,85.8,15.0,30.0
Ukraine,2015,Male,10.1,,8570.8,14.93,33665.1,46.9,20.0,25.0,,78.7,28.0,,59.3,48.2,78.6,85.8,15.0,30.0
Ukraine,2015,Total,9.14,,16443.2,17.63,33665.1,46.9,20.0,25.0,,78.7,28.0,,59.3,48.2,78.6,85.8,15.0,30.0
Ukraine,2016,Female,7.69,,7827.4,21.32,34764.38,46.8,25.0,26.0,,78.6,30.6,,56.8,47.9,66.9,85.8,20.0,30.0
Ukraine,2016,Male,10.83,,8449.5,15.36,34764.38,46.8,25.0,26.0,,78.6,30.6,,56.8,47.9,66.9,85.8,20.0,30.0
Ukraine,2016,Total,9.35,,16276.9,18.26,34764.38,46.8,25.0,26.0,,78.6,30.6,,56.8,47.9,66.9,85.8,20.0,30.0
Ukraine,2017,Female,7.7,,7771.2,19.65,35835.71,48.1,41.4,29.2,22.6,78.6,38.2,67.9,62.1,48.8,47.4,85.9,25.0,30.0
Ukraine,2017,Male,11.1,,8385.2,13.46,35835.71,48.1,41.4,29.2,22.6,78.6,38.2,67.9,62.1,48.8,47.4,85.9,25.0,30.0
Ukraine,2017,Total,9.5,,16156.4,16.47,35835.71,48.1,41.4,29.2,22.6,78.6,38.2,67.9,62.1,48.8,47.4,85.9,25.0,30.0
Ukraine,2018,Female,7.434,,7910.73,,36995.09,51.9,41.0,29.0,29.5,80.2,45.0,75.9,62.7,52.8,60.1,81.1,35.0,30.0
Ukraine,2018,Male,10.042,,8450.137,,36995.09,51.9,41.0,29.0,29.5,80.2,45.0,75.9,62.7,52.8,60.1,81.1,35.0,30.0
Ukraine,2018,Total,8.799,,16360.867,,36995.09,51.9,41.0,29.0,29.5,80.2,45.0,75.9,62.7,52.8,60.1,81.1,35.0,30.0
Ukraine,2019,Female,7.855,,7974.256,,38113.27,52.3,43.9,29.6,31.5,81.8,46.9,82.6,66.1,46.7,58.6,75.0,35.0,30.0
Ukraine,2019,Male,8.503,,8693.728,,38113.27,52.3,43.9,29.6,31.5,81.8,46.9,82.6,66.1,46.7,58.6,75.0,35.0,30.0
Ukraine,2019,Total,8.194,,16667.984,,38113.27,52.3,43.9,29.6,31.5,81.8,46.9,82.6,66.1,46.7,58.6,75.0,35.0,30.0
Ukraine,2020,Female,9.071,,7650.011,,38229.72,54.9,47.5,37.9,42.2,81.1,47.2,83.9,61.3,48.3,63.0,81.2,35.0,30.0
Ukraine,2020,Male,9.843,,8345.542,,38229.72,54.9,47.5,37.9,42.2,81.1,47.2,83.9,61.3,48.3,63.0,81.2,35.0,30.0
Ukraine,2020,Total,9.475,,15995.553,,38229.72,54.9,47.5,37.9,42.2,81.1,47.2,83.9,61.3,48.3,63.0,81.2,35.0,30.0
Ukraine,2021,Female,10.148,,7451.415,,40308.5,56.2,48.5,37.9,41.1,88.7,48.2,87.7,63.5,48.7,65.8,79.2,35.0,30.0
Ukraine,2021,Male,9.548,,8241.954,,40308.5,56.2,48.5,37.9,41.1,88.7,48.2,87.7,63.5,48.7,65.8,79.2,35.0,30.0
Ukraine,2021,Total,9.834,,15693.369,,40308.5,56.2,48.5,37.9,41.1,88.7,48.2,87.7,63.5,48.7,65.8,79.2,35.0,30.0
United Kingdom of Great Britain and Northern Ireland,2015,Female,5.376,5.133,14573.621,14.105,106803.99,,,,,,,,,,,,,
United Kingdom of Great Britain and Northern Ireland,2015,Male,5.707,3.32,16596.13,11.722,106803.99,,,,,,,,,,,,,
United Kingdom of Great Britain and Northern Ireland,2015,Total,5.552,4.166,31169.751,12.895,106803.99,,,,,,,,,,,,,
United Kingdom of Great Britain and Northern Ireland,2016,Female,4.756,5.205,14857.264,13.15,107099.36,,,,,,,,,,,,,
United Kingdom of Great Britain and Northern Ireland,2016,Male,5.043,3.006,16838.86,12.252,107099.36,,,,,,,,,,,,,
United Kingdom of Great Britain and Northern Ireland,2016,Total,4.909,4.037,31696.125,12.692,107099.36,,,,,,,,,,,,,
United Kingdom of Great Britain and Northern Ireland,2017,Female,4.363,12.376,15038.678,12.267,108798.57,,,,,,,,,,,,,
United Kingdom of Great Britain and Northern Ireland,2017,Male,4.623,5.958,16968.876,12.255,108798.57,,,,,,,,,,,,,
United Kingdom of Great Britain and Northern Ireland,2017,Total,4.501,8.999,32007.554,12.261,108798.57,,,,,,,,,,,,,
United Kingdom of Great Britain and Northern Ireland,2018,Female,4.064,7.923,15231.659,13.037,108940.49,,,,,,,,,,,,,
United Kingdom of Great Britain and Northern Ireland,2018,Male,4.216,5.231,17176.332,11.659,108940.49,,,,,,,,,,,,,
United Kingdom of Great Britain and Northern Ireland,2018,Total,4.145,6.512,32407.991,12.333,108940.49,,,,,,,,,,,,,
United Kingdom of Great Britain and Northern Ireland,2019,Female,3.46,,15550.68,12.155,109530.25,,,,,,,,,,,,,
United Kingdom of Great Britain and Northern Ireland,2019,Male,3.834,,17222.775,12.508,109530.25,,,,,,,,,,,,,
United Kingdom of Great Britain and Northern Ireland,2019,Total,3.657,,32773.456,12.335,109530.25,,,,,,,,,,,,,
United Kingdom of Great Britain and Northern Ireland,2020,Female,4.206,,15559.662,11.916,98728.42,,,,,,,,,,,,,
United Kingdom of Great Britain and Northern Ireland,2020,Male,4.8,,17055.195,13.264,98728.42,,,,,,,,,,,,,
United Kingdom of Great Britain and Northern Ireland,2020,Total,4.518,,32614.856,12.607,98728.42,,,,,,,,,,,,,
United Kingdom of Great Britain and Northern Ireland,2021,Female,4.626,,15413.953,10.49,108044.69,,,,,,,,,,,,,
United Kingdom of Great Britain and Northern Ireland,2021,Male,5.083,,16750.585,12.287,108044.69,,,,,,,,,,,,,
United Kingdom of Great Britain and Northern Ireland,2021,Total,4.864,,32164.538,11.41,108044.69,,,,,,,,,,,,,
United Kingdom of Great Britain and Northern Ireland,2022,Female,3.611,,15610.392,11.07,110942.86,,,,,,,,,,,,,
United Kingdom of Great Britain and Northern Ireland,2022,Male,3.91,,17098.429,12.521,110942.86,,,,,,,,,,,,,
United Kingdom of Great Britain and Northern Ireland,2022,Total,3.768,,32708.821,11.809,110942.86,,,,,,,,,,,,,
United Kingdom of Great Britain and Northern Ireland,2023,Female,3.685,,15842.234,12.122,110717.66,,,,,,,,,,,,,
United Kingdom of Great Britain and Northern Ireland,2023,Male,4.338,,17171.705,13.459,110717.66,,,,,,,,,,,,,
United Kingdom of Great Britain and Northern Ireland,2023,Total,4.025,,33013.939,12.802,110717.66,,,,,,,,,,,,,
