ref_area.label;source.label;indicator.label;time;obs_value_PKB
Afghanistan;ILO - Modelled Estimates;Output per worker (GDP constant 2021 international $ at PPP) -- ILO modelled estimates, Nov. 2024;2023;10830.93
Afghanistan;ILO - Modelled Estimates;Output per worker (GDP constant 2021 international $ at PPP) -- ILO modelled estimates, Nov. 2024;2022;10863.35
Afghanistan;ILO - Modelled Estimates;Output per worker (GDP constant 2021 international $ at PPP) -- ILO modelled estimates, Nov. 2024;2021;10611.72
Afghanistan;ILO - Modelled Estimates;Output per worker (GDP constant 2021 international $ at PPP) -- ILO modelled estimates, Nov. 2024;2020;13526.9
Afghanistan;ILO - Modelled Estimates;Output per worker (GDP constant 2021 international $ at PPP) -- ILO modelled estimates, Nov. 2024;2019;13569.87
Afghanistan;ILO - Modelled Estimates;Output per worker (GDP constant 2021 international $ at PPP) -- ILO modelled estimates, Nov. 2024;2018;13030.4
Afghanistan;ILO - Modelled Estimates;Output per worker (GDP constant 2021 international $ at PPP) -- ILO modelled estimates, Nov. 2024;2017;12864.44
Afghanistan;ILO - Modelled Estimates;Output per worker (GDP constant 2021 international $ at PPP) -- ILO modelled estimates, Nov. 2024;2016;12860.53
Afghanistan;ILO - Modelled Estimates;Output per worker (GDP constant 2021 international $ at PPP) -- ILO modelled estimates, Nov. 2024;2015;12873.6
Angola;ILO - Modelled Estimates;Output per worker (GDP constant 2021 international $ at PPP) -- ILO modelled estimates, Nov. 2024;2023;20422.28
Angola;ILO - Modelled Estimates;Output per worker (GDP constant 2021 international $ at PPP) -- ILO modelled estimates, Nov. 2024;2022;20974.18
Angola;ILO - Modelled Estimates;Output per worker (GDP constant 2021 international $ at PPP) -- ILO modelled estimates, Nov. 2024;2021;20911.17
Angola;ILO - Modelled Estimates;Output per worker (GDP constant 2021 international $ at PPP) -- ILO modelled estimates, Nov. 2024;2020;22077.61
Angola;ILO - Modelled Estimates;Output per worker (GDP constant 2021 international $ at PPP) -- ILO modelled estimates, Nov. 2024;2019;24065.1
Angola;ILO - Modelled Estimates;Output per worker (GDP constant 2021 international $ at PPP) -- ILO modelled estimates, Nov. 2024;2018;25039.7
Angola;ILO - Modelled Estimates;Output per worker (GDP constant 2021 international $ at PPP) -- ILO modelled estimates, Nov. 2024;2017;26194.4
Angola;ILO - Modelled Estimates;Output per worker (GDP constant 2021 international $ at PPP) -- ILO modelled estimates, Nov. 2024;2016;27078.59
Angola;ILO - Modelled Estimates;Output per worker (GDP constant 2021 international $ at PPP) -- ILO modelled estimates, Nov. 2024;2015;28665.59
Albania;ILO - Modelled Estimates;Output per worker (GDP constant 2021 international $ at PPP) -- ILO modelled estimates, Nov. 2024;2023;39142.37
Albania;ILO - Modelled Estimates;Output per worker (GDP constant 2021 international $ at PPP) -- ILO modelled estimates, Nov. 2024;2022;37724.67
Albania;ILO - Modelled Estimates;Output per worker (GDP constant 2021 international $ at PPP) -- ILO modelled estimates, Nov. 2024;2021;37259.16
Albania;ILO - Modelled Estimates;Output per worker (GDP constant 2021 international $ at PPP) -- ILO modelled estimates, Nov. 2024;2020;34734.81
Albania;ILO - Modelled Estimates;Output per worker (GDP constant 2021 international $ at PPP) -- ILO modelled estimates, Nov. 2024;2019;34266.48
Albania;ILO - Modelled Estimates;Output per worker (GDP constant 2021 international $ at PPP) -- ILO modelled estimates, Nov. 2024;2018;34463.2
Albania;ILO - Modelled Estimates;Output per worker (GDP constant 2021 international $ at PPP) -- ILO modelled estimates, Nov. 2024;2017;34421.73
Albania;ILO - Modelled Estimates;Output per worker (GDP constant 2021 international $ at PPP) -- ILO modelled estimates, Nov. 2024;2016;34446.86
Albania;ILO - Modelled Estimates;Output per worker (GDP constant 2021 international $ at PPP) -- ILO modelled estimates, Nov. 2024;2015;35330.14
United Arab Emirates;ILO - Modelled Estimates;Output per worker (GDP constant 2021 international $ at PPP) -- ILO modelled estimates, Nov. 2024;2023;106547.57
United Arab Emirates;ILO - Modelled Estimates;Output per worker (GDP constant 2021 international $ at PPP) -- ILO modelled estimates, Nov. 2024;2022;108109.66
United Arab Emirates;ILO - Modelled Estimates;Output per worker (GDP constant 2021 international $ at PPP) -- ILO modelled estimates, Nov. 2024;2021;105763.27
United Arab Emirates;ILO - Modelled Estimates;Output per worker (GDP constant 2021 international $ at PPP) -- ILO modelled estimates, Nov. 2024;2020;104064.87
United Arab Emirates;ILO - Modelled Estimates;Output per worker (GDP constant 2021 international $ at PPP) -- ILO modelled estimates, Nov. 2024;2019;107257.19
United Arab Emirates;ILO - Modelled Estimates;Output per worker (GDP constant 2021 international $ at PPP) -- ILO modelled estimates, Nov. 2024;2018;106888.96
United Arab Emirates;ILO - Modelled Estimates;Output per worker (GDP constant 2021 international $ at PPP) -- ILO modelled estimates, Nov. 2024;2017;107580.06
United Arab Emirates;ILO - Modelled Estimates;Output per worker (GDP constant 2021 international $ at PPP) -- ILO modelled estimates, Nov. 2024;2016;108773.23
United Arab Emirates;ILO - Modelled Estimates;Output per worker (GDP constant 2021 international $ at PPP) -- ILO modelled estimates, Nov. 2024;2015;108076.11
Argentina;ILO - Modelled Estimates;Output per worker (GDP constant 2021 international $ at PPP) -- ILO modelled estimates, Nov. 2024;2023;59749.64
Argentina;ILO - Modelled Estimates;Output per worker (GDP constant 2021 international $ at PPP) -- ILO modelled estimates, Nov. 2024;2022;62588.34
Argentina;ILO - Modelled Estimates;Output per worker (GDP constant 2021 international $ at PPP) -- ILO modelled estimates, Nov. 2024;2021;62370.17
Argentina;ILO - Modelled Estimates;Output per worker (GDP constant 2021 international $ at PPP) -- ILO modelled estimates, Nov. 2024;2020;63104.32
Argentina;ILO - Modelled Estimates;Output per worker (GDP constant 2021 international $ at PPP) -- ILO modelled estimates, Nov. 2024;2019;64562.06
Argentina;ILO - Modelled Estimates;Output per worker (GDP constant 2021 international $ at PPP) -- ILO modelled estimates, Nov. 2024;2018;66905.55
Argentina;ILO - Modelled Estimates;Output per worker (GDP constant 2021 international $ at PPP) -- ILO modelled estimates, Nov. 2024;2017;69719.69
Argentina;ILO - Modelled Estimates;Output per worker (GDP constant 2021 international $ at PPP) -- ILO modelled estimates, Nov. 2024;2016;68120.18
Argentina;ILO - Modelled Estimates;Output per worker (GDP constant 2021 international $ at PPP) -- ILO modelled estimates, Nov. 2024;2015;69739.94
Armenia;ILO - Modelled Estimates;Output per worker (GDP constant 2021 international $ at PPP) -- ILO modelled estimates, Nov. 2024;2023;45124.92
Armenia;ILO - Modelled Estimates;Output per worker (GDP constant 2021 international $ at PPP) -- ILO modelled estimates, Nov. 2024;2022;42678.54
Armenia;ILO - Modelled Estimates;Output per worker (GDP constant 2021 international $ at PPP) -- ILO modelled estimates, Nov. 2024;2021;38501.25
Armenia;ILO - Modelled Estimates;Output per worker (GDP constant 2021 international $ at PPP) -- ILO modelled estimates, Nov. 2024;2020;37800.45
Armenia;ILO - Modelled Estimates;Output per worker (GDP constant 2021 international $ at PPP) -- ILO modelled estimates, Nov. 2024;2019;40214.82
Armenia;ILO - Modelled Estimates;Output per worker (GDP constant 2021 international $ at PPP) -- ILO modelled estimates, Nov. 2024;2018;38399.58
Armenia;ILO - Modelled Estimates;Output per worker (GDP constant 2021 international $ at PPP) -- ILO modelled estimates, Nov. 2024;2017;35870.9
Armenia;ILO - Modelled Estimates;Output per worker (GDP constant 2021 international $ at PPP) -- ILO modelled estimates, Nov. 2024;2016;33224.83
Armenia;ILO - Modelled Estimates;Output per worker (GDP constant 2021 international $ at PPP) -- ILO modelled estimates, Nov. 2024;2015;33375.9
Australia;ILO - Modelled Estimates;Output per worker (GDP constant 2021 international $ at PPP) -- ILO modelled estimates, Nov. 2024;2023;111998.32
Australia;ILO - Modelled Estimates;Output per worker (GDP constant 2021 international $ at PPP) -- ILO modelled estimates, Nov. 2024;2022;111376.91
Australia;ILO - Modelled Estimates;Output per worker (GDP constant 2021 international $ at PPP) -- ILO modelled estimates, Nov. 2024;2021;111256.71
Australia;ILO - Modelled Estimates;Output per worker (GDP constant 2021 international $ at PPP) -- ILO modelled estimates, Nov. 2024;2020;113092.75
Australia;ILO - Modelled Estimates;Output per worker (GDP constant 2021 international $ at PPP) -- ILO modelled estimates, Nov. 2024;2019;111650.18
Australia;ILO - Modelled Estimates;Output per worker (GDP constant 2021 international $ at PPP) -- ILO modelled estimates, Nov. 2024;2018;111651.04
Australia;ILO - Modelled Estimates;Output per worker (GDP constant 2021 international $ at PPP) -- ILO modelled estimates, Nov. 2024;2017;111444.87
Australia;ILO - Modelled Estimates;Output per worker (GDP constant 2021 international $ at PPP) -- ILO modelled estimates, Nov. 2024;2016;111423.71
Australia;ILO - Modelled Estimates;Output per worker (GDP constant 2021 international $ at PPP) -- ILO modelled estimates, Nov. 2024;2015;110353.73
Austria;ILO - Modelled Estimates;Output per worker (GDP constant 2021 international $ at PPP) -- ILO modelled estimates, Nov. 2024;2023;130922.63
Austria;ILO - Modelled Estimates;Output per worker (GDP constant 2021 international $ at PPP) -- ILO modelled estimates, Nov. 2024;2022;132547.96
Austria;ILO - Modelled Estimates;Output per worker (GDP constant 2021 international $ at PPP) -- ILO modelled estimates, Nov. 2024;2021;130412.39
Austria;ILO - Modelled Estimates;Output per worker (GDP constant 2021 international $ at PPP) -- ILO modelled estimates, Nov. 2024;2020;124678.97
Austria;ILO - Modelled Estimates;Output per worker (GDP constant 2021 international $ at PPP) -- ILO modelled estimates, Nov. 2024;2019;132120.51
Austria;ILO - Modelled Estimates;Output per worker (GDP constant 2021 international $ at PPP) -- ILO modelled estimates, Nov. 2024;2018;131289.27
Austria;ILO - Modelled Estimates;Output per worker (GDP constant 2021 international $ at PPP) -- ILO modelled estimates, Nov. 2024;2017;130180.86
Austria;ILO - Modelled Estimates;Output per worker (GDP constant 2021 international $ at PPP) -- ILO modelled estimates, Nov. 2024;2016;128740.05
Austria;ILO - Modelled Estimates;Output per worker (GDP constant 2021 international $ at PPP) -- ILO modelled estimates, Nov. 2024;2015;128148.26
Azerbaijan;ILO - Modelled Estimates;Output per worker (GDP constant 2021 international $ at PPP) -- ILO modelled estimates, Nov. 2024;2023;44940.31
Azerbaijan;ILO - Modelled Estimates;Output per worker (GDP constant 2021 international $ at PPP) -- ILO modelled estimates, Nov. 2024;2022;44471.01
Azerbaijan;ILO - Modelled Estimates;Output per worker (GDP constant 2021 international $ at PPP) -- ILO modelled estimates, Nov. 2024;2021;44377.03
Azerbaijan;ILO - Modelled Estimates;Output per worker (GDP constant 2021 international $ at PPP) -- ILO modelled estimates, Nov. 2024;2020;39688.67
Azerbaijan;ILO - Modelled Estimates;Output per worker (GDP constant 2021 international $ at PPP) -- ILO modelled estimates, Nov. 2024;2019;42119.2
Azerbaijan;ILO - Modelled Estimates;Output per worker (GDP constant 2021 international $ at PPP) -- ILO modelled estimates, Nov. 2024;2018;41339.59
Azerbaijan;ILO - Modelled Estimates;Output per worker (GDP constant 2021 international $ at PPP) -- ILO modelled estimates, Nov. 2024;2017;41373.95
Azerbaijan;ILO - Modelled Estimates;Output per worker (GDP constant 2021 international $ at PPP) -- ILO modelled estimates, Nov. 2024;2016;41876.64
Azerbaijan;ILO - Modelled Estimates;Output per worker (GDP constant 2021 international $ at PPP) -- ILO modelled estimates, Nov. 2024;2015;44295.88
Burundi;ILO - Modelled Estimates;Output per worker (GDP constant 2021 international $ at PPP) -- ILO modelled estimates, Nov. 2024;2023;1939.19
Burundi;ILO - Modelled Estimates;Output per worker (GDP constant 2021 international $ at PPP) -- ILO modelled estimates, Nov. 2024;2022;1957.35
Burundi;ILO - Modelled Estimates;Output per worker (GDP constant 2021 international $ at PPP) -- ILO modelled estimates, Nov. 2024;2021;1999.12
Burundi;ILO - Modelled Estimates;Output per worker (GDP constant 2021 international $ at PPP) -- ILO modelled estimates, Nov. 2024;2020;2022.38
Burundi;ILO - Modelled Estimates;Output per worker (GDP constant 2021 international $ at PPP) -- ILO modelled estimates, Nov. 2024;2019;2058.15
Burundi;ILO - Modelled Estimates;Output per worker (GDP constant 2021 international $ at PPP) -- ILO modelled estimates, Nov. 2024;2018;2099.63
Burundi;ILO - Modelled Estimates;Output per worker (GDP constant 2021 international $ at PPP) -- ILO modelled estimates, Nov. 2024;2017;2138.26
Burundi;ILO - Modelled Estimates;Output per worker (GDP constant 2021 international $ at PPP) -- ILO modelled estimates, Nov. 2024;2016;2175.61
Burundi;ILO - Modelled Estimates;Output per worker (GDP constant 2021 international $ at PPP) -- ILO modelled estimates, Nov. 2024;2015;2213.18
Belgium;ILO - Modelled Estimates;Output per worker (GDP constant 2021 international $ at PPP) -- ILO modelled estimates, Nov. 2024;2023;149164.83
Belgium;ILO - Modelled Estimates;Output per worker (GDP constant 2021 international $ at PPP) -- ILO modelled estimates, Nov. 2024;2022;148058.81
Belgium;ILO - Modelled Estimates;Output per worker (GDP constant 2021 international $ at PPP) -- ILO modelled estimates, Nov. 2024;2021;147345.09
Belgium;ILO - Modelled Estimates;Output per worker (GDP constant 2021 international $ at PPP) -- ILO modelled estimates, Nov. 2024;2020;139044.73
Belgium;ILO - Modelled Estimates;Output per worker (GDP constant 2021 international $ at PPP) -- ILO modelled estimates, Nov. 2024;2019;145937.34
Belgium;ILO - Modelled Estimates;Output per worker (GDP constant 2021 international $ at PPP) -- ILO modelled estimates, Nov. 2024;2018;145103.21
Belgium;ILO - Modelled Estimates;Output per worker (GDP constant 2021 international $ at PPP) -- ILO modelled estimates, Nov. 2024;2017;145919.51
Belgium;ILO - Modelled Estimates;Output per worker (GDP constant 2021 international $ at PPP) -- ILO modelled estimates, Nov. 2024;2016;145795.35
Belgium;ILO - Modelled Estimates;Output per worker (GDP constant 2021 international $ at PPP) -- ILO modelled estimates, Nov. 2024;2015;145195.19
Benin;ILO - Modelled Estimates;Output per worker (GDP constant 2021 international $ at PPP) -- ILO modelled estimates, Nov. 2024;2023;8606.33
Benin;ILO - Modelled Estimates;Output per worker (GDP constant 2021 international $ at PPP) -- ILO modelled estimates, Nov. 2024;2022;8320.91
Benin;ILO - Modelled Estimates;Output per worker (GDP constant 2021 international $ at PPP) -- ILO modelled estimates, Nov. 2024;2021;8058.27
Benin;ILO - Modelled Estimates;Output per worker (GDP constant 2021 international $ at PPP) -- ILO modelled estimates, Nov. 2024;2020;7853.61
Benin;ILO - Modelled Estimates;Output per worker (GDP constant 2021 international $ at PPP) -- ILO modelled estimates, Nov. 2024;2019;7742.88
Benin;ILO - Modelled Estimates;Output per worker (GDP constant 2021 international $ at PPP) -- ILO modelled estimates, Nov. 2024;2018;7524.76
Benin;ILO - Modelled Estimates;Output per worker (GDP constant 2021 international $ at PPP) -- ILO modelled estimates, Nov. 2024;2017;7328.78
Benin;ILO - Modelled Estimates;Output per worker (GDP constant 2021 international $ at PPP) -- ILO modelled estimates, Nov. 2024;2016;7198.72
Benin;ILO - Modelled Estimates;Output per worker (GDP constant 2021 international $ at PPP) -- ILO modelled estimates, Nov. 2024;2015;7225.46
Burkina Faso;ILO - Modelled Estimates;Output per worker (GDP constant 2021 international $ at PPP) -- ILO modelled estimates, Nov. 2024;2023;9612.97
Burkina Faso;ILO - Modelled Estimates;Output per worker (GDP constant 2021 international $ at PPP) -- ILO modelled estimates, Nov. 2024;2022;9631.4
Burkina Faso;ILO - Modelled Estimates;Output per worker (GDP constant 2021 international $ at PPP) -- ILO modelled estimates, Nov. 2024;2021;9315.08
Burkina Faso;ILO - Modelled Estimates;Output per worker (GDP constant 2021 international $ at PPP) -- ILO modelled estimates, Nov. 2024;2020;8672.61
Burkina Faso;ILO - Modelled Estimates;Output per worker (GDP constant 2021 international $ at PPP) -- ILO modelled estimates, Nov. 2024;2019;8313.74
Burkina Faso;ILO - Modelled Estimates;Output per worker (GDP constant 2021 international $ at PPP) -- ILO modelled estimates, Nov. 2024;2018;7773.52
Burkina Faso;ILO - Modelled Estimates;Output per worker (GDP constant 2021 international $ at PPP) -- ILO modelled estimates, Nov. 2024;2017;7232.56
Burkina Faso;ILO - Modelled Estimates;Output per worker (GDP constant 2021 international $ at PPP) -- ILO modelled estimates, Nov. 2024;2016;6766.95
Burkina Faso;ILO - Modelled Estimates;Output per worker (GDP constant 2021 international $ at PPP) -- ILO modelled estimates, Nov. 2024;2015;6350.29
Bangladesh;ILO - Modelled Estimates;Output per worker (GDP constant 2021 international $ at PPP) -- ILO modelled estimates, Nov. 2024;2023;19505.19
Bangladesh;ILO - Modelled Estimates;Output per worker (GDP constant 2021 international $ at PPP) -- ILO modelled estimates, Nov. 2024;2022;18760
Bangladesh;ILO - Modelled Estimates;Output per worker (GDP constant 2021 international $ at PPP) -- ILO modelled estimates, Nov. 2024;2021;18112.03
Bangladesh;ILO - Modelled Estimates;Output per worker (GDP constant 2021 international $ at PPP) -- ILO modelled estimates, Nov. 2024;2020;17521.1
Bangladesh;ILO - Modelled Estimates;Output per worker (GDP constant 2021 international $ at PPP) -- ILO modelled estimates, Nov. 2024;2019;17050.94
Bangladesh;ILO - Modelled Estimates;Output per worker (GDP constant 2021 international $ at PPP) -- ILO modelled estimates, Nov. 2024;2018;16150.63
Bangladesh;ILO - Modelled Estimates;Output per worker (GDP constant 2021 international $ at PPP) -- ILO modelled estimates, Nov. 2024;2017;15398.47
Bangladesh;ILO - Modelled Estimates;Output per worker (GDP constant 2021 international $ at PPP) -- ILO modelled estimates, Nov. 2024;2016;15254.57
Bangladesh;ILO - Modelled Estimates;Output per worker (GDP constant 2021 international $ at PPP) -- ILO modelled estimates, Nov. 2024;2015;14411.25
Bulgaria;ILO - Modelled Estimates;Output per worker (GDP constant 2021 international $ at PPP) -- ILO modelled estimates, Nov. 2024;2023;67767.2
Bulgaria;ILO - Modelled Estimates;Output per worker (GDP constant 2021 international $ at PPP) -- ILO modelled estimates, Nov. 2024;2022;66415.88
Bulgaria;ILO - Modelled Estimates;Output per worker (GDP constant 2021 international $ at PPP) -- ILO modelled estimates, Nov. 2024;2021;65649.61
Bulgaria;ILO - Modelled Estimates;Output per worker (GDP constant 2021 international $ at PPP) -- ILO modelled estimates, Nov. 2024;2020;59885.73
Bulgaria;ILO - Modelled Estimates;Output per worker (GDP constant 2021 international $ at PPP) -- ILO modelled estimates, Nov. 2024;2019;60481.11
Bulgaria;ILO - Modelled Estimates;Output per worker (GDP constant 2021 international $ at PPP) -- ILO modelled estimates, Nov. 2024;2018;59563.82
Bulgaria;ILO - Modelled Estimates;Output per worker (GDP constant 2021 international $ at PPP) -- ILO modelled estimates, Nov. 2024;2017;57987.46
Bulgaria;ILO - Modelled Estimates;Output per worker (GDP constant 2021 international $ at PPP) -- ILO modelled estimates, Nov. 2024;2016;59017.89
Bulgaria;ILO - Modelled Estimates;Output per worker (GDP constant 2021 international $ at PPP) -- ILO modelled estimates, Nov. 2024;2015;56829.01
Bahrain;ILO - Modelled Estimates;Output per worker (GDP constant 2021 international $ at PPP) -- ILO modelled estimates, Nov. 2024;2023;97435.56
Bahrain;ILO - Modelled Estimates;Output per worker (GDP constant 2021 international $ at PPP) -- ILO modelled estimates, Nov. 2024;2022;97766.77
Bahrain;ILO - Modelled Estimates;Output per worker (GDP constant 2021 international $ at PPP) -- ILO modelled estimates, Nov. 2024;2021;96287.93
Bahrain;ILO - Modelled Estimates;Output per worker (GDP constant 2021 international $ at PPP) -- ILO modelled estimates, Nov. 2024;2020;95475.85
Bahrain;ILO - Modelled Estimates;Output per worker (GDP constant 2021 international $ at PPP) -- ILO modelled estimates, Nov. 2024;2019;96866.89
Bahrain;ILO - Modelled Estimates;Output per worker (GDP constant 2021 international $ at PPP) -- ILO modelled estimates, Nov. 2024;2018;93036.02
Bahrain;ILO - Modelled Estimates;Output per worker (GDP constant 2021 international $ at PPP) -- ILO modelled estimates, Nov. 2024;2017;91570.59
Bahrain;ILO - Modelled Estimates;Output per worker (GDP constant 2021 international $ at PPP) -- ILO modelled estimates, Nov. 2024;2016;92235.3
Bahrain;ILO - Modelled Estimates;Output per worker (GDP constant 2021 international $ at PPP) -- ILO modelled estimates, Nov. 2024;2015;94309.71
Bahamas;ILO - Modelled Estimates;Output per worker (GDP constant 2021 international $ at PPP) -- ILO modelled estimates, Nov. 2024;2023;61472.99
Bahamas;ILO - Modelled Estimates;Output per worker (GDP constant 2021 international $ at PPP) -- ILO modelled estimates, Nov. 2024;2022;61029.89
Bahamas;ILO - Modelled Estimates;Output per worker (GDP constant 2021 international $ at PPP) -- ILO modelled estimates, Nov. 2024;2021;58181.4
Bahamas;ILO - Modelled Estimates;Output per worker (GDP constant 2021 international $ at PPP) -- ILO modelled estimates, Nov. 2024;2020;52543.7
Bahamas;ILO - Modelled Estimates;Output per worker (GDP constant 2021 international $ at PPP) -- ILO modelled estimates, Nov. 2024;2019;61500.91
Bahamas;ILO - Modelled Estimates;Output per worker (GDP constant 2021 international $ at PPP) -- ILO modelled estimates, Nov. 2024;2018;63431.5
Bahamas;ILO - Modelled Estimates;Output per worker (GDP constant 2021 international $ at PPP) -- ILO modelled estimates, Nov. 2024;2017;62429.78
Bahamas;ILO - Modelled Estimates;Output per worker (GDP constant 2021 international $ at PPP) -- ILO modelled estimates, Nov. 2024;2016;63526.59
Bahamas;ILO - Modelled Estimates;Output per worker (GDP constant 2021 international $ at PPP) -- ILO modelled estimates, Nov. 2024;2015;64353.64
Bosnia and Herzegovina;ILO - Modelled Estimates;Output per worker (GDP constant 2021 international $ at PPP) -- ILO modelled estimates, Nov. 2024;2023;52249.13
Bosnia and Herzegovina;ILO - Modelled Estimates;Output per worker (GDP constant 2021 international $ at PPP) -- ILO modelled estimates, Nov. 2024;2022;52962.28
Bosnia and Herzegovina;ILO - Modelled Estimates;Output per worker (GDP constant 2021 international $ at PPP) -- ILO modelled estimates, Nov. 2024;2021;51597.69
Bosnia and Herzegovina;ILO - Modelled Estimates;Output per worker (GDP constant 2021 international $ at PPP) -- ILO modelled estimates, Nov. 2024;2020;47903.58
Bosnia and Herzegovina;ILO - Modelled Estimates;Output per worker (GDP constant 2021 international $ at PPP) -- ILO modelled estimates, Nov. 2024;2019;48172.89
Bosnia and Herzegovina;ILO - Modelled Estimates;Output per worker (GDP constant 2021 international $ at PPP) -- ILO modelled estimates, Nov. 2024;2018;47532.31
Bosnia and Herzegovina;ILO - Modelled Estimates;Output per worker (GDP constant 2021 international $ at PPP) -- ILO modelled estimates, Nov. 2024;2017;46263.07
Bosnia and Herzegovina;ILO - Modelled Estimates;Output per worker (GDP constant 2021 international $ at PPP) -- ILO modelled estimates, Nov. 2024;2016;47007.64
Bosnia and Herzegovina;ILO - Modelled Estimates;Output per worker (GDP constant 2021 international $ at PPP) -- ILO modelled estimates, Nov. 2024;2015;46260.63
Belarus;ILO - Modelled Estimates;Output per worker (GDP constant 2021 international $ at PPP) -- ILO modelled estimates, Nov. 2024;2023;54633.54
Belarus;ILO - Modelled Estimates;Output per worker (GDP constant 2021 international $ at PPP) -- ILO modelled estimates, Nov. 2024;2022;52055.34
Belarus;ILO - Modelled Estimates;Output per worker (GDP constant 2021 international $ at PPP) -- ILO modelled estimates, Nov. 2024;2021;54436.9
Belarus;ILO - Modelled Estimates;Output per worker (GDP constant 2021 international $ at PPP) -- ILO modelled estimates, Nov. 2024;2020;52634.11
Belarus;ILO - Modelled Estimates;Output per worker (GDP constant 2021 international $ at PPP) -- ILO modelled estimates, Nov. 2024;2019;52348.76
Belarus;ILO - Modelled Estimates;Output per worker (GDP constant 2021 international $ at PPP) -- ILO modelled estimates, Nov. 2024;2018;51487.56
Belarus;ILO - Modelled Estimates;Output per worker (GDP constant 2021 international $ at PPP) -- ILO modelled estimates, Nov. 2024;2017;50152.61
Belarus;ILO - Modelled Estimates;Output per worker (GDP constant 2021 international $ at PPP) -- ILO modelled estimates, Nov. 2024;2016;48927.31
Belarus;ILO - Modelled Estimates;Output per worker (GDP constant 2021 international $ at PPP) -- ILO modelled estimates, Nov. 2024;2015;50186.81
Belize;ILO - Modelled Estimates;Output per worker (GDP constant 2021 international $ at PPP) -- ILO modelled estimates, Nov. 2024;2023;30007.13
Belize;ILO - Modelled Estimates;Output per worker (GDP constant 2021 international $ at PPP) -- ILO modelled estimates, Nov. 2024;2022;30800.86
Belize;ILO - Modelled Estimates;Output per worker (GDP constant 2021 international $ at PPP) -- ILO modelled estimates, Nov. 2024;2021;29432.55
Belize;ILO - Modelled Estimates;Output per worker (GDP constant 2021 international $ at PPP) -- ILO modelled estimates, Nov. 2024;2020;24555.18
Belize;ILO - Modelled Estimates;Output per worker (GDP constant 2021 international $ at PPP) -- ILO modelled estimates, Nov. 2024;2019;26335.43
Belize;ILO - Modelled Estimates;Output per worker (GDP constant 2021 international $ at PPP) -- ILO modelled estimates, Nov. 2024;2018;26546.8
Belize;ILO - Modelled Estimates;Output per worker (GDP constant 2021 international $ at PPP) -- ILO modelled estimates, Nov. 2024;2017;27799.12
Belize;ILO - Modelled Estimates;Output per worker (GDP constant 2021 international $ at PPP) -- ILO modelled estimates, Nov. 2024;2016;29287.54
Belize;ILO - Modelled Estimates;Output per worker (GDP constant 2021 international $ at PPP) -- ILO modelled estimates, Nov. 2024;2015;30672.34
Bolivia (Plurinational State of);ILO - Modelled Estimates;Output per worker (GDP constant 2021 international $ at PPP) -- ILO modelled estimates, Nov. 2024;2023;18543.76
Bolivia (Plurinational State of);ILO - Modelled Estimates;Output per worker (GDP constant 2021 international $ at PPP) -- ILO modelled estimates, Nov. 2024;2022;18453.87
Bolivia (Plurinational State of);ILO - Modelled Estimates;Output per worker (GDP constant 2021 international $ at PPP) -- ILO modelled estimates, Nov. 2024;2021;18501.79
Bolivia (Plurinational State of);ILO - Modelled Estimates;Output per worker (GDP constant 2021 international $ at PPP) -- ILO modelled estimates, Nov. 2024;2020;19443.82
Bolivia (Plurinational State of);ILO - Modelled Estimates;Output per worker (GDP constant 2021 international $ at PPP) -- ILO modelled estimates, Nov. 2024;2019;20347.81
Bolivia (Plurinational State of);ILO - Modelled Estimates;Output per worker (GDP constant 2021 international $ at PPP) -- ILO modelled estimates, Nov. 2024;2018;20915.84
Bolivia (Plurinational State of);ILO - Modelled Estimates;Output per worker (GDP constant 2021 international $ at PPP) -- ILO modelled estimates, Nov. 2024;2017;21428.54
Bolivia (Plurinational State of);ILO - Modelled Estimates;Output per worker (GDP constant 2021 international $ at PPP) -- ILO modelled estimates, Nov. 2024;2016;21332.19
Bolivia (Plurinational State of);ILO - Modelled Estimates;Output per worker (GDP constant 2021 international $ at PPP) -- ILO modelled estimates, Nov. 2024;2015;20734.32
Brazil;ILO - Modelled Estimates;Output per worker (GDP constant 2021 international $ at PPP) -- ILO modelled estimates, Nov. 2024;2023;41014.62
Brazil;ILO - Modelled Estimates;Output per worker (GDP constant 2021 international $ at PPP) -- ILO modelled estimates, Nov. 2024;2022;40323.03
Brazil;ILO - Modelled Estimates;Output per worker (GDP constant 2021 international $ at PPP) -- ILO modelled estimates, Nov. 2024;2021;41904.48
Brazil;ILO - Modelled Estimates;Output per worker (GDP constant 2021 international $ at PPP) -- ILO modelled estimates, Nov. 2024;2020;41893.36
Brazil;ILO - Modelled Estimates;Output per worker (GDP constant 2021 international $ at PPP) -- ILO modelled estimates, Nov. 2024;2019;39945.74
Brazil;ILO - Modelled Estimates;Output per worker (GDP constant 2021 international $ at PPP) -- ILO modelled estimates, Nov. 2024;2018;40287.96
Brazil;ILO - Modelled Estimates;Output per worker (GDP constant 2021 international $ at PPP) -- ILO modelled estimates, Nov. 2024;2017;40207.3
Brazil;ILO - Modelled Estimates;Output per worker (GDP constant 2021 international $ at PPP) -- ILO modelled estimates, Nov. 2024;2016;39749.22
Brazil;ILO - Modelled Estimates;Output per worker (GDP constant 2021 international $ at PPP) -- ILO modelled estimates, Nov. 2024;2015;40241.27
Barbados;ILO - Modelled Estimates;Output per worker (GDP constant 2021 international $ at PPP) -- ILO modelled estimates, Nov. 2024;2023;37415.28
Barbados;ILO - Modelled Estimates;Output per worker (GDP constant 2021 international $ at PPP) -- ILO modelled estimates, Nov. 2024;2022;36277.61
Barbados;ILO - Modelled Estimates;Output per worker (GDP constant 2021 international $ at PPP) -- ILO modelled estimates, Nov. 2024;2021;30938.4
Barbados;ILO - Modelled Estimates;Output per worker (GDP constant 2021 international $ at PPP) -- ILO modelled estimates, Nov. 2024;2020;31592.76
Barbados;ILO - Modelled Estimates;Output per worker (GDP constant 2021 international $ at PPP) -- ILO modelled estimates, Nov. 2024;2019;35119.95
Barbados;ILO - Modelled Estimates;Output per worker (GDP constant 2021 international $ at PPP) -- ILO modelled estimates, Nov. 2024;2018;34672.02
Barbados;ILO - Modelled Estimates;Output per worker (GDP constant 2021 international $ at PPP) -- ILO modelled estimates, Nov. 2024;2017;34972.58
Barbados;ILO - Modelled Estimates;Output per worker (GDP constant 2021 international $ at PPP) -- ILO modelled estimates, Nov. 2024;2016;34875.28
Barbados;ILO - Modelled Estimates;Output per worker (GDP constant 2021 international $ at PPP) -- ILO modelled estimates, Nov. 2024;2015;35123.24
Brunei Darussalam;ILO - Modelled Estimates;Output per worker (GDP constant 2021 international $ at PPP) -- ILO modelled estimates, Nov. 2024;2023;160351
Brunei Darussalam;ILO - Modelled Estimates;Output per worker (GDP constant 2021 international $ at PPP) -- ILO modelled estimates, Nov. 2024;2022;159454.72
Brunei Darussalam;ILO - Modelled Estimates;Output per worker (GDP constant 2021 international $ at PPP) -- ILO modelled estimates, Nov. 2024;2021;163716.79
Brunei Darussalam;ILO - Modelled Estimates;Output per worker (GDP constant 2021 international $ at PPP) -- ILO modelled estimates, Nov. 2024;2020;172701.98
Brunei Darussalam;ILO - Modelled Estimates;Output per worker (GDP constant 2021 international $ at PPP) -- ILO modelled estimates, Nov. 2024;2019;169846.99
Brunei Darussalam;ILO - Modelled Estimates;Output per worker (GDP constant 2021 international $ at PPP) -- ILO modelled estimates, Nov. 2024;2018;165770.5
Brunei Darussalam;ILO - Modelled Estimates;Output per worker (GDP constant 2021 international $ at PPP) -- ILO modelled estimates, Nov. 2024;2017;172849.38
Brunei Darussalam;ILO - Modelled Estimates;Output per worker (GDP constant 2021 international $ at PPP) -- ILO modelled estimates, Nov. 2024;2016;171579.39
Brunei Darussalam;ILO - Modelled Estimates;Output per worker (GDP constant 2021 international $ at PPP) -- ILO modelled estimates, Nov. 2024;2015;176842.65
Bhutan;ILO - Modelled Estimates;Output per worker (GDP constant 2021 international $ at PPP) -- ILO modelled estimates, Nov. 2024;2023;29547.13
Bhutan;ILO - Modelled Estimates;Output per worker (GDP constant 2021 international $ at PPP) -- ILO modelled estimates, Nov. 2024;2022;30281.89
Bhutan;ILO - Modelled Estimates;Output per worker (GDP constant 2021 international $ at PPP) -- ILO modelled estimates, Nov. 2024;2021;26460.42
Bhutan;ILO - Modelled Estimates;Output per worker (GDP constant 2021 international $ at PPP) -- ILO modelled estimates, Nov. 2024;2020;26296.88
Bhutan;ILO - Modelled Estimates;Output per worker (GDP constant 2021 international $ at PPP) -- ILO modelled estimates, Nov. 2024;2019;29729.23
Bhutan;ILO - Modelled Estimates;Output per worker (GDP constant 2021 international $ at PPP) -- ILO modelled estimates, Nov. 2024;2018;30532.14
Bhutan;ILO - Modelled Estimates;Output per worker (GDP constant 2021 international $ at PPP) -- ILO modelled estimates, Nov. 2024;2017;29849.42
Bhutan;ILO - Modelled Estimates;Output per worker (GDP constant 2021 international $ at PPP) -- ILO modelled estimates, Nov. 2024;2016;29165.29
Bhutan;ILO - Modelled Estimates;Output per worker (GDP constant 2021 international $ at PPP) -- ILO modelled estimates, Nov. 2024;2015;27202.4
Botswana;ILO - Modelled Estimates;Output per worker (GDP constant 2021 international $ at PPP) -- ILO modelled estimates, Nov. 2024;2023;53199.76
Botswana;ILO - Modelled Estimates;Output per worker (GDP constant 2021 international $ at PPP) -- ILO modelled estimates, Nov. 2024;2022;55905.66
Botswana;ILO - Modelled Estimates;Output per worker (GDP constant 2021 international $ at PPP) -- ILO modelled estimates, Nov. 2024;2021;54144.25
Botswana;ILO - Modelled Estimates;Output per worker (GDP constant 2021 international $ at PPP) -- ILO modelled estimates, Nov. 2024;2020;49768.22
Botswana;ILO - Modelled Estimates;Output per worker (GDP constant 2021 international $ at PPP) -- ILO modelled estimates, Nov. 2024;2019;53491.45
Botswana;ILO - Modelled Estimates;Output per worker (GDP constant 2021 international $ at PPP) -- ILO modelled estimates, Nov. 2024;2018;52985.66
Botswana;ILO - Modelled Estimates;Output per worker (GDP constant 2021 international $ at PPP) -- ILO modelled estimates, Nov. 2024;2017;52094.28
Botswana;ILO - Modelled Estimates;Output per worker (GDP constant 2021 international $ at PPP) -- ILO modelled estimates, Nov. 2024;2016;50977.96
Botswana;ILO - Modelled Estimates;Output per worker (GDP constant 2021 international $ at PPP) -- ILO modelled estimates, Nov. 2024;2015;48323.87
Central African Republic;ILO - Modelled Estimates;Output per worker (GDP constant 2021 international $ at PPP) -- ILO modelled estimates, Nov. 2024;2023;3218.28
Central African Republic;ILO - Modelled Estimates;Output per worker (GDP constant 2021 international $ at PPP) -- ILO modelled estimates, Nov. 2024;2022;3233.34
Central African Republic;ILO - Modelled Estimates;Output per worker (GDP constant 2021 international $ at PPP) -- ILO modelled estimates, Nov. 2024;2021;3241.97
Central African Republic;ILO - Modelled Estimates;Output per worker (GDP constant 2021 international $ at PPP) -- ILO modelled estimates, Nov. 2024;2020;3248.76
Central African Republic;ILO - Modelled Estimates;Output per worker (GDP constant 2021 international $ at PPP) -- ILO modelled estimates, Nov. 2024;2019;3228.66
Central African Republic;ILO - Modelled Estimates;Output per worker (GDP constant 2021 international $ at PPP) -- ILO modelled estimates, Nov. 2024;2018;3172.34
Central African Republic;ILO - Modelled Estimates;Output per worker (GDP constant 2021 international $ at PPP) -- ILO modelled estimates, Nov. 2024;2017;3110.24
Central African Republic;ILO - Modelled Estimates;Output per worker (GDP constant 2021 international $ at PPP) -- ILO modelled estimates, Nov. 2024;2016;3023.34
Central African Republic;ILO - Modelled Estimates;Output per worker (GDP constant 2021 international $ at PPP) -- ILO modelled estimates, Nov. 2024;2015;2938.72
Canada;ILO - Modelled Estimates;Output per worker (GDP constant 2021 international $ at PPP) -- ILO modelled estimates, Nov. 2024;2023;108967.12
Canada;ILO - Modelled Estimates;Output per worker (GDP constant 2021 international $ at PPP) -- ILO modelled estimates, Nov. 2024;2022;109295.82
Canada;ILO - Modelled Estimates;Output per worker (GDP constant 2021 international $ at PPP) -- ILO modelled estimates, Nov. 2024;2021;109202.58
Canada;ILO - Modelled Estimates;Output per worker (GDP constant 2021 international $ at PPP) -- ILO modelled estimates, Nov. 2024;2020;108953.48
Canada;ILO - Modelled Estimates;Output per worker (GDP constant 2021 international $ at PPP) -- ILO modelled estimates, Nov. 2024;2019;108287.9
Canada;ILO - Modelled Estimates;Output per worker (GDP constant 2021 international $ at PPP) -- ILO modelled estimates, Nov. 2024;2018;108380.28
Canada;ILO - Modelled Estimates;Output per worker (GDP constant 2021 international $ at PPP) -- ILO modelled estimates, Nov. 2024;2017;107264.73
Canada;ILO - Modelled Estimates;Output per worker (GDP constant 2021 international $ at PPP) -- ILO modelled estimates, Nov. 2024;2016;106416.25
Canada;ILO - Modelled Estimates;Output per worker (GDP constant 2021 international $ at PPP) -- ILO modelled estimates, Nov. 2024;2015;105972.49
Channel Islands;ILO - Modelled Estimates;Output per worker (GDP constant 2021 international $ at PPP) -- ILO modelled estimates, Nov. 2024;2023;118167.28
Channel Islands;ILO - Modelled Estimates;Output per worker (GDP constant 2021 international $ at PPP) -- ILO modelled estimates, Nov. 2024;2022;117121.81
Channel Islands;ILO - Modelled Estimates;Output per worker (GDP constant 2021 international $ at PPP) -- ILO modelled estimates, Nov. 2024;2021;113004.46
Channel Islands;ILO - Modelled Estimates;Output per worker (GDP constant 2021 international $ at PPP) -- ILO modelled estimates, Nov. 2024;2020;105775.23
Channel Islands;ILO - Modelled Estimates;Output per worker (GDP constant 2021 international $ at PPP) -- ILO modelled estimates, Nov. 2024;2019;116857.96
Channel Islands;ILO - Modelled Estimates;Output per worker (GDP constant 2021 international $ at PPP) -- ILO modelled estimates, Nov. 2024;2018;115452.8
Channel Islands;ILO - Modelled Estimates;Output per worker (GDP constant 2021 international $ at PPP) -- ILO modelled estimates, Nov. 2024;2017;114887.6
Channel Islands;ILO - Modelled Estimates;Output per worker (GDP constant 2021 international $ at PPP) -- ILO modelled estimates, Nov. 2024;2016;113830.61
Channel Islands;ILO - Modelled Estimates;Output per worker (GDP constant 2021 international $ at PPP) -- ILO modelled estimates, Nov. 2024;2015;113108.61
Switzerland;ILO - Modelled Estimates;Output per worker (GDP constant 2021 international $ at PPP) -- ILO modelled estimates, Nov. 2024;2023;151403.66
Switzerland;ILO - Modelled Estimates;Output per worker (GDP constant 2021 international $ at PPP) -- ILO modelled estimates, Nov. 2024;2022;153524.81
Switzerland;ILO - Modelled Estimates;Output per worker (GDP constant 2021 international $ at PPP) -- ILO modelled estimates, Nov. 2024;2021;149896.33
Switzerland;ILO - Modelled Estimates;Output per worker (GDP constant 2021 international $ at PPP) -- ILO modelled estimates, Nov. 2024;2020;141900.33
Switzerland;ILO - Modelled Estimates;Output per worker (GDP constant 2021 international $ at PPP) -- ILO modelled estimates, Nov. 2024;2019;144669.13
Switzerland;ILO - Modelled Estimates;Output per worker (GDP constant 2021 international $ at PPP) -- ILO modelled estimates, Nov. 2024;2018;143939.47
Switzerland;ILO - Modelled Estimates;Output per worker (GDP constant 2021 international $ at PPP) -- ILO modelled estimates, Nov. 2024;2017;141078.7
Switzerland;ILO - Modelled Estimates;Output per worker (GDP constant 2021 international $ at PPP) -- ILO modelled estimates, Nov. 2024;2016;140326.52
Switzerland;ILO - Modelled Estimates;Output per worker (GDP constant 2021 international $ at PPP) -- ILO modelled estimates, Nov. 2024;2015;139698.23
Chile;ILO - Modelled Estimates;Output per worker (GDP constant 2021 international $ at PPP) -- ILO modelled estimates, Nov. 2024;2023;63710.15
Chile;ILO - Modelled Estimates;Output per worker (GDP constant 2021 international $ at PPP) -- ILO modelled estimates, Nov. 2024;2022;65134.55
Chile;ILO - Modelled Estimates;Output per worker (GDP constant 2021 international $ at PPP) -- ILO modelled estimates, Nov. 2024;2021;68062.58
Chile;ILO - Modelled Estimates;Output per worker (GDP constant 2021 international $ at PPP) -- ILO modelled estimates, Nov. 2024;2020;64116.44
Chile;ILO - Modelled Estimates;Output per worker (GDP constant 2021 international $ at PPP) -- ILO modelled estimates, Nov. 2024;2019;59511.62
Chile;ILO - Modelled Estimates;Output per worker (GDP constant 2021 international $ at PPP) -- ILO modelled estimates, Nov. 2024;2018;60272.13
Chile;ILO - Modelled Estimates;Output per worker (GDP constant 2021 international $ at PPP) -- ILO modelled estimates, Nov. 2024;2017;59249.55
Chile;ILO - Modelled Estimates;Output per worker (GDP constant 2021 international $ at PPP) -- ILO modelled estimates, Nov. 2024;2016;60013.96
Chile;ILO - Modelled Estimates;Output per worker (GDP constant 2021 international $ at PPP) -- ILO modelled estimates, Nov. 2024;2015;59760.75
China;ILO - Modelled Estimates;Output per worker (GDP constant 2021 international $ at PPP) -- ILO modelled estimates, Nov. 2024;2023;41938.75
China;ILO - Modelled Estimates;Output per worker (GDP constant 2021 international $ at PPP) -- ILO modelled estimates, Nov. 2024;2022;40178.56
China;ILO - Modelled Estimates;Output per worker (GDP constant 2021 international $ at PPP) -- ILO modelled estimates, Nov. 2024;2021;38271.91
China;ILO - Modelled Estimates;Output per worker (GDP constant 2021 international $ at PPP) -- ILO modelled estimates, Nov. 2024;2020;36239.21
China;ILO - Modelled Estimates;Output per worker (GDP constant 2021 international $ at PPP) -- ILO modelled estimates, Nov. 2024;2019;34712.71
China;ILO - Modelled Estimates;Output per worker (GDP constant 2021 international $ at PPP) -- ILO modelled estimates, Nov. 2024;2018;32625.8
China;ILO - Modelled Estimates;Output per worker (GDP constant 2021 international $ at PPP) -- ILO modelled estimates, Nov. 2024;2017;30524.51
China;ILO - Modelled Estimates;Output per worker (GDP constant 2021 international $ at PPP) -- ILO modelled estimates, Nov. 2024;2016;28499.49
China;ILO - Modelled Estimates;Output per worker (GDP constant 2021 international $ at PPP) -- ILO modelled estimates, Nov. 2024;2015;26690.99
Côte d'Ivoire;ILO - Modelled Estimates;Output per worker (GDP constant 2021 international $ at PPP) -- ILO modelled estimates, Nov. 2024;2023;16929.53
Côte d'Ivoire;ILO - Modelled Estimates;Output per worker (GDP constant 2021 international $ at PPP) -- ILO modelled estimates, Nov. 2024;2022;16394.86
Côte d'Ivoire;ILO - Modelled Estimates;Output per worker (GDP constant 2021 international $ at PPP) -- ILO modelled estimates, Nov. 2024;2021;16085.07
Côte d'Ivoire;ILO - Modelled Estimates;Output per worker (GDP constant 2021 international $ at PPP) -- ILO modelled estimates, Nov. 2024;2020;15804.02
Côte d'Ivoire;ILO - Modelled Estimates;Output per worker (GDP constant 2021 international $ at PPP) -- ILO modelled estimates, Nov. 2024;2019;16182.32
Côte d'Ivoire;ILO - Modelled Estimates;Output per worker (GDP constant 2021 international $ at PPP) -- ILO modelled estimates, Nov. 2024;2018;15487.52
Côte d'Ivoire;ILO - Modelled Estimates;Output per worker (GDP constant 2021 international $ at PPP) -- ILO modelled estimates, Nov. 2024;2017;15083.7
Côte d'Ivoire;ILO - Modelled Estimates;Output per worker (GDP constant 2021 international $ at PPP) -- ILO modelled estimates, Nov. 2024;2016;14077.14
Côte d'Ivoire;ILO - Modelled Estimates;Output per worker (GDP constant 2021 international $ at PPP) -- ILO modelled estimates, Nov. 2024;2015;13564.69
Cameroon;ILO - Modelled Estimates;Output per worker (GDP constant 2021 international $ at PPP) -- ILO modelled estimates, Nov. 2024;2023;13215.96
Cameroon;ILO - Modelled Estimates;Output per worker (GDP constant 2021 international $ at PPP) -- ILO modelled estimates, Nov. 2024;2022;13201.93
Cameroon;ILO - Modelled Estimates;Output per worker (GDP constant 2021 international $ at PPP) -- ILO modelled estimates, Nov. 2024;2021;13243.9
Cameroon;ILO - Modelled Estimates;Output per worker (GDP constant 2021 international $ at PPP) -- ILO modelled estimates, Nov. 2024;2020;13078.76
Cameroon;ILO - Modelled Estimates;Output per worker (GDP constant 2021 international $ at PPP) -- ILO modelled estimates, Nov. 2024;2019;13112.65
Cameroon;ILO - Modelled Estimates;Output per worker (GDP constant 2021 international $ at PPP) -- ILO modelled estimates, Nov. 2024;2018;12883.03
Cameroon;ILO - Modelled Estimates;Output per worker (GDP constant 2021 international $ at PPP) -- ILO modelled estimates, Nov. 2024;2017;12586.17
Cameroon;ILO - Modelled Estimates;Output per worker (GDP constant 2021 international $ at PPP) -- ILO modelled estimates, Nov. 2024;2016;12350.63
Cameroon;ILO - Modelled Estimates;Output per worker (GDP constant 2021 international $ at PPP) -- ILO modelled estimates, Nov. 2024;2015;12037.38
Congo, Democratic Republic of the;ILO - Modelled Estimates;Output per worker (GDP constant 2021 international $ at PPP) -- ILO modelled estimates, Nov. 2024;2023;4309.17
Congo, Democratic Republic of the;ILO - Modelled Estimates;Output per worker (GDP constant 2021 international $ at PPP) -- ILO modelled estimates, Nov. 2024;2022;4100.68
Congo, Democratic Republic of the;ILO - Modelled Estimates;Output per worker (GDP constant 2021 international $ at PPP) -- ILO modelled estimates, Nov. 2024;2021;3911.49
Congo, Democratic Republic of the;ILO - Modelled Estimates;Output per worker (GDP constant 2021 international $ at PPP) -- ILO modelled estimates, Nov. 2024;2020;3943.93
Congo, Democratic Republic of the;ILO - Modelled Estimates;Output per worker (GDP constant 2021 international $ at PPP) -- ILO modelled estimates, Nov. 2024;2019;3810.7
Congo, Democratic Republic of the;ILO - Modelled Estimates;Output per worker (GDP constant 2021 international $ at PPP) -- ILO modelled estimates, Nov. 2024;2018;3763.44
Congo, Democratic Republic of the;ILO - Modelled Estimates;Output per worker (GDP constant 2021 international $ at PPP) -- ILO modelled estimates, Nov. 2024;2017;3674.54
Congo, Democratic Republic of the;ILO - Modelled Estimates;Output per worker (GDP constant 2021 international $ at PPP) -- ILO modelled estimates, Nov. 2024;2016;3676.16
Congo, Democratic Republic of the;ILO - Modelled Estimates;Output per worker (GDP constant 2021 international $ at PPP) -- ILO modelled estimates, Nov. 2024;2015;3720.07
Congo;ILO - Modelled Estimates;Output per worker (GDP constant 2021 international $ at PPP) -- ILO modelled estimates, Nov. 2024;2023;19240.9
Congo;ILO - Modelled Estimates;Output per worker (GDP constant 2021 international $ at PPP) -- ILO modelled estimates, Nov. 2024;2022;19513.91
Congo;ILO - Modelled Estimates;Output per worker (GDP constant 2021 international $ at PPP) -- ILO modelled estimates, Nov. 2024;2021;20410.57
Congo;ILO - Modelled Estimates;Output per worker (GDP constant 2021 international $ at PPP) -- ILO modelled estimates, Nov. 2024;2020;20958.73
Congo;ILO - Modelled Estimates;Output per worker (GDP constant 2021 international $ at PPP) -- ILO modelled estimates, Nov. 2024;2019;22023.84
Congo;ILO - Modelled Estimates;Output per worker (GDP constant 2021 international $ at PPP) -- ILO modelled estimates, Nov. 2024;2018;22426.89
Congo;ILO - Modelled Estimates;Output per worker (GDP constant 2021 international $ at PPP) -- ILO modelled estimates, Nov. 2024;2017;23506.85
Congo;ILO - Modelled Estimates;Output per worker (GDP constant 2021 international $ at PPP) -- ILO modelled estimates, Nov. 2024;2016;25377.43
Congo;ILO - Modelled Estimates;Output per worker (GDP constant 2021 international $ at PPP) -- ILO modelled estimates, Nov. 2024;2015;28332.87
Colombia;ILO - Modelled Estimates;Output per worker (GDP constant 2021 international $ at PPP) -- ILO modelled estimates, Nov. 2024;2023;40837.42
Colombia;ILO - Modelled Estimates;Output per worker (GDP constant 2021 international $ at PPP) -- ILO modelled estimates, Nov. 2024;2022;42070.38
Colombia;ILO - Modelled Estimates;Output per worker (GDP constant 2021 international $ at PPP) -- ILO modelled estimates, Nov. 2024;2021;40603.61
Colombia;ILO - Modelled Estimates;Output per worker (GDP constant 2021 international $ at PPP) -- ILO modelled estimates, Nov. 2024;2020;38696.83
Colombia;ILO - Modelled Estimates;Output per worker (GDP constant 2021 international $ at PPP) -- ILO modelled estimates, Nov. 2024;2019;39278.65
Colombia;ILO - Modelled Estimates;Output per worker (GDP constant 2021 international $ at PPP) -- ILO modelled estimates, Nov. 2024;2018;38094.75
Colombia;ILO - Modelled Estimates;Output per worker (GDP constant 2021 international $ at PPP) -- ILO modelled estimates, Nov. 2024;2017;37576.44
Colombia;ILO - Modelled Estimates;Output per worker (GDP constant 2021 international $ at PPP) -- ILO modelled estimates, Nov. 2024;2016;37617.17
Colombia;ILO - Modelled Estimates;Output per worker (GDP constant 2021 international $ at PPP) -- ILO modelled estimates, Nov. 2024;2015;37018.46
Comoros;ILO - Modelled Estimates;Output per worker (GDP constant 2021 international $ at PPP) -- ILO modelled estimates, Nov. 2024;2023;11517.48
Comoros;ILO - Modelled Estimates;Output per worker (GDP constant 2021 international $ at PPP) -- ILO modelled estimates, Nov. 2024;2022;11436.07
Comoros;ILO - Modelled Estimates;Output per worker (GDP constant 2021 international $ at PPP) -- ILO modelled estimates, Nov. 2024;2021;11603.49
Comoros;ILO - Modelled Estimates;Output per worker (GDP constant 2021 international $ at PPP) -- ILO modelled estimates, Nov. 2024;2020;11887.34
Comoros;ILO - Modelled Estimates;Output per worker (GDP constant 2021 international $ at PPP) -- ILO modelled estimates, Nov. 2024;2019;12251.15
Comoros;ILO - Modelled Estimates;Output per worker (GDP constant 2021 international $ at PPP) -- ILO modelled estimates, Nov. 2024;2018;12545.85
Comoros;ILO - Modelled Estimates;Output per worker (GDP constant 2021 international $ at PPP) -- ILO modelled estimates, Nov. 2024;2017;12637.48
Comoros;ILO - Modelled Estimates;Output per worker (GDP constant 2021 international $ at PPP) -- ILO modelled estimates, Nov. 2024;2016;12710.8
Comoros;ILO - Modelled Estimates;Output per worker (GDP constant 2021 international $ at PPP) -- ILO modelled estimates, Nov. 2024;2015;12839.93
Cabo Verde;ILO - Modelled Estimates;Output per worker (GDP constant 2021 international $ at PPP) -- ILO modelled estimates, Nov. 2024;2023;25163.02
Cabo Verde;ILO - Modelled Estimates;Output per worker (GDP constant 2021 international $ at PPP) -- ILO modelled estimates, Nov. 2024;2022;24285.35
Cabo Verde;ILO - Modelled Estimates;Output per worker (GDP constant 2021 international $ at PPP) -- ILO modelled estimates, Nov. 2024;2021;22342.47
Cabo Verde;ILO - Modelled Estimates;Output per worker (GDP constant 2021 international $ at PPP) -- ILO modelled estimates, Nov. 2024;2020;21453.79
Cabo Verde;ILO - Modelled Estimates;Output per worker (GDP constant 2021 international $ at PPP) -- ILO modelled estimates, Nov. 2024;2019;25208.39
Cabo Verde;ILO - Modelled Estimates;Output per worker (GDP constant 2021 international $ at PPP) -- ILO modelled estimates, Nov. 2024;2018;24408.06
Cabo Verde;ILO - Modelled Estimates;Output per worker (GDP constant 2021 international $ at PPP) -- ILO modelled estimates, Nov. 2024;2017;22146.84
Cabo Verde;ILO - Modelled Estimates;Output per worker (GDP constant 2021 international $ at PPP) -- ILO modelled estimates, Nov. 2024;2016;21193.17
Cabo Verde;ILO - Modelled Estimates;Output per worker (GDP constant 2021 international $ at PPP) -- ILO modelled estimates, Nov. 2024;2015;20364.72
Costa Rica;ILO - Modelled Estimates;Output per worker (GDP constant 2021 international $ at PPP) -- ILO modelled estimates, Nov. 2024;2023;62560.37
Costa Rica;ILO - Modelled Estimates;Output per worker (GDP constant 2021 international $ at PPP) -- ILO modelled estimates, Nov. 2024;2022;57495.75
Costa Rica;ILO - Modelled Estimates;Output per worker (GDP constant 2021 international $ at PPP) -- ILO modelled estimates, Nov. 2024;2021;57787.63
Costa Rica;ILO - Modelled Estimates;Output per worker (GDP constant 2021 international $ at PPP) -- ILO modelled estimates, Nov. 2024;2020;55982.31
Costa Rica;ILO - Modelled Estimates;Output per worker (GDP constant 2021 international $ at PPP) -- ILO modelled estimates, Nov. 2024;2019;52306.75
Costa Rica;ILO - Modelled Estimates;Output per worker (GDP constant 2021 international $ at PPP) -- ILO modelled estimates, Nov. 2024;2018;52361.71
Costa Rica;ILO - Modelled Estimates;Output per worker (GDP constant 2021 international $ at PPP) -- ILO modelled estimates, Nov. 2024;2017;52990.04
Costa Rica;ILO - Modelled Estimates;Output per worker (GDP constant 2021 international $ at PPP) -- ILO modelled estimates, Nov. 2024;2016;51935.73
Costa Rica;ILO - Modelled Estimates;Output per worker (GDP constant 2021 international $ at PPP) -- ILO modelled estimates, Nov. 2024;2015;48270.96
Cuba;ILO - Modelled Estimates;Output per worker (GDP constant 2021 international $ at PPP) -- ILO modelled estimates, Nov. 2024;2023;48195.76
Cuba;ILO - Modelled Estimates;Output per worker (GDP constant 2021 international $ at PPP) -- ILO modelled estimates, Nov. 2024;2022;48752.58
Cuba;ILO - Modelled Estimates;Output per worker (GDP constant 2021 international $ at PPP) -- ILO modelled estimates, Nov. 2024;2021;49021.47
Cuba;ILO - Modelled Estimates;Output per worker (GDP constant 2021 international $ at PPP) -- ILO modelled estimates, Nov. 2024;2020;48530.01
Cuba;ILO - Modelled Estimates;Output per worker (GDP constant 2021 international $ at PPP) -- ILO modelled estimates, Nov. 2024;2019;51175.89
Cuba;ILO - Modelled Estimates;Output per worker (GDP constant 2021 international $ at PPP) -- ILO modelled estimates, Nov. 2024;2018;50935.83
Cuba;ILO - Modelled Estimates;Output per worker (GDP constant 2021 international $ at PPP) -- ILO modelled estimates, Nov. 2024;2017;49660.29
Cuba;ILO - Modelled Estimates;Output per worker (GDP constant 2021 international $ at PPP) -- ILO modelled estimates, Nov. 2024;2016;48875.17
Cuba;ILO - Modelled Estimates;Output per worker (GDP constant 2021 international $ at PPP) -- ILO modelled estimates, Nov. 2024;2015;48840.01
Cyprus;ILO - Modelled Estimates;Output per worker (GDP constant 2021 international $ at PPP) -- ILO modelled estimates, Nov. 2024;2023;65256.38
Cyprus;ILO - Modelled Estimates;Output per worker (GDP constant 2021 international $ at PPP) -- ILO modelled estimates, Nov. 2024;2022;65072.49
Cyprus;ILO - Modelled Estimates;Output per worker (GDP constant 2021 international $ at PPP) -- ILO modelled estimates, Nov. 2024;2021;64134.41
Cyprus;ILO - Modelled Estimates;Output per worker (GDP constant 2021 international $ at PPP) -- ILO modelled estimates, Nov. 2024;2020;59820.41
Cyprus;ILO - Modelled Estimates;Output per worker (GDP constant 2021 international $ at PPP) -- ILO modelled estimates, Nov. 2024;2019;61926.33
Cyprus;ILO - Modelled Estimates;Output per worker (GDP constant 2021 international $ at PPP) -- ILO modelled estimates, Nov. 2024;2018;60962.34
Cyprus;ILO - Modelled Estimates;Output per worker (GDP constant 2021 international $ at PPP) -- ILO modelled estimates, Nov. 2024;2017;61148.61
Cyprus;ILO - Modelled Estimates;Output per worker (GDP constant 2021 international $ at PPP) -- ILO modelled estimates, Nov. 2024;2016;60467.78
Cyprus;ILO - Modelled Estimates;Output per worker (GDP constant 2021 international $ at PPP) -- ILO modelled estimates, Nov. 2024;2015;58586.04
Czechia;ILO - Modelled Estimates;Output per worker (GDP constant 2021 international $ at PPP) -- ILO modelled estimates, Nov. 2024;2023;97404.2
Czechia;ILO - Modelled Estimates;Output per worker (GDP constant 2021 international $ at PPP) -- ILO modelled estimates, Nov. 2024;2022;99627.74
Czechia;ILO - Modelled Estimates;Output per worker (GDP constant 2021 international $ at PPP) -- ILO modelled estimates, Nov. 2024;2021;99597.99
Czechia;ILO - Modelled Estimates;Output per worker (GDP constant 2021 international $ at PPP) -- ILO modelled estimates, Nov. 2024;2020;95663.21
Czechia;ILO - Modelled Estimates;Output per worker (GDP constant 2021 international $ at PPP) -- ILO modelled estimates, Nov. 2024;2019;99426.64
Czechia;ILO - Modelled Estimates;Output per worker (GDP constant 2021 international $ at PPP) -- ILO modelled estimates, Nov. 2024;2018;96222.62
Czechia;ILO - Modelled Estimates;Output per worker (GDP constant 2021 international $ at PPP) -- ILO modelled estimates, Nov. 2024;2017;94194.94
Czechia;ILO - Modelled Estimates;Output per worker (GDP constant 2021 international $ at PPP) -- ILO modelled estimates, Nov. 2024;2016;90834.09
Czechia;ILO - Modelled Estimates;Output per worker (GDP constant 2021 international $ at PPP) -- ILO modelled estimates, Nov. 2024;2015;90169.11
Germany;ILO - Modelled Estimates;Output per worker (GDP constant 2021 international $ at PPP) -- ILO modelled estimates, Nov. 2024;2023;120827.32
Germany;ILO - Modelled Estimates;Output per worker (GDP constant 2021 international $ at PPP) -- ILO modelled estimates, Nov. 2024;2022;122248.29
Germany;ILO - Modelled Estimates;Output per worker (GDP constant 2021 international $ at PPP) -- ILO modelled estimates, Nov. 2024;2021;122755.33
Germany;ILO - Modelled Estimates;Output per worker (GDP constant 2021 international $ at PPP) -- ILO modelled estimates, Nov. 2024;2020;119146.82
Germany;ILO - Modelled Estimates;Output per worker (GDP constant 2021 international $ at PPP) -- ILO modelled estimates, Nov. 2024;2019;121267.65
Germany;ILO - Modelled Estimates;Output per worker (GDP constant 2021 international $ at PPP) -- ILO modelled estimates, Nov. 2024;2018;121272.76
Germany;ILO - Modelled Estimates;Output per worker (GDP constant 2021 international $ at PPP) -- ILO modelled estimates, Nov. 2024;2017;121224.76
Germany;ILO - Modelled Estimates;Output per worker (GDP constant 2021 international $ at PPP) -- ILO modelled estimates, Nov. 2024;2016;119259.39
Germany;ILO - Modelled Estimates;Output per worker (GDP constant 2021 international $ at PPP) -- ILO modelled estimates, Nov. 2024;2015;118471.15
Djibouti;ILO - Modelled Estimates;Output per worker (GDP constant 2021 international $ at PPP) -- ILO modelled estimates, Nov. 2024;2023;38548.41
Djibouti;ILO - Modelled Estimates;Output per worker (GDP constant 2021 international $ at PPP) -- ILO modelled estimates, Nov. 2024;2022;36972.32
Djibouti;ILO - Modelled Estimates;Output per worker (GDP constant 2021 international $ at PPP) -- ILO modelled estimates, Nov. 2024;2021;37782.78
Djibouti;ILO - Modelled Estimates;Output per worker (GDP constant 2021 international $ at PPP) -- ILO modelled estimates, Nov. 2024;2020;37174.94
Djibouti;ILO - Modelled Estimates;Output per worker (GDP constant 2021 international $ at PPP) -- ILO modelled estimates, Nov. 2024;2019;35968.79
Djibouti;ILO - Modelled Estimates;Output per worker (GDP constant 2021 international $ at PPP) -- ILO modelled estimates, Nov. 2024;2018;34679.15
Djibouti;ILO - Modelled Estimates;Output per worker (GDP constant 2021 international $ at PPP) -- ILO modelled estimates, Nov. 2024;2017;33681.88
Djibouti;ILO - Modelled Estimates;Output per worker (GDP constant 2021 international $ at PPP) -- ILO modelled estimates, Nov. 2024;2016;32536.52
Djibouti;ILO - Modelled Estimates;Output per worker (GDP constant 2021 international $ at PPP) -- ILO modelled estimates, Nov. 2024;2015;31015.84
Denmark;ILO - Modelled Estimates;Output per worker (GDP constant 2021 international $ at PPP) -- ILO modelled estimates, Nov. 2024;2023;140673.04
Denmark;ILO - Modelled Estimates;Output per worker (GDP constant 2021 international $ at PPP) -- ILO modelled estimates, Nov. 2024;2022;138159.74
Denmark;ILO - Modelled Estimates;Output per worker (GDP constant 2021 international $ at PPP) -- ILO modelled estimates, Nov. 2024;2021;139977.66
Denmark;ILO - Modelled Estimates;Output per worker (GDP constant 2021 international $ at PPP) -- ILO modelled estimates, Nov. 2024;2020;133877.59
Denmark;ILO - Modelled Estimates;Output per worker (GDP constant 2021 international $ at PPP) -- ILO modelled estimates, Nov. 2024;2019;136204.88
Denmark;ILO - Modelled Estimates;Output per worker (GDP constant 2021 international $ at PPP) -- ILO modelled estimates, Nov. 2024;2018;136216.6
Denmark;ILO - Modelled Estimates;Output per worker (GDP constant 2021 international $ at PPP) -- ILO modelled estimates, Nov. 2024;2017;135587.84
Denmark;ILO - Modelled Estimates;Output per worker (GDP constant 2021 international $ at PPP) -- ILO modelled estimates, Nov. 2024;2016;133285.1
Denmark;ILO - Modelled Estimates;Output per worker (GDP constant 2021 international $ at PPP) -- ILO modelled estimates, Nov. 2024;2015;131432.6
Dominican Republic;ILO - Modelled Estimates;Output per worker (GDP constant 2021 international $ at PPP) -- ILO modelled estimates, Nov. 2024;2023;52033.47
Dominican Republic;ILO - Modelled Estimates;Output per worker (GDP constant 2021 international $ at PPP) -- ILO modelled estimates, Nov. 2024;2022;52317.43
Dominican Republic;ILO - Modelled Estimates;Output per worker (GDP constant 2021 international $ at PPP) -- ILO modelled estimates, Nov. 2024;2021;51789.02
Dominican Republic;ILO - Modelled Estimates;Output per worker (GDP constant 2021 international $ at PPP) -- ILO modelled estimates, Nov. 2024;2020;48124.09
Dominican Republic;ILO - Modelled Estimates;Output per worker (GDP constant 2021 international $ at PPP) -- ILO modelled estimates, Nov. 2024;2019;48568.56
Dominican Republic;ILO - Modelled Estimates;Output per worker (GDP constant 2021 international $ at PPP) -- ILO modelled estimates, Nov. 2024;2018;47678.69
Dominican Republic;ILO - Modelled Estimates;Output per worker (GDP constant 2021 international $ at PPP) -- ILO modelled estimates, Nov. 2024;2017;46238.83
Dominican Republic;ILO - Modelled Estimates;Output per worker (GDP constant 2021 international $ at PPP) -- ILO modelled estimates, Nov. 2024;2016;45508.44
Dominican Republic;ILO - Modelled Estimates;Output per worker (GDP constant 2021 international $ at PPP) -- ILO modelled estimates, Nov. 2024;2015;43820.18
Algeria;ILO - Modelled Estimates;Output per worker (GDP constant 2021 international $ at PPP) -- ILO modelled estimates, Nov. 2024;2023;60180.19
Algeria;ILO - Modelled Estimates;Output per worker (GDP constant 2021 international $ at PPP) -- ILO modelled estimates, Nov. 2024;2022;58923.3
Algeria;ILO - Modelled Estimates;Output per worker (GDP constant 2021 international $ at PPP) -- ILO modelled estimates, Nov. 2024;2021;60977.48
Algeria;ILO - Modelled Estimates;Output per worker (GDP constant 2021 international $ at PPP) -- ILO modelled estimates, Nov. 2024;2020;60391.33
Algeria;ILO - Modelled Estimates;Output per worker (GDP constant 2021 international $ at PPP) -- ILO modelled estimates, Nov. 2024;2019;59218.39
Algeria;ILO - Modelled Estimates;Output per worker (GDP constant 2021 international $ at PPP) -- ILO modelled estimates, Nov. 2024;2018;59323.06
Algeria;ILO - Modelled Estimates;Output per worker (GDP constant 2021 international $ at PPP) -- ILO modelled estimates, Nov. 2024;2017;59154.23
Algeria;ILO - Modelled Estimates;Output per worker (GDP constant 2021 international $ at PPP) -- ILO modelled estimates, Nov. 2024;2016;57899.71
Algeria;ILO - Modelled Estimates;Output per worker (GDP constant 2021 international $ at PPP) -- ILO modelled estimates, Nov. 2024;2015;56983.35
Ecuador;ILO - Modelled Estimates;Output per worker (GDP constant 2021 international $ at PPP) -- ILO modelled estimates, Nov. 2024;2023;31012.34
Ecuador;ILO - Modelled Estimates;Output per worker (GDP constant 2021 international $ at PPP) -- ILO modelled estimates, Nov. 2024;2022;30619.19
Ecuador;ILO - Modelled Estimates;Output per worker (GDP constant 2021 international $ at PPP) -- ILO modelled estimates, Nov. 2024;2021;29486.77
Ecuador;ILO - Modelled Estimates;Output per worker (GDP constant 2021 international $ at PPP) -- ILO modelled estimates, Nov. 2024;2020;30007.31
Ecuador;ILO - Modelled Estimates;Output per worker (GDP constant 2021 international $ at PPP) -- ILO modelled estimates, Nov. 2024;2019;29754.74
Ecuador;ILO - Modelled Estimates;Output per worker (GDP constant 2021 international $ at PPP) -- ILO modelled estimates, Nov. 2024;2018;30128.95
Ecuador;ILO - Modelled Estimates;Output per worker (GDP constant 2021 international $ at PPP) -- ILO modelled estimates, Nov. 2024;2017;29990.65
Ecuador;ILO - Modelled Estimates;Output per worker (GDP constant 2021 international $ at PPP) -- ILO modelled estimates, Nov. 2024;2016;29398.71
Ecuador;ILO - Modelled Estimates;Output per worker (GDP constant 2021 international $ at PPP) -- ILO modelled estimates, Nov. 2024;2015;30877.83
Egypt;ILO - Modelled Estimates;Output per worker (GDP constant 2021 international $ at PPP) -- ILO modelled estimates, Nov. 2024;2023;62294.79
Egypt;ILO - Modelled Estimates;Output per worker (GDP constant 2021 international $ at PPP) -- ILO modelled estimates, Nov. 2024;2022;61422.73
Egypt;ILO - Modelled Estimates;Output per worker (GDP constant 2021 international $ at PPP) -- ILO modelled estimates, Nov. 2024;2021;58607.7
Egypt;ILO - Modelled Estimates;Output per worker (GDP constant 2021 international $ at PPP) -- ILO modelled estimates, Nov. 2024;2020;60088.61
Egypt;ILO - Modelled Estimates;Output per worker (GDP constant 2021 international $ at PPP) -- ILO modelled estimates, Nov. 2024;2019;58321.59
Egypt;ILO - Modelled Estimates;Output per worker (GDP constant 2021 international $ at PPP) -- ILO modelled estimates, Nov. 2024;2018;56226.35
Egypt;ILO - Modelled Estimates;Output per worker (GDP constant 2021 international $ at PPP) -- ILO modelled estimates, Nov. 2024;2017;53638.86
Egypt;ILO - Modelled Estimates;Output per worker (GDP constant 2021 international $ at PPP) -- ILO modelled estimates, Nov. 2024;2016;51041.63
Egypt;ILO - Modelled Estimates;Output per worker (GDP constant 2021 international $ at PPP) -- ILO modelled estimates, Nov. 2024;2015;49848.61
Eritrea;ILO - Modelled Estimates;Output per worker (GDP constant 2021 international $ at PPP) -- ILO modelled estimates, Nov. 2024;2023;5418.23
Eritrea;ILO - Modelled Estimates;Output per worker (GDP constant 2021 international $ at PPP) -- ILO modelled estimates, Nov. 2024;2022;5371.15
Eritrea;ILO - Modelled Estimates;Output per worker (GDP constant 2021 international $ at PPP) -- ILO modelled estimates, Nov. 2024;2021;5325.38
Eritrea;ILO - Modelled Estimates;Output per worker (GDP constant 2021 international $ at PPP) -- ILO modelled estimates, Nov. 2024;2020;5290.12
Eritrea;ILO - Modelled Estimates;Output per worker (GDP constant 2021 international $ at PPP) -- ILO modelled estimates, Nov. 2024;2019;5490.18
Eritrea;ILO - Modelled Estimates;Output per worker (GDP constant 2021 international $ at PPP) -- ILO modelled estimates, Nov. 2024;2018;5388.28
Eritrea;ILO - Modelled Estimates;Output per worker (GDP constant 2021 international $ at PPP) -- ILO modelled estimates, Nov. 2024;2017;4845.08
Eritrea;ILO - Modelled Estimates;Output per worker (GDP constant 2021 international $ at PPP) -- ILO modelled estimates, Nov. 2024;2016;5440.96
Eritrea;ILO - Modelled Estimates;Output per worker (GDP constant 2021 international $ at PPP) -- ILO modelled estimates, Nov. 2024;2015;5089.12
Western Sahara;ILO - Modelled Estimates;Output per worker (GDP constant 2021 international $ at PPP) -- ILO modelled estimates, Nov. 2024;2023;16548.43
Western Sahara;ILO - Modelled Estimates;Output per worker (GDP constant 2021 international $ at PPP) -- ILO modelled estimates, Nov. 2024;2022;16431.58
Western Sahara;ILO - Modelled Estimates;Output per worker (GDP constant 2021 international $ at PPP) -- ILO modelled estimates, Nov. 2024;2021;16620.54
Western Sahara;ILO - Modelled Estimates;Output per worker (GDP constant 2021 international $ at PPP) -- ILO modelled estimates, Nov. 2024;2020;16598.71
Western Sahara;ILO - Modelled Estimates;Output per worker (GDP constant 2021 international $ at PPP) -- ILO modelled estimates, Nov. 2024;2019;16764.24
Western Sahara;ILO - Modelled Estimates;Output per worker (GDP constant 2021 international $ at PPP) -- ILO modelled estimates, Nov. 2024;2018;16646.73
Western Sahara;ILO - Modelled Estimates;Output per worker (GDP constant 2021 international $ at PPP) -- ILO modelled estimates, Nov. 2024;2017;16499.52
Western Sahara;ILO - Modelled Estimates;Output per worker (GDP constant 2021 international $ at PPP) -- ILO modelled estimates, Nov. 2024;2016;16292.24
Western Sahara;ILO - Modelled Estimates;Output per worker (GDP constant 2021 international $ at PPP) -- ILO modelled estimates, Nov. 2024;2015;16174.23
Spain;ILO - Modelled Estimates;Output per worker (GDP constant 2021 international $ at PPP) -- ILO modelled estimates, Nov. 2024;2023;107068.09
Spain;ILO - Modelled Estimates;Output per worker (GDP constant 2021 international $ at PPP) -- ILO modelled estimates, Nov. 2024;2022;105684.73
Spain;ILO - Modelled Estimates;Output per worker (GDP constant 2021 international $ at PPP) -- ILO modelled estimates, Nov. 2024;2021;102827.02
Spain;ILO - Modelled Estimates;Output per worker (GDP constant 2021 international $ at PPP) -- ILO modelled estimates, Nov. 2024;2020;99737.53
Spain;ILO - Modelled Estimates;Output per worker (GDP constant 2021 international $ at PPP) -- ILO modelled estimates, Nov. 2024;2019;108934.68
Spain;ILO - Modelled Estimates;Output per worker (GDP constant 2021 international $ at PPP) -- ILO modelled estimates, Nov. 2024;2018;109315.74
Spain;ILO - Modelled Estimates;Output per worker (GDP constant 2021 international $ at PPP) -- ILO modelled estimates, Nov. 2024;2017;109357.25
Spain;ILO - Modelled Estimates;Output per worker (GDP constant 2021 international $ at PPP) -- ILO modelled estimates, Nov. 2024;2016;109302.44
Spain;ILO - Modelled Estimates;Output per worker (GDP constant 2021 international $ at PPP) -- ILO modelled estimates, Nov. 2024;2015;109035.36
Estonia;ILO - Modelled Estimates;Output per worker (GDP constant 2021 international $ at PPP) -- ILO modelled estimates, Nov. 2024;2023;81724.07
Estonia;ILO - Modelled Estimates;Output per worker (GDP constant 2021 international $ at PPP) -- ILO modelled estimates, Nov. 2024;2022;85518.27
Estonia;ILO - Modelled Estimates;Output per worker (GDP constant 2021 international $ at PPP) -- ILO modelled estimates, Nov. 2024;2021;90021.02
Estonia;ILO - Modelled Estimates;Output per worker (GDP constant 2021 international $ at PPP) -- ILO modelled estimates, Nov. 2024;2020;85026.55
Estonia;ILO - Modelled Estimates;Output per worker (GDP constant 2021 international $ at PPP) -- ILO modelled estimates, Nov. 2024;2019;83673.4
Estonia;ILO - Modelled Estimates;Output per worker (GDP constant 2021 international $ at PPP) -- ILO modelled estimates, Nov. 2024;2018;80989.71
Estonia;ILO - Modelled Estimates;Output per worker (GDP constant 2021 international $ at PPP) -- ILO modelled estimates, Nov. 2024;2017;78866.83
Estonia;ILO - Modelled Estimates;Output per worker (GDP constant 2021 international $ at PPP) -- ILO modelled estimates, Nov. 2024;2016;76116.26
Estonia;ILO - Modelled Estimates;Output per worker (GDP constant 2021 international $ at PPP) -- ILO modelled estimates, Nov. 2024;2015;74343.59
Ethiopia;ILO - Modelled Estimates;Output per worker (GDP constant 2021 international $ at PPP) -- ILO modelled estimates, Nov. 2024;2023;7054.06
Ethiopia;ILO - Modelled Estimates;Output per worker (GDP constant 2021 international $ at PPP) -- ILO modelled estimates, Nov. 2024;2022;6765.79
Ethiopia;ILO - Modelled Estimates;Output per worker (GDP constant 2021 international $ at PPP) -- ILO modelled estimates, Nov. 2024;2021;6586.65
Ethiopia;ILO - Modelled Estimates;Output per worker (GDP constant 2021 international $ at PPP) -- ILO modelled estimates, Nov. 2024;2020;6346.94
Ethiopia;ILO - Modelled Estimates;Output per worker (GDP constant 2021 international $ at PPP) -- ILO modelled estimates, Nov. 2024;2019;5937.36
Ethiopia;ILO - Modelled Estimates;Output per worker (GDP constant 2021 international $ at PPP) -- ILO modelled estimates, Nov. 2024;2018;5539.8
Ethiopia;ILO - Modelled Estimates;Output per worker (GDP constant 2021 international $ at PPP) -- ILO modelled estimates, Nov. 2024;2017;5249.1
Ethiopia;ILO - Modelled Estimates;Output per worker (GDP constant 2021 international $ at PPP) -- ILO modelled estimates, Nov. 2024;2016;4857.82
Ethiopia;ILO - Modelled Estimates;Output per worker (GDP constant 2021 international $ at PPP) -- ILO modelled estimates, Nov. 2024;2015;4503.63
Finland;ILO - Modelled Estimates;Output per worker (GDP constant 2021 international $ at PPP) -- ILO modelled estimates, Nov. 2024;2023;120407.22
Finland;ILO - Modelled Estimates;Output per worker (GDP constant 2021 international $ at PPP) -- ILO modelled estimates, Nov. 2024;2022;122070.06
Finland;ILO - Modelled Estimates;Output per worker (GDP constant 2021 international $ at PPP) -- ILO modelled estimates, Nov. 2024;2021;123790.03
Finland;ILO - Modelled Estimates;Output per worker (GDP constant 2021 international $ at PPP) -- ILO modelled estimates, Nov. 2024;2020;122996.52
Finland;ILO - Modelled Estimates;Output per worker (GDP constant 2021 international $ at PPP) -- ILO modelled estimates, Nov. 2024;2019;124315.02
Finland;ILO - Modelled Estimates;Output per worker (GDP constant 2021 international $ at PPP) -- ILO modelled estimates, Nov. 2024;2018;123851.03
Finland;ILO - Modelled Estimates;Output per worker (GDP constant 2021 international $ at PPP) -- ILO modelled estimates, Nov. 2024;2017;125892.27
Finland;ILO - Modelled Estimates;Output per worker (GDP constant 2021 international $ at PPP) -- ILO modelled estimates, Nov. 2024;2016;122907.65
Finland;ILO - Modelled Estimates;Output per worker (GDP constant 2021 international $ at PPP) -- ILO modelled estimates, Nov. 2024;2015;120281.99
Fiji;ILO - Modelled Estimates;Output per worker (GDP constant 2021 international $ at PPP) -- ILO modelled estimates, Nov. 2024;2023;34253.14
Fiji;ILO - Modelled Estimates;Output per worker (GDP constant 2021 international $ at PPP) -- ILO modelled estimates, Nov. 2024;2022;32189.27
Fiji;ILO - Modelled Estimates;Output per worker (GDP constant 2021 international $ at PPP) -- ILO modelled estimates, Nov. 2024;2021;27356.89
Fiji;ILO - Modelled Estimates;Output per worker (GDP constant 2021 international $ at PPP) -- ILO modelled estimates, Nov. 2024;2020;29019.54
Fiji;ILO - Modelled Estimates;Output per worker (GDP constant 2021 international $ at PPP) -- ILO modelled estimates, Nov. 2024;2019;34648.22
Fiji;ILO - Modelled Estimates;Output per worker (GDP constant 2021 international $ at PPP) -- ILO modelled estimates, Nov. 2024;2018;34913.31
Fiji;ILO - Modelled Estimates;Output per worker (GDP constant 2021 international $ at PPP) -- ILO modelled estimates, Nov. 2024;2017;33647.52
Fiji;ILO - Modelled Estimates;Output per worker (GDP constant 2021 international $ at PPP) -- ILO modelled estimates, Nov. 2024;2016;31953.28
Fiji;ILO - Modelled Estimates;Output per worker (GDP constant 2021 international $ at PPP) -- ILO modelled estimates, Nov. 2024;2015;30928.43
France;ILO - Modelled Estimates;Output per worker (GDP constant 2021 international $ at PPP) -- ILO modelled estimates, Nov. 2024;2023;129273.77
France;ILO - Modelled Estimates;Output per worker (GDP constant 2021 international $ at PPP) -- ILO modelled estimates, Nov. 2024;2022;128013.22
France;ILO - Modelled Estimates;Output per worker (GDP constant 2021 international $ at PPP) -- ILO modelled estimates, Nov. 2024;2021;126872.41
France;ILO - Modelled Estimates;Output per worker (GDP constant 2021 international $ at PPP) -- ILO modelled estimates, Nov. 2024;2020;122777.37
France;ILO - Modelled Estimates;Output per worker (GDP constant 2021 international $ at PPP) -- ILO modelled estimates, Nov. 2024;2019;132381.7
France;ILO - Modelled Estimates;Output per worker (GDP constant 2021 international $ at PPP) -- ILO modelled estimates, Nov. 2024;2018;130673.57
France;ILO - Modelled Estimates;Output per worker (GDP constant 2021 international $ at PPP) -- ILO modelled estimates, Nov. 2024;2017;129644.48
France;ILO - Modelled Estimates;Output per worker (GDP constant 2021 international $ at PPP) -- ILO modelled estimates, Nov. 2024;2016;127975.51
France;ILO - Modelled Estimates;Output per worker (GDP constant 2021 international $ at PPP) -- ILO modelled estimates, Nov. 2024;2015;127093.21
Gabon;ILO - Modelled Estimates;Output per worker (GDP constant 2021 international $ at PPP) -- ILO modelled estimates, Nov. 2024;2023;75076.24
Gabon;ILO - Modelled Estimates;Output per worker (GDP constant 2021 international $ at PPP) -- ILO modelled estimates, Nov. 2024;2022;75064.23
Gabon;ILO - Modelled Estimates;Output per worker (GDP constant 2021 international $ at PPP) -- ILO modelled estimates, Nov. 2024;2021;79626.07
Gabon;ILO - Modelled Estimates;Output per worker (GDP constant 2021 international $ at PPP) -- ILO modelled estimates, Nov. 2024;2020;81440.6
Gabon;ILO - Modelled Estimates;Output per worker (GDP constant 2021 international $ at PPP) -- ILO modelled estimates, Nov. 2024;2019;78404.27
Gabon;ILO - Modelled Estimates;Output per worker (GDP constant 2021 international $ at PPP) -- ILO modelled estimates, Nov. 2024;2018;77511.77
Gabon;ILO - Modelled Estimates;Output per worker (GDP constant 2021 international $ at PPP) -- ILO modelled estimates, Nov. 2024;2017;79006.45
Gabon;ILO - Modelled Estimates;Output per worker (GDP constant 2021 international $ at PPP) -- ILO modelled estimates, Nov. 2024;2016;80998.17
Gabon;ILO - Modelled Estimates;Output per worker (GDP constant 2021 international $ at PPP) -- ILO modelled estimates, Nov. 2024;2015;81965.13
United Kingdom of Great Britain and Northern Ireland;ILO - Modelled Estimates;Output per worker (GDP constant 2021 international $ at PPP) -- ILO modelled estimates, Nov. 2024;2023;110717.66
United Kingdom of Great Britain and Northern Ireland;ILO - Modelled Estimates;Output per worker (GDP constant 2021 international $ at PPP) -- ILO modelled estimates, Nov. 2024;2022;110942.86
United Kingdom of Great Britain and Northern Ireland;ILO - Modelled Estimates;Output per worker (GDP constant 2021 international $ at PPP) -- ILO modelled estimates, Nov. 2024;2021;108044.69
United Kingdom of Great Britain and Northern Ireland;ILO - Modelled Estimates;Output per worker (GDP constant 2021 international $ at PPP) -- ILO modelled estimates, Nov. 2024;2020;98728.42
United Kingdom of Great Britain and Northern Ireland;ILO - Modelled Estimates;Output per worker (GDP constant 2021 international $ at PPP) -- ILO modelled estimates, Nov. 2024;2019;109530.25
United Kingdom of Great Britain and Northern Ireland;ILO - Modelled Estimates;Output per worker (GDP constant 2021 international $ at PPP) -- ILO modelled estimates, Nov. 2024;2018;108940.49
United Kingdom of Great Britain and Northern Ireland;ILO - Modelled Estimates;Output per worker (GDP constant 2021 international $ at PPP) -- ILO modelled estimates, Nov. 2024;2017;108798.57
United Kingdom of Great Britain and Northern Ireland;ILO - Modelled Estimates;Output per worker (GDP constant 2021 international $ at PPP) -- ILO modelled estimates, Nov. 2024;2016;107099.36
United Kingdom of Great Britain and Northern Ireland;ILO - Modelled Estimates;Output per worker (GDP constant 2021 international $ at PPP) -- ILO modelled estimates, Nov. 2024;2015;106803.99
Georgia;ILO - Modelled Estimates;Output per worker (GDP constant 2021 international $ at PPP) -- ILO modelled estimates, Nov. 2024;2023;49865.79
Georgia;ILO - Modelled Estimates;Output per worker (GDP constant 2021 international $ at PPP) -- ILO modelled estimates, Nov. 2024;2022;46744.38
Georgia;ILO - Modelled Estimates;Output per worker (GDP constant 2021 international $ at PPP) -- ILO modelled estimates, Nov. 2024;2021;43867.17
Georgia;ILO - Modelled Estimates;Output per worker (GDP constant 2021 international $ at PPP) -- ILO modelled estimates, Nov. 2024;2020;37782.75
Georgia;ILO - Modelled Estimates;Output per worker (GDP constant 2021 international $ at PPP) -- ILO modelled estimates, Nov. 2024;2019;40432.93
Georgia;ILO - Modelled Estimates;Output per worker (GDP constant 2021 international $ at PPP) -- ILO modelled estimates, Nov. 2024;2018;38135.92
Georgia;ILO - Modelled Estimates;Output per worker (GDP constant 2021 international $ at PPP) -- ILO modelled estimates, Nov. 2024;2017;35107.51
Georgia;ILO - Modelled Estimates;Output per worker (GDP constant 2021 international $ at PPP) -- ILO modelled estimates, Nov. 2024;2016;33186.98
Georgia;ILO - Modelled Estimates;Output per worker (GDP constant 2021 international $ at PPP) -- ILO modelled estimates, Nov. 2024;2015;31714.52
Ghana;ILO - Modelled Estimates;Output per worker (GDP constant 2021 international $ at PPP) -- ILO modelled estimates, Nov. 2024;2023;17323.63
Ghana;ILO - Modelled Estimates;Output per worker (GDP constant 2021 international $ at PPP) -- ILO modelled estimates, Nov. 2024;2022;17245.33
Ghana;ILO - Modelled Estimates;Output per worker (GDP constant 2021 international $ at PPP) -- ILO modelled estimates, Nov. 2024;2021;16907.13
Ghana;ILO - Modelled Estimates;Output per worker (GDP constant 2021 international $ at PPP) -- ILO modelled estimates, Nov. 2024;2020;16379.66
Ghana;ILO - Modelled Estimates;Output per worker (GDP constant 2021 international $ at PPP) -- ILO modelled estimates, Nov. 2024;2019;16333.25
Ghana;ILO - Modelled Estimates;Output per worker (GDP constant 2021 international $ at PPP) -- ILO modelled estimates, Nov. 2024;2018;15535.85
Ghana;ILO - Modelled Estimates;Output per worker (GDP constant 2021 international $ at PPP) -- ILO modelled estimates, Nov. 2024;2017;14835.18
Ghana;ILO - Modelled Estimates;Output per worker (GDP constant 2021 international $ at PPP) -- ILO modelled estimates, Nov. 2024;2016;14184.75
Ghana;ILO - Modelled Estimates;Output per worker (GDP constant 2021 international $ at PPP) -- ILO modelled estimates, Nov. 2024;2015;14151.82
Guinea;ILO - Modelled Estimates;Output per worker (GDP constant 2021 international $ at PPP) -- ILO modelled estimates, Nov. 2024;2023;13242.81
Guinea;ILO - Modelled Estimates;Output per worker (GDP constant 2021 international $ at PPP) -- ILO modelled estimates, Nov. 2024;2022;12873.31
Guinea;ILO - Modelled Estimates;Output per worker (GDP constant 2021 international $ at PPP) -- ILO modelled estimates, Nov. 2024;2021;12799.23
Guinea;ILO - Modelled Estimates;Output per worker (GDP constant 2021 international $ at PPP) -- ILO modelled estimates, Nov. 2024;2020;12774.72
Guinea;ILO - Modelled Estimates;Output per worker (GDP constant 2021 international $ at PPP) -- ILO modelled estimates, Nov. 2024;2019;12296.85
Guinea;ILO - Modelled Estimates;Output per worker (GDP constant 2021 international $ at PPP) -- ILO modelled estimates, Nov. 2024;2018;11809.37
Guinea;ILO - Modelled Estimates;Output per worker (GDP constant 2021 international $ at PPP) -- ILO modelled estimates, Nov. 2024;2017;11289.24
Guinea;ILO - Modelled Estimates;Output per worker (GDP constant 2021 international $ at PPP) -- ILO modelled estimates, Nov. 2024;2016;10425.44
Guinea;ILO - Modelled Estimates;Output per worker (GDP constant 2021 international $ at PPP) -- ILO modelled estimates, Nov. 2024;2015;9591.72
Gambia;ILO - Modelled Estimates;Output per worker (GDP constant 2021 international $ at PPP) -- ILO modelled estimates, Nov. 2024;2023;11118.29
Gambia;ILO - Modelled Estimates;Output per worker (GDP constant 2021 international $ at PPP) -- ILO modelled estimates, Nov. 2024;2022;10805.62
Gambia;ILO - Modelled Estimates;Output per worker (GDP constant 2021 international $ at PPP) -- ILO modelled estimates, Nov. 2024;2021;10626.67
Gambia;ILO - Modelled Estimates;Output per worker (GDP constant 2021 international $ at PPP) -- ILO modelled estimates, Nov. 2024;2020;10355.97
Gambia;ILO - Modelled Estimates;Output per worker (GDP constant 2021 international $ at PPP) -- ILO modelled estimates, Nov. 2024;2019;10479.38
Gambia;ILO - Modelled Estimates;Output per worker (GDP constant 2021 international $ at PPP) -- ILO modelled estimates, Nov. 2024;2018;10086.22
Gambia;ILO - Modelled Estimates;Output per worker (GDP constant 2021 international $ at PPP) -- ILO modelled estimates, Nov. 2024;2017;9755.14
Gambia;ILO - Modelled Estimates;Output per worker (GDP constant 2021 international $ at PPP) -- ILO modelled estimates, Nov. 2024;2016;9686.46
Gambia;ILO - Modelled Estimates;Output per worker (GDP constant 2021 international $ at PPP) -- ILO modelled estimates, Nov. 2024;2015;9904.09
Guinea-Bissau;ILO - Modelled Estimates;Output per worker (GDP constant 2021 international $ at PPP) -- ILO modelled estimates, Nov. 2024;2023;6459.76
Guinea-Bissau;ILO - Modelled Estimates;Output per worker (GDP constant 2021 international $ at PPP) -- ILO modelled estimates, Nov. 2024;2022;6334.38
Guinea-Bissau;ILO - Modelled Estimates;Output per worker (GDP constant 2021 international $ at PPP) -- ILO modelled estimates, Nov. 2024;2021;6281.26
Guinea-Bissau;ILO - Modelled Estimates;Output per worker (GDP constant 2021 international $ at PPP) -- ILO modelled estimates, Nov. 2024;2020;6104.55
Guinea-Bissau;ILO - Modelled Estimates;Output per worker (GDP constant 2021 international $ at PPP) -- ILO modelled estimates, Nov. 2024;2019;6105.08
Guinea-Bissau;ILO - Modelled Estimates;Output per worker (GDP constant 2021 international $ at PPP) -- ILO modelled estimates, Nov. 2024;2018;6051.04
Guinea-Bissau;ILO - Modelled Estimates;Output per worker (GDP constant 2021 international $ at PPP) -- ILO modelled estimates, Nov. 2024;2017;5992.94
Guinea-Bissau;ILO - Modelled Estimates;Output per worker (GDP constant 2021 international $ at PPP) -- ILO modelled estimates, Nov. 2024;2016;5885.05
Guinea-Bissau;ILO - Modelled Estimates;Output per worker (GDP constant 2021 international $ at PPP) -- ILO modelled estimates, Nov. 2024;2015;5750.67
Equatorial Guinea;ILO - Modelled Estimates;Output per worker (GDP constant 2021 international $ at PPP) -- ILO modelled estimates, Nov. 2024;2023;44911.44
Equatorial Guinea;ILO - Modelled Estimates;Output per worker (GDP constant 2021 international $ at PPP) -- ILO modelled estimates, Nov. 2024;2022;49081.24
Equatorial Guinea;ILO - Modelled Estimates;Output per worker (GDP constant 2021 international $ at PPP) -- ILO modelled estimates, Nov. 2024;2021;50958.03
Equatorial Guinea;ILO - Modelled Estimates;Output per worker (GDP constant 2021 international $ at PPP) -- ILO modelled estimates, Nov. 2024;2020;52278.81
Equatorial Guinea;ILO - Modelled Estimates;Output per worker (GDP constant 2021 international $ at PPP) -- ILO modelled estimates, Nov. 2024;2019;52954
Equatorial Guinea;ILO - Modelled Estimates;Output per worker (GDP constant 2021 international $ at PPP) -- ILO modelled estimates, Nov. 2024;2018;57872.42
Equatorial Guinea;ILO - Modelled Estimates;Output per worker (GDP constant 2021 international $ at PPP) -- ILO modelled estimates, Nov. 2024;2017;63977.42
Equatorial Guinea;ILO - Modelled Estimates;Output per worker (GDP constant 2021 international $ at PPP) -- ILO modelled estimates, Nov. 2024;2016;70393.38
Equatorial Guinea;ILO - Modelled Estimates;Output per worker (GDP constant 2021 international $ at PPP) -- ILO modelled estimates, Nov. 2024;2015;80340.07
Greece;ILO - Modelled Estimates;Output per worker (GDP constant 2021 international $ at PPP) -- ILO modelled estimates, Nov. 2024;2023;92111.01
Greece;ILO - Modelled Estimates;Output per worker (GDP constant 2021 international $ at PPP) -- ILO modelled estimates, Nov. 2024;2022;90477.97
Greece;ILO - Modelled Estimates;Output per worker (GDP constant 2021 international $ at PPP) -- ILO modelled estimates, Nov. 2024;2021;89319.17
Greece;ILO - Modelled Estimates;Output per worker (GDP constant 2021 international $ at PPP) -- ILO modelled estimates, Nov. 2024;2020;83291.37
Greece;ILO - Modelled Estimates;Output per worker (GDP constant 2021 international $ at PPP) -- ILO modelled estimates, Nov. 2024;2019;91622.06
Greece;ILO - Modelled Estimates;Output per worker (GDP constant 2021 international $ at PPP) -- ILO modelled estimates, Nov. 2024;2018;92379.04
Greece;ILO - Modelled Estimates;Output per worker (GDP constant 2021 international $ at PPP) -- ILO modelled estimates, Nov. 2024;2017;92900.37
Greece;ILO - Modelled Estimates;Output per worker (GDP constant 2021 international $ at PPP) -- ILO modelled estimates, Nov. 2024;2016;94016.6
Greece;ILO - Modelled Estimates;Output per worker (GDP constant 2021 international $ at PPP) -- ILO modelled estimates, Nov. 2024;2015;95872.08
Guatemala;ILO - Modelled Estimates;Output per worker (GDP constant 2021 international $ at PPP) -- ILO modelled estimates, Nov. 2024;2023;30895.57
Guatemala;ILO - Modelled Estimates;Output per worker (GDP constant 2021 international $ at PPP) -- ILO modelled estimates, Nov. 2024;2022;30773.76
Guatemala;ILO - Modelled Estimates;Output per worker (GDP constant 2021 international $ at PPP) -- ILO modelled estimates, Nov. 2024;2021;31134.94
Guatemala;ILO - Modelled Estimates;Output per worker (GDP constant 2021 international $ at PPP) -- ILO modelled estimates, Nov. 2024;2020;30229.1
Guatemala;ILO - Modelled Estimates;Output per worker (GDP constant 2021 international $ at PPP) -- ILO modelled estimates, Nov. 2024;2019;30053.2
Guatemala;ILO - Modelled Estimates;Output per worker (GDP constant 2021 international $ at PPP) -- ILO modelled estimates, Nov. 2024;2018;28941.44
Guatemala;ILO - Modelled Estimates;Output per worker (GDP constant 2021 international $ at PPP) -- ILO modelled estimates, Nov. 2024;2017;28524.87
Guatemala;ILO - Modelled Estimates;Output per worker (GDP constant 2021 international $ at PPP) -- ILO modelled estimates, Nov. 2024;2016;28563.27
Guatemala;ILO - Modelled Estimates;Output per worker (GDP constant 2021 international $ at PPP) -- ILO modelled estimates, Nov. 2024;2015;28590.56
Guam;ILO - Modelled Estimates;Output per worker (GDP constant 2021 international $ at PPP) -- ILO modelled estimates, Nov. 2024;2023;133889.36
Guam;ILO - Modelled Estimates;Output per worker (GDP constant 2021 international $ at PPP) -- ILO modelled estimates, Nov. 2024;2022;134511.45
Guam;ILO - Modelled Estimates;Output per worker (GDP constant 2021 international $ at PPP) -- ILO modelled estimates, Nov. 2024;2021;137174.58
Guam;ILO - Modelled Estimates;Output per worker (GDP constant 2021 international $ at PPP) -- ILO modelled estimates, Nov. 2024;2020;136784.41
Guam;ILO - Modelled Estimates;Output per worker (GDP constant 2021 international $ at PPP) -- ILO modelled estimates, Nov. 2024;2019;147913.11
Guam;ILO - Modelled Estimates;Output per worker (GDP constant 2021 international $ at PPP) -- ILO modelled estimates, Nov. 2024;2018;143396.72
Guam;ILO - Modelled Estimates;Output per worker (GDP constant 2021 international $ at PPP) -- ILO modelled estimates, Nov. 2024;2017;143953.12
Guam;ILO - Modelled Estimates;Output per worker (GDP constant 2021 international $ at PPP) -- ILO modelled estimates, Nov. 2024;2016;142155.18
Guam;ILO - Modelled Estimates;Output per worker (GDP constant 2021 international $ at PPP) -- ILO modelled estimates, Nov. 2024;2015;143917.54
Guyana;ILO - Modelled Estimates;Output per worker (GDP constant 2021 international $ at PPP) -- ILO modelled estimates, Nov. 2024;2023;157142.4
Guyana;ILO - Modelled Estimates;Output per worker (GDP constant 2021 international $ at PPP) -- ILO modelled estimates, Nov. 2024;2022;118080.37
Guyana;ILO - Modelled Estimates;Output per worker (GDP constant 2021 international $ at PPP) -- ILO modelled estimates, Nov. 2024;2021;74637.22
Guyana;ILO - Modelled Estimates;Output per worker (GDP constant 2021 international $ at PPP) -- ILO modelled estimates, Nov. 2024;2020;63583.41
Guyana;ILO - Modelled Estimates;Output per worker (GDP constant 2021 international $ at PPP) -- ILO modelled estimates, Nov. 2024;2019;42555.22
Guyana;ILO - Modelled Estimates;Output per worker (GDP constant 2021 international $ at PPP) -- ILO modelled estimates, Nov. 2024;2018;38848.03
Guyana;ILO - Modelled Estimates;Output per worker (GDP constant 2021 international $ at PPP) -- ILO modelled estimates, Nov. 2024;2017;38622.49
Guyana;ILO - Modelled Estimates;Output per worker (GDP constant 2021 international $ at PPP) -- ILO modelled estimates, Nov. 2024;2016;37336.47
Guyana;ILO - Modelled Estimates;Output per worker (GDP constant 2021 international $ at PPP) -- ILO modelled estimates, Nov. 2024;2015;36058.53
Hong Kong, China;ILO - Modelled Estimates;Output per worker (GDP constant 2021 international $ at PPP) -- ILO modelled estimates, Nov. 2024;2023;131226.64
Hong Kong, China;ILO - Modelled Estimates;Output per worker (GDP constant 2021 international $ at PPP) -- ILO modelled estimates, Nov. 2024;2022;127771.97
Hong Kong, China;ILO - Modelled Estimates;Output per worker (GDP constant 2021 international $ at PPP) -- ILO modelled estimates, Nov. 2024;2021;131747.41
Hong Kong, China;ILO - Modelled Estimates;Output per worker (GDP constant 2021 international $ at PPP) -- ILO modelled estimates, Nov. 2024;2020;124281.37
Hong Kong, China;ILO - Modelled Estimates;Output per worker (GDP constant 2021 international $ at PPP) -- ILO modelled estimates, Nov. 2024;2019;127201.66
Hong Kong, China;ILO - Modelled Estimates;Output per worker (GDP constant 2021 international $ at PPP) -- ILO modelled estimates, Nov. 2024;2018;128217.22
Hong Kong, China;ILO - Modelled Estimates;Output per worker (GDP constant 2021 international $ at PPP) -- ILO modelled estimates, Nov. 2024;2017;125859.86
Hong Kong, China;ILO - Modelled Estimates;Output per worker (GDP constant 2021 international $ at PPP) -- ILO modelled estimates, Nov. 2024;2016;122256.43
Hong Kong, China;ILO - Modelled Estimates;Output per worker (GDP constant 2021 international $ at PPP) -- ILO modelled estimates, Nov. 2024;2015;120159.14
Honduras;ILO - Modelled Estimates;Output per worker (GDP constant 2021 international $ at PPP) -- ILO modelled estimates, Nov. 2024;2023;17397.4
Honduras;ILO - Modelled Estimates;Output per worker (GDP constant 2021 international $ at PPP) -- ILO modelled estimates, Nov. 2024;2022;15878.91
Honduras;ILO - Modelled Estimates;Output per worker (GDP constant 2021 international $ at PPP) -- ILO modelled estimates, Nov. 2024;2021;15870.14
Honduras;ILO - Modelled Estimates;Output per worker (GDP constant 2021 international $ at PPP) -- ILO modelled estimates, Nov. 2024;2020;15395.42
Honduras;ILO - Modelled Estimates;Output per worker (GDP constant 2021 international $ at PPP) -- ILO modelled estimates, Nov. 2024;2019;15266.75
Honduras;ILO - Modelled Estimates;Output per worker (GDP constant 2021 international $ at PPP) -- ILO modelled estimates, Nov. 2024;2018;14770.88
Honduras;ILO - Modelled Estimates;Output per worker (GDP constant 2021 international $ at PPP) -- ILO modelled estimates, Nov. 2024;2017;15128.72
Honduras;ILO - Modelled Estimates;Output per worker (GDP constant 2021 international $ at PPP) -- ILO modelled estimates, Nov. 2024;2016;15268.86
Honduras;ILO - Modelled Estimates;Output per worker (GDP constant 2021 international $ at PPP) -- ILO modelled estimates, Nov. 2024;2015;14846.11
Croatia;ILO - Modelled Estimates;Output per worker (GDP constant 2021 international $ at PPP) -- ILO modelled estimates, Nov. 2024;2023;97040.44
Croatia;ILO - Modelled Estimates;Output per worker (GDP constant 2021 international $ at PPP) -- ILO modelled estimates, Nov. 2024;2022;94195.62
Croatia;ILO - Modelled Estimates;Output per worker (GDP constant 2021 international $ at PPP) -- ILO modelled estimates, Nov. 2024;2021;89608.35
Croatia;ILO - Modelled Estimates;Output per worker (GDP constant 2021 international $ at PPP) -- ILO modelled estimates, Nov. 2024;2020;80055.49
Croatia;ILO - Modelled Estimates;Output per worker (GDP constant 2021 international $ at PPP) -- ILO modelled estimates, Nov. 2024;2019;86072.52
Croatia;ILO - Modelled Estimates;Output per worker (GDP constant 2021 international $ at PPP) -- ILO modelled estimates, Nov. 2024;2018;83999.36
Croatia;ILO - Modelled Estimates;Output per worker (GDP constant 2021 international $ at PPP) -- ILO modelled estimates, Nov. 2024;2017;82312.91
Croatia;ILO - Modelled Estimates;Output per worker (GDP constant 2021 international $ at PPP) -- ILO modelled estimates, Nov. 2024;2016;80686.45
Croatia;ILO - Modelled Estimates;Output per worker (GDP constant 2021 international $ at PPP) -- ILO modelled estimates, Nov. 2024;2015;77625.58
Haiti;ILO - Modelled Estimates;Output per worker (GDP constant 2021 international $ at PPP) -- ILO modelled estimates, Nov. 2024;2023;7743.75
Haiti;ILO - Modelled Estimates;Output per worker (GDP constant 2021 international $ at PPP) -- ILO modelled estimates, Nov. 2024;2022;8017.15
Haiti;ILO - Modelled Estimates;Output per worker (GDP constant 2021 international $ at PPP) -- ILO modelled estimates, Nov. 2024;2021;8337.02
Haiti;ILO - Modelled Estimates;Output per worker (GDP constant 2021 international $ at PPP) -- ILO modelled estimates, Nov. 2024;2020;8699.09
Haiti;ILO - Modelled Estimates;Output per worker (GDP constant 2021 international $ at PPP) -- ILO modelled estimates, Nov. 2024;2019;8909.7
Haiti;ILO - Modelled Estimates;Output per worker (GDP constant 2021 international $ at PPP) -- ILO modelled estimates, Nov. 2024;2018;9193.66
Haiti;ILO - Modelled Estimates;Output per worker (GDP constant 2021 international $ at PPP) -- ILO modelled estimates, Nov. 2024;2017;9211.83
Haiti;ILO - Modelled Estimates;Output per worker (GDP constant 2021 international $ at PPP) -- ILO modelled estimates, Nov. 2024;2016;9159.86
Haiti;ILO - Modelled Estimates;Output per worker (GDP constant 2021 international $ at PPP) -- ILO modelled estimates, Nov. 2024;2015;9163.2
Hungary;ILO - Modelled Estimates;Output per worker (GDP constant 2021 international $ at PPP) -- ILO modelled estimates, Nov. 2024;2023;80855.33
Hungary;ILO - Modelled Estimates;Output per worker (GDP constant 2021 international $ at PPP) -- ILO modelled estimates, Nov. 2024;2022;82111.47
Hungary;ILO - Modelled Estimates;Output per worker (GDP constant 2021 international $ at PPP) -- ILO modelled estimates, Nov. 2024;2021;79631.46
Hungary;ILO - Modelled Estimates;Output per worker (GDP constant 2021 international $ at PPP) -- ILO modelled estimates, Nov. 2024;2020;75123.32
Hungary;ILO - Modelled Estimates;Output per worker (GDP constant 2021 international $ at PPP) -- ILO modelled estimates, Nov. 2024;2019;77792
Hungary;ILO - Modelled Estimates;Output per worker (GDP constant 2021 international $ at PPP) -- ILO modelled estimates, Nov. 2024;2018;74586.32
Hungary;ILO - Modelled Estimates;Output per worker (GDP constant 2021 international $ at PPP) -- ILO modelled estimates, Nov. 2024;2017;71674.7
Hungary;ILO - Modelled Estimates;Output per worker (GDP constant 2021 international $ at PPP) -- ILO modelled estimates, Nov. 2024;2016;69882.59
Hungary;ILO - Modelled Estimates;Output per worker (GDP constant 2021 international $ at PPP) -- ILO modelled estimates, Nov. 2024;2015;70733.22
Indonesia;ILO - Modelled Estimates;Output per worker (GDP constant 2021 international $ at PPP) -- ILO modelled estimates, Nov. 2024;2023;28576.49
Indonesia;ILO - Modelled Estimates;Output per worker (GDP constant 2021 international $ at PPP) -- ILO modelled estimates, Nov. 2024;2022;27580.82
Indonesia;ILO - Modelled Estimates;Output per worker (GDP constant 2021 international $ at PPP) -- ILO modelled estimates, Nov. 2024;2021;27058.61
Indonesia;ILO - Modelled Estimates;Output per worker (GDP constant 2021 international $ at PPP) -- ILO modelled estimates, Nov. 2024;2020;25884.24
Indonesia;ILO - Modelled Estimates;Output per worker (GDP constant 2021 international $ at PPP) -- ILO modelled estimates, Nov. 2024;2019;26238.27
Indonesia;ILO - Modelled Estimates;Output per worker (GDP constant 2021 international $ at PPP) -- ILO modelled estimates, Nov. 2024;2018;25734.18
Indonesia;ILO - Modelled Estimates;Output per worker (GDP constant 2021 international $ at PPP) -- ILO modelled estimates, Nov. 2024;2017;24981.56
Indonesia;ILO - Modelled Estimates;Output per worker (GDP constant 2021 international $ at PPP) -- ILO modelled estimates, Nov. 2024;2016;24358.66
Indonesia;ILO - Modelled Estimates;Output per worker (GDP constant 2021 international $ at PPP) -- ILO modelled estimates, Nov. 2024;2015;23462.26
India;ILO - Modelled Estimates;Output per worker (GDP constant 2021 international $ at PPP) -- ILO modelled estimates, Nov. 2024;2023;23339.75
India;ILO - Modelled Estimates;Output per worker (GDP constant 2021 international $ at PPP) -- ILO modelled estimates, Nov. 2024;2022;22493.86
India;ILO - Modelled Estimates;Output per worker (GDP constant 2021 international $ at PPP) -- ILO modelled estimates, Nov. 2024;2021;22095.31
India;ILO - Modelled Estimates;Output per worker (GDP constant 2021 international $ at PPP) -- ILO modelled estimates, Nov. 2024;2020;21151.85
India;ILO - Modelled Estimates;Output per worker (GDP constant 2021 international $ at PPP) -- ILO modelled estimates, Nov. 2024;2019;22172.76
India;ILO - Modelled Estimates;Output per worker (GDP constant 2021 international $ at PPP) -- ILO modelled estimates, Nov. 2024;2018;21900.3
India;ILO - Modelled Estimates;Output per worker (GDP constant 2021 international $ at PPP) -- ILO modelled estimates, Nov. 2024;2017;20864.75
India;ILO - Modelled Estimates;Output per worker (GDP constant 2021 international $ at PPP) -- ILO modelled estimates, Nov. 2024;2016;19841.07
India;ILO - Modelled Estimates;Output per worker (GDP constant 2021 international $ at PPP) -- ILO modelled estimates, Nov. 2024;2015;18628.08
Ireland;ILO - Modelled Estimates;Output per worker (GDP constant 2021 international $ at PPP) -- ILO modelled estimates, Nov. 2024;2023;224668.24
Ireland;ILO - Modelled Estimates;Output per worker (GDP constant 2021 international $ at PPP) -- ILO modelled estimates, Nov. 2024;2022;245982.9
Ireland;ILO - Modelled Estimates;Output per worker (GDP constant 2021 international $ at PPP) -- ILO modelled estimates, Nov. 2024;2021;239089.92
Ireland;ILO - Modelled Estimates;Output per worker (GDP constant 2021 international $ at PPP) -- ILO modelled estimates, Nov. 2024;2020;217370.03
Ireland;ILO - Modelled Estimates;Output per worker (GDP constant 2021 international $ at PPP) -- ILO modelled estimates, Nov. 2024;2019;201226.95
Ireland;ILO - Modelled Estimates;Output per worker (GDP constant 2021 international $ at PPP) -- ILO modelled estimates, Nov. 2024;2018;196356.33
Ireland;ILO - Modelled Estimates;Output per worker (GDP constant 2021 international $ at PPP) -- ILO modelled estimates, Nov. 2024;2017;186515.9
Ireland;ILO - Modelled Estimates;Output per worker (GDP constant 2021 international $ at PPP) -- ILO modelled estimates, Nov. 2024;2016;175700.44
Ireland;ILO - Modelled Estimates;Output per worker (GDP constant 2021 international $ at PPP) -- ILO modelled estimates, Nov. 2024;2015;178847.52
Iran (Islamic Republic of);ILO - Modelled Estimates;Output per worker (GDP constant 2021 international $ at PPP) -- ILO modelled estimates, Nov. 2024;2023;55920.61
Iran (Islamic Republic of);ILO - Modelled Estimates;Output per worker (GDP constant 2021 international $ at PPP) -- ILO modelled estimates, Nov. 2024;2022;53930.56
Iran (Islamic Republic of);ILO - Modelled Estimates;Output per worker (GDP constant 2021 international $ at PPP) -- ILO modelled estimates, Nov. 2024;2021;52527.82
Iran (Islamic Republic of);ILO - Modelled Estimates;Output per worker (GDP constant 2021 international $ at PPP) -- ILO modelled estimates, Nov. 2024;2020;50565.85
Iran (Islamic Republic of);ILO - Modelled Estimates;Output per worker (GDP constant 2021 international $ at PPP) -- ILO modelled estimates, Nov. 2024;2019;46956.91
Iran (Islamic Republic of);ILO - Modelled Estimates;Output per worker (GDP constant 2021 international $ at PPP) -- ILO modelled estimates, Nov. 2024;2018;49405.64
Iran (Islamic Republic of);ILO - Modelled Estimates;Output per worker (GDP constant 2021 international $ at PPP) -- ILO modelled estimates, Nov. 2024;2017;51132.71
Iran (Islamic Republic of);ILO - Modelled Estimates;Output per worker (GDP constant 2021 international $ at PPP) -- ILO modelled estimates, Nov. 2024;2016;51873.3
Iran (Islamic Republic of);ILO - Modelled Estimates;Output per worker (GDP constant 2021 international $ at PPP) -- ILO modelled estimates, Nov. 2024;2015;48844.49
Iraq;ILO - Modelled Estimates;Output per worker (GDP constant 2021 international $ at PPP) -- ILO modelled estimates, Nov. 2024;2023;58048.98
Iraq;ILO - Modelled Estimates;Output per worker (GDP constant 2021 international $ at PPP) -- ILO modelled estimates, Nov. 2024;2022;61726.05
Iraq;ILO - Modelled Estimates;Output per worker (GDP constant 2021 international $ at PPP) -- ILO modelled estimates, Nov. 2024;2021;61824.86
Iraq;ILO - Modelled Estimates;Output per worker (GDP constant 2021 international $ at PPP) -- ILO modelled estimates, Nov. 2024;2020;62369.33
Iraq;ILO - Modelled Estimates;Output per worker (GDP constant 2021 international $ at PPP) -- ILO modelled estimates, Nov. 2024;2019;68496.14
Iraq;ILO - Modelled Estimates;Output per worker (GDP constant 2021 international $ at PPP) -- ILO modelled estimates, Nov. 2024;2018;65982.67
Iraq;ILO - Modelled Estimates;Output per worker (GDP constant 2021 international $ at PPP) -- ILO modelled estimates, Nov. 2024;2017;65649.88
Iraq;ILO - Modelled Estimates;Output per worker (GDP constant 2021 international $ at PPP) -- ILO modelled estimates, Nov. 2024;2016;65120.18
Iraq;ILO - Modelled Estimates;Output per worker (GDP constant 2021 international $ at PPP) -- ILO modelled estimates, Nov. 2024;2015;59074.5
Iceland;ILO - Modelled Estimates;Output per worker (GDP constant 2021 international $ at PPP) -- ILO modelled estimates, Nov. 2024;2023;115384.45
Iceland;ILO - Modelled Estimates;Output per worker (GDP constant 2021 international $ at PPP) -- ILO modelled estimates, Nov. 2024;2022;113113.76
Iceland;ILO - Modelled Estimates;Output per worker (GDP constant 2021 international $ at PPP) -- ILO modelled estimates, Nov. 2024;2021;110344.22
Iceland;ILO - Modelled Estimates;Output per worker (GDP constant 2021 international $ at PPP) -- ILO modelled estimates, Nov. 2024;2020;106037.67
Iceland;ILO - Modelled Estimates;Output per worker (GDP constant 2021 international $ at PPP) -- ILO modelled estimates, Nov. 2024;2019;110546.55
Iceland;ILO - Modelled Estimates;Output per worker (GDP constant 2021 international $ at PPP) -- ILO modelled estimates, Nov. 2024;2018;110023.35
Iceland;ILO - Modelled Estimates;Output per worker (GDP constant 2021 international $ at PPP) -- ILO modelled estimates, Nov. 2024;2017;106997.96
Iceland;ILO - Modelled Estimates;Output per worker (GDP constant 2021 international $ at PPP) -- ILO modelled estimates, Nov. 2024;2016;105100.56
Iceland;ILO - Modelled Estimates;Output per worker (GDP constant 2021 international $ at PPP) -- ILO modelled estimates, Nov. 2024;2015;102672.34
Israel;ILO - Modelled Estimates;Output per worker (GDP constant 2021 international $ at PPP) -- ILO modelled estimates, Nov. 2024;2023;111829.96
Israel;ILO - Modelled Estimates;Output per worker (GDP constant 2021 international $ at PPP) -- ILO modelled estimates, Nov. 2024;2022;112208.82
Israel;ILO - Modelled Estimates;Output per worker (GDP constant 2021 international $ at PPP) -- ILO modelled estimates, Nov. 2024;2021;111298.22
Israel;ILO - Modelled Estimates;Output per worker (GDP constant 2021 international $ at PPP) -- ILO modelled estimates, Nov. 2024;2020;103422.81
Israel;ILO - Modelled Estimates;Output per worker (GDP constant 2021 international $ at PPP) -- ILO modelled estimates, Nov. 2024;2019;104153.8
Israel;ILO - Modelled Estimates;Output per worker (GDP constant 2021 international $ at PPP) -- ILO modelled estimates, Nov. 2024;2018;101358.58
Israel;ILO - Modelled Estimates;Output per worker (GDP constant 2021 international $ at PPP) -- ILO modelled estimates, Nov. 2024;2017;99325.7
Israel;ILO - Modelled Estimates;Output per worker (GDP constant 2021 international $ at PPP) -- ILO modelled estimates, Nov. 2024;2016;97396.66
Israel;ILO - Modelled Estimates;Output per worker (GDP constant 2021 international $ at PPP) -- ILO modelled estimates, Nov. 2024;2015;95566.9
Italy;ILO - Modelled Estimates;Output per worker (GDP constant 2021 international $ at PPP) -- ILO modelled estimates, Nov. 2024;2023;129329.63
Italy;ILO - Modelled Estimates;Output per worker (GDP constant 2021 international $ at PPP) -- ILO modelled estimates, Nov. 2024;2022;131169.8
Italy;ILO - Modelled Estimates;Output per worker (GDP constant 2021 international $ at PPP) -- ILO modelled estimates, Nov. 2024;2021;128952.22
Italy;ILO - Modelled Estimates;Output per worker (GDP constant 2021 international $ at PPP) -- ILO modelled estimates, Nov. 2024;2020;119007.99
Italy;ILO - Modelled Estimates;Output per worker (GDP constant 2021 international $ at PPP) -- ILO modelled estimates, Nov. 2024;2019;128169.83
Italy;ILO - Modelled Estimates;Output per worker (GDP constant 2021 international $ at PPP) -- ILO modelled estimates, Nov. 2024;2018;128425.37
Italy;ILO - Modelled Estimates;Output per worker (GDP constant 2021 international $ at PPP) -- ILO modelled estimates, Nov. 2024;2017;128385.81
Italy;ILO - Modelled Estimates;Output per worker (GDP constant 2021 international $ at PPP) -- ILO modelled estimates, Nov. 2024;2016;127886.29
Italy;ILO - Modelled Estimates;Output per worker (GDP constant 2021 international $ at PPP) -- ILO modelled estimates, Nov. 2024;2015;127984.48
Jamaica;ILO - Modelled Estimates;Output per worker (GDP constant 2021 international $ at PPP) -- ILO modelled estimates, Nov. 2024;2023;19685.91
Jamaica;ILO - Modelled Estimates;Output per worker (GDP constant 2021 international $ at PPP) -- ILO modelled estimates, Nov. 2024;2022;19300.22
Jamaica;ILO - Modelled Estimates;Output per worker (GDP constant 2021 international $ at PPP) -- ILO modelled estimates, Nov. 2024;2021;19231.79
Jamaica;ILO - Modelled Estimates;Output per worker (GDP constant 2021 international $ at PPP) -- ILO modelled estimates, Nov. 2024;2020;19061.37
Jamaica;ILO - Modelled Estimates;Output per worker (GDP constant 2021 international $ at PPP) -- ILO modelled estimates, Nov. 2024;2019;20356.94
Jamaica;ILO - Modelled Estimates;Output per worker (GDP constant 2021 international $ at PPP) -- ILO modelled estimates, Nov. 2024;2018;20912.73
Jamaica;ILO - Modelled Estimates;Output per worker (GDP constant 2021 international $ at PPP) -- ILO modelled estimates, Nov. 2024;2017;21078.44
Jamaica;ILO - Modelled Estimates;Output per worker (GDP constant 2021 international $ at PPP) -- ILO modelled estimates, Nov. 2024;2016;21599.97
Jamaica;ILO - Modelled Estimates;Output per worker (GDP constant 2021 international $ at PPP) -- ILO modelled estimates, Nov. 2024;2015;21377.58
Jordan;ILO - Modelled Estimates;Output per worker (GDP constant 2021 international $ at PPP) -- ILO modelled estimates, Nov. 2024;2023;42942.83
Jordan;ILO - Modelled Estimates;Output per worker (GDP constant 2021 international $ at PPP) -- ILO modelled estimates, Nov. 2024;2022;43023.88
Jordan;ILO - Modelled Estimates;Output per worker (GDP constant 2021 international $ at PPP) -- ILO modelled estimates, Nov. 2024;2021;43813.7
Jordan;ILO - Modelled Estimates;Output per worker (GDP constant 2021 international $ at PPP) -- ILO modelled estimates, Nov. 2024;2020;41630.06
Jordan;ILO - Modelled Estimates;Output per worker (GDP constant 2021 international $ at PPP) -- ILO modelled estimates, Nov. 2024;2019;42642.03
Jordan;ILO - Modelled Estimates;Output per worker (GDP constant 2021 international $ at PPP) -- ILO modelled estimates, Nov. 2024;2018;43863.76
Jordan;ILO - Modelled Estimates;Output per worker (GDP constant 2021 international $ at PPP) -- ILO modelled estimates, Nov. 2024;2017;43034.28
Jordan;ILO - Modelled Estimates;Output per worker (GDP constant 2021 international $ at PPP) -- ILO modelled estimates, Nov. 2024;2016;43116.52
Jordan;ILO - Modelled Estimates;Output per worker (GDP constant 2021 international $ at PPP) -- ILO modelled estimates, Nov. 2024;2015;44899.64
Japan;ILO - Modelled Estimates;Output per worker (GDP constant 2021 international $ at PPP) -- ILO modelled estimates, Nov. 2024;2023;85547.21
Japan;ILO - Modelled Estimates;Output per worker (GDP constant 2021 international $ at PPP) -- ILO modelled estimates, Nov. 2024;2022;84448.96
Japan;ILO - Modelled Estimates;Output per worker (GDP constant 2021 international $ at PPP) -- ILO modelled estimates, Nov. 2024;2021;83908.14
Japan;ILO - Modelled Estimates;Output per worker (GDP constant 2021 international $ at PPP) -- ILO modelled estimates, Nov. 2024;2020;81786.32
Japan;ILO - Modelled Estimates;Output per worker (GDP constant 2021 international $ at PPP) -- ILO modelled estimates, Nov. 2024;2019;84717.4
Japan;ILO - Modelled Estimates;Output per worker (GDP constant 2021 international $ at PPP) -- ILO modelled estimates, Nov. 2024;2018;85916.85
Japan;ILO - Modelled Estimates;Output per worker (GDP constant 2021 international $ at PPP) -- ILO modelled estimates, Nov. 2024;2017;87112.19
Japan;ILO - Modelled Estimates;Output per worker (GDP constant 2021 international $ at PPP) -- ILO modelled estimates, Nov. 2024;2016;86656.82
Japan;ILO - Modelled Estimates;Output per worker (GDP constant 2021 international $ at PPP) -- ILO modelled estimates, Nov. 2024;2015;86981.04
Kazakhstan;ILO - Modelled Estimates;Output per worker (GDP constant 2021 international $ at PPP) -- ILO modelled estimates, Nov. 2024;2023;72591.74
Kazakhstan;ILO - Modelled Estimates;Output per worker (GDP constant 2021 international $ at PPP) -- ILO modelled estimates, Nov. 2024;2022;69739.58
Kazakhstan;ILO - Modelled Estimates;Output per worker (GDP constant 2021 international $ at PPP) -- ILO modelled estimates, Nov. 2024;2021;68776.84
Kazakhstan;ILO - Modelled Estimates;Output per worker (GDP constant 2021 international $ at PPP) -- ILO modelled estimates, Nov. 2024;2020;66762.9
Kazakhstan;ILO - Modelled Estimates;Output per worker (GDP constant 2021 international $ at PPP) -- ILO modelled estimates, Nov. 2024;2019;67763.06
Kazakhstan;ILO - Modelled Estimates;Output per worker (GDP constant 2021 international $ at PPP) -- ILO modelled estimates, Nov. 2024;2018;65645.03
Kazakhstan;ILO - Modelled Estimates;Output per worker (GDP constant 2021 international $ at PPP) -- ILO modelled estimates, Nov. 2024;2017;63804.18
Kazakhstan;ILO - Modelled Estimates;Output per worker (GDP constant 2021 international $ at PPP) -- ILO modelled estimates, Nov. 2024;2016;61976.14
Kazakhstan;ILO - Modelled Estimates;Output per worker (GDP constant 2021 international $ at PPP) -- ILO modelled estimates, Nov. 2024;2015;61832.97
Kenya;ILO - Modelled Estimates;Output per worker (GDP constant 2021 international $ at PPP) -- ILO modelled estimates, Nov. 2024;2023;14364.24
Kenya;ILO - Modelled Estimates;Output per worker (GDP constant 2021 international $ at PPP) -- ILO modelled estimates, Nov. 2024;2022;13996.61
Kenya;ILO - Modelled Estimates;Output per worker (GDP constant 2021 international $ at PPP) -- ILO modelled estimates, Nov. 2024;2021;13686.6
Kenya;ILO - Modelled Estimates;Output per worker (GDP constant 2021 international $ at PPP) -- ILO modelled estimates, Nov. 2024;2020;13164.65
Kenya;ILO - Modelled Estimates;Output per worker (GDP constant 2021 international $ at PPP) -- ILO modelled estimates, Nov. 2024;2019;13354.47
Kenya;ILO - Modelled Estimates;Output per worker (GDP constant 2021 international $ at PPP) -- ILO modelled estimates, Nov. 2024;2018;12558.05
Kenya;ILO - Modelled Estimates;Output per worker (GDP constant 2021 international $ at PPP) -- ILO modelled estimates, Nov. 2024;2017;11781.39
Kenya;ILO - Modelled Estimates;Output per worker (GDP constant 2021 international $ at PPP) -- ILO modelled estimates, Nov. 2024;2016;11274.72
Kenya;ILO - Modelled Estimates;Output per worker (GDP constant 2021 international $ at PPP) -- ILO modelled estimates, Nov. 2024;2015;11169.02
Kyrgyzstan;ILO - Modelled Estimates;Output per worker (GDP constant 2021 international $ at PPP) -- ILO modelled estimates, Nov. 2024;2023;15190.48
Kyrgyzstan;ILO - Modelled Estimates;Output per worker (GDP constant 2021 international $ at PPP) -- ILO modelled estimates, Nov. 2024;2022;14628.05
Kyrgyzstan;ILO - Modelled Estimates;Output per worker (GDP constant 2021 international $ at PPP) -- ILO modelled estimates, Nov. 2024;2021;13807.52
Kyrgyzstan;ILO - Modelled Estimates;Output per worker (GDP constant 2021 international $ at PPP) -- ILO modelled estimates, Nov. 2024;2020;13486.49
Kyrgyzstan;ILO - Modelled Estimates;Output per worker (GDP constant 2021 international $ at PPP) -- ILO modelled estimates, Nov. 2024;2019;14907.4
Kyrgyzstan;ILO - Modelled Estimates;Output per worker (GDP constant 2021 international $ at PPP) -- ILO modelled estimates, Nov. 2024;2018;14466.29
Kyrgyzstan;ILO - Modelled Estimates;Output per worker (GDP constant 2021 international $ at PPP) -- ILO modelled estimates, Nov. 2024;2017;14373.11
Kyrgyzstan;ILO - Modelled Estimates;Output per worker (GDP constant 2021 international $ at PPP) -- ILO modelled estimates, Nov. 2024;2016;13582.66
Kyrgyzstan;ILO - Modelled Estimates;Output per worker (GDP constant 2021 international $ at PPP) -- ILO modelled estimates, Nov. 2024;2015;13112.86
Cambodia;ILO - Modelled Estimates;Output per worker (GDP constant 2021 international $ at PPP) -- ILO modelled estimates, Nov. 2024;2023;8793.72
Cambodia;ILO - Modelled Estimates;Output per worker (GDP constant 2021 international $ at PPP) -- ILO modelled estimates, Nov. 2024;2022;8522.49
Cambodia;ILO - Modelled Estimates;Output per worker (GDP constant 2021 international $ at PPP) -- ILO modelled estimates, Nov. 2024;2021;8322.61
Cambodia;ILO - Modelled Estimates;Output per worker (GDP constant 2021 international $ at PPP) -- ILO modelled estimates, Nov. 2024;2020;7942.6
Cambodia;ILO - Modelled Estimates;Output per worker (GDP constant 2021 international $ at PPP) -- ILO modelled estimates, Nov. 2024;2019;8324.07
Cambodia;ILO - Modelled Estimates;Output per worker (GDP constant 2021 international $ at PPP) -- ILO modelled estimates, Nov. 2024;2018;7947.91
Cambodia;ILO - Modelled Estimates;Output per worker (GDP constant 2021 international $ at PPP) -- ILO modelled estimates, Nov. 2024;2017;7555
Cambodia;ILO - Modelled Estimates;Output per worker (GDP constant 2021 international $ at PPP) -- ILO modelled estimates, Nov. 2024;2016;7184.81
Cambodia;ILO - Modelled Estimates;Output per worker (GDP constant 2021 international $ at PPP) -- ILO modelled estimates, Nov. 2024;2015;6988.17
Republic of Korea;ILO - Modelled Estimates;Output per worker (GDP constant 2021 international $ at PPP) -- ILO modelled estimates, Nov. 2024;2023;90899.1
Republic of Korea;ILO - Modelled Estimates;Output per worker (GDP constant 2021 international $ at PPP) -- ILO modelled estimates, Nov. 2024;2022;90867.32
Republic of Korea;ILO - Modelled Estimates;Output per worker (GDP constant 2021 international $ at PPP) -- ILO modelled estimates, Nov. 2024;2021;91226.34
Republic of Korea;ILO - Modelled Estimates;Output per worker (GDP constant 2021 international $ at PPP) -- ILO modelled estimates, Nov. 2024;2020;88415.02
Republic of Korea;ILO - Modelled Estimates;Output per worker (GDP constant 2021 international $ at PPP) -- ILO modelled estimates, Nov. 2024;2019;88309.89
Republic of Korea;ILO - Modelled Estimates;Output per worker (GDP constant 2021 international $ at PPP) -- ILO modelled estimates, Nov. 2024;2018;87283.24
Republic of Korea;ILO - Modelled Estimates;Output per worker (GDP constant 2021 international $ at PPP) -- ILO modelled estimates, Nov. 2024;2017;85008.96
Republic of Korea;ILO - Modelled Estimates;Output per worker (GDP constant 2021 international $ at PPP) -- ILO modelled estimates, Nov. 2024;2016;83406.97
Republic of Korea;ILO - Modelled Estimates;Output per worker (GDP constant 2021 international $ at PPP) -- ILO modelled estimates, Nov. 2024;2015;81876.13
Kuwait;ILO - Modelled Estimates;Output per worker (GDP constant 2021 international $ at PPP) -- ILO modelled estimates, Nov. 2024;2023;75414.03
Kuwait;ILO - Modelled Estimates;Output per worker (GDP constant 2021 international $ at PPP) -- ILO modelled estimates, Nov. 2024;2022;82921.88
Kuwait;ILO - Modelled Estimates;Output per worker (GDP constant 2021 international $ at PPP) -- ILO modelled estimates, Nov. 2024;2021;89004.89
Kuwait;ILO - Modelled Estimates;Output per worker (GDP constant 2021 international $ at PPP) -- ILO modelled estimates, Nov. 2024;2020;89675.98
Kuwait;ILO - Modelled Estimates;Output per worker (GDP constant 2021 international $ at PPP) -- ILO modelled estimates, Nov. 2024;2019;86824.06
Kuwait;ILO - Modelled Estimates;Output per worker (GDP constant 2021 international $ at PPP) -- ILO modelled estimates, Nov. 2024;2018;88200.17
Kuwait;ILO - Modelled Estimates;Output per worker (GDP constant 2021 international $ at PPP) -- ILO modelled estimates, Nov. 2024;2017;90245.3
Kuwait;ILO - Modelled Estimates;Output per worker (GDP constant 2021 international $ at PPP) -- ILO modelled estimates, Nov. 2024;2016;99182.61
Kuwait;ILO - Modelled Estimates;Output per worker (GDP constant 2021 international $ at PPP) -- ILO modelled estimates, Nov. 2024;2015;101449.52
Lao People's Democratic Republic;ILO - Modelled Estimates;Output per worker (GDP constant 2021 international $ at PPP) -- ILO modelled estimates, Nov. 2024;2023;18395.58
Lao People's Democratic Republic;ILO - Modelled Estimates;Output per worker (GDP constant 2021 international $ at PPP) -- ILO modelled estimates, Nov. 2024;2022;18086.08
Lao People's Democratic Republic;ILO - Modelled Estimates;Output per worker (GDP constant 2021 international $ at PPP) -- ILO modelled estimates, Nov. 2024;2021;18667.05
Lao People's Democratic Republic;ILO - Modelled Estimates;Output per worker (GDP constant 2021 international $ at PPP) -- ILO modelled estimates, Nov. 2024;2020;19054.45
Lao People's Democratic Republic;ILO - Modelled Estimates;Output per worker (GDP constant 2021 international $ at PPP) -- ILO modelled estimates, Nov. 2024;2019;19581.69
Lao People's Democratic Republic;ILO - Modelled Estimates;Output per worker (GDP constant 2021 international $ at PPP) -- ILO modelled estimates, Nov. 2024;2018;19379.83
Lao People's Democratic Republic;ILO - Modelled Estimates;Output per worker (GDP constant 2021 international $ at PPP) -- ILO modelled estimates, Nov. 2024;2017;19048.64
Lao People's Democratic Republic;ILO - Modelled Estimates;Output per worker (GDP constant 2021 international $ at PPP) -- ILO modelled estimates, Nov. 2024;2016;18081.22
Lao People's Democratic Republic;ILO - Modelled Estimates;Output per worker (GDP constant 2021 international $ at PPP) -- ILO modelled estimates, Nov. 2024;2015;17151.08
Lebanon;ILO - Modelled Estimates;Output per worker (GDP constant 2021 international $ at PPP) -- ILO modelled estimates, Nov. 2024;2023;38262.52
Lebanon;ILO - Modelled Estimates;Output per worker (GDP constant 2021 international $ at PPP) -- ILO modelled estimates, Nov. 2024;2022;38808.1
Lebanon;ILO - Modelled Estimates;Output per worker (GDP constant 2021 international $ at PPP) -- ILO modelled estimates, Nov. 2024;2021;40044.86
Lebanon;ILO - Modelled Estimates;Output per worker (GDP constant 2021 international $ at PPP) -- ILO modelled estimates, Nov. 2024;2020;44268.29
Lebanon;ILO - Modelled Estimates;Output per worker (GDP constant 2021 international $ at PPP) -- ILO modelled estimates, Nov. 2024;2019;50086.43
Lebanon;ILO - Modelled Estimates;Output per worker (GDP constant 2021 international $ at PPP) -- ILO modelled estimates, Nov. 2024;2018;51949.78
Lebanon;ILO - Modelled Estimates;Output per worker (GDP constant 2021 international $ at PPP) -- ILO modelled estimates, Nov. 2024;2017;51277.81
Lebanon;ILO - Modelled Estimates;Output per worker (GDP constant 2021 international $ at PPP) -- ILO modelled estimates, Nov. 2024;2016;49355.97
Lebanon;ILO - Modelled Estimates;Output per worker (GDP constant 2021 international $ at PPP) -- ILO modelled estimates, Nov. 2024;2015;47306.3
Liberia;ILO - Modelled Estimates;Output per worker (GDP constant 2021 international $ at PPP) -- ILO modelled estimates, Nov. 2024;2023;3609.95
Liberia;ILO - Modelled Estimates;Output per worker (GDP constant 2021 international $ at PPP) -- ILO modelled estimates, Nov. 2024;2022;3560.68
Liberia;ILO - Modelled Estimates;Output per worker (GDP constant 2021 international $ at PPP) -- ILO modelled estimates, Nov. 2024;2021;3552.52
Liberia;ILO - Modelled Estimates;Output per worker (GDP constant 2021 international $ at PPP) -- ILO modelled estimates, Nov. 2024;2020;3501.95
Liberia;ILO - Modelled Estimates;Output per worker (GDP constant 2021 international $ at PPP) -- ILO modelled estimates, Nov. 2024;2019;3632.14
Liberia;ILO - Modelled Estimates;Output per worker (GDP constant 2021 international $ at PPP) -- ILO modelled estimates, Nov. 2024;2018;3810.68
Liberia;ILO - Modelled Estimates;Output per worker (GDP constant 2021 international $ at PPP) -- ILO modelled estimates, Nov. 2024;2017;3851.3
Liberia;ILO - Modelled Estimates;Output per worker (GDP constant 2021 international $ at PPP) -- ILO modelled estimates, Nov. 2024;2016;3840.45
Liberia;ILO - Modelled Estimates;Output per worker (GDP constant 2021 international $ at PPP) -- ILO modelled estimates, Nov. 2024;2015;3967.55
Libya;ILO - Modelled Estimates;Output per worker (GDP constant 2021 international $ at PPP) -- ILO modelled estimates, Nov. 2024;2023;59589.24
Libya;ILO - Modelled Estimates;Output per worker (GDP constant 2021 international $ at PPP) -- ILO modelled estimates, Nov. 2024;2022;55230.82
Libya;ILO - Modelled Estimates;Output per worker (GDP constant 2021 international $ at PPP) -- ILO modelled estimates, Nov. 2024;2021;61370.5
Libya;ILO - Modelled Estimates;Output per worker (GDP constant 2021 international $ at PPP) -- ILO modelled estimates, Nov. 2024;2020;24857.15
Libya;ILO - Modelled Estimates;Output per worker (GDP constant 2021 international $ at PPP) -- ILO modelled estimates, Nov. 2024;2019;59575.79
Libya;ILO - Modelled Estimates;Output per worker (GDP constant 2021 international $ at PPP) -- ILO modelled estimates, Nov. 2024;2018;64426.92
Libya;ILO - Modelled Estimates;Output per worker (GDP constant 2021 international $ at PPP) -- ILO modelled estimates, Nov. 2024;2017;61051.3
Libya;ILO - Modelled Estimates;Output per worker (GDP constant 2021 international $ at PPP) -- ILO modelled estimates, Nov. 2024;2016;47254.93
Libya;ILO - Modelled Estimates;Output per worker (GDP constant 2021 international $ at PPP) -- ILO modelled estimates, Nov. 2024;2015;48895.73
Saint Lucia;ILO - Modelled Estimates;Output per worker (GDP constant 2021 international $ at PPP) -- ILO modelled estimates, Nov. 2024;2023;45474.39
Saint Lucia;ILO - Modelled Estimates;Output per worker (GDP constant 2021 international $ at PPP) -- ILO modelled estimates, Nov. 2024;2022;47436.03
Saint Lucia;ILO - Modelled Estimates;Output per worker (GDP constant 2021 international $ at PPP) -- ILO modelled estimates, Nov. 2024;2021;44209.94
Saint Lucia;ILO - Modelled Estimates;Output per worker (GDP constant 2021 international $ at PPP) -- ILO modelled estimates, Nov. 2024;2020;51292.12
Saint Lucia;ILO - Modelled Estimates;Output per worker (GDP constant 2021 international $ at PPP) -- ILO modelled estimates, Nov. 2024;2019;47380.75
Saint Lucia;ILO - Modelled Estimates;Output per worker (GDP constant 2021 international $ at PPP) -- ILO modelled estimates, Nov. 2024;2018;49526.86
Saint Lucia;ILO - Modelled Estimates;Output per worker (GDP constant 2021 international $ at PPP) -- ILO modelled estimates, Nov. 2024;2017;48808.46
Saint Lucia;ILO - Modelled Estimates;Output per worker (GDP constant 2021 international $ at PPP) -- ILO modelled estimates, Nov. 2024;2016;48174.15
Saint Lucia;ILO - Modelled Estimates;Output per worker (GDP constant 2021 international $ at PPP) -- ILO modelled estimates, Nov. 2024;2015;47669.5
Sri Lanka;ILO - Modelled Estimates;Output per worker (GDP constant 2021 international $ at PPP) -- ILO modelled estimates, Nov. 2024;2023;34367.84
Sri Lanka;ILO - Modelled Estimates;Output per worker (GDP constant 2021 international $ at PPP) -- ILO modelled estimates, Nov. 2024;2022;35065.02
Sri Lanka;ILO - Modelled Estimates;Output per worker (GDP constant 2021 international $ at PPP) -- ILO modelled estimates, Nov. 2024;2021;38329.23
Sri Lanka;ILO - Modelled Estimates;Output per worker (GDP constant 2021 international $ at PPP) -- ILO modelled estimates, Nov. 2024;2020;36826.16
Sri Lanka;ILO - Modelled Estimates;Output per worker (GDP constant 2021 international $ at PPP) -- ILO modelled estimates, Nov. 2024;2019;37448.8
Sri Lanka;ILO - Modelled Estimates;Output per worker (GDP constant 2021 international $ at PPP) -- ILO modelled estimates, Nov. 2024;2018;38191.8
Sri Lanka;ILO - Modelled Estimates;Output per worker (GDP constant 2021 international $ at PPP) -- ILO modelled estimates, Nov. 2024;2017;36056.84
Sri Lanka;ILO - Modelled Estimates;Output per worker (GDP constant 2021 international $ at PPP) -- ILO modelled estimates, Nov. 2024;2016;34494.65
Sri Lanka;ILO - Modelled Estimates;Output per worker (GDP constant 2021 international $ at PPP) -- ILO modelled estimates, Nov. 2024;2015;33333.87
Lesotho;ILO - Modelled Estimates;Output per worker (GDP constant 2021 international $ at PPP) -- ILO modelled estimates, Nov. 2024;2023;8163.89
Lesotho;ILO - Modelled Estimates;Output per worker (GDP constant 2021 international $ at PPP) -- ILO modelled estimates, Nov. 2024;2022;8135.2
Lesotho;ILO - Modelled Estimates;Output per worker (GDP constant 2021 international $ at PPP) -- ILO modelled estimates, Nov. 2024;2021;8455.58
Lesotho;ILO - Modelled Estimates;Output per worker (GDP constant 2021 international $ at PPP) -- ILO modelled estimates, Nov. 2024;2020;8434.61
Lesotho;ILO - Modelled Estimates;Output per worker (GDP constant 2021 international $ at PPP) -- ILO modelled estimates, Nov. 2024;2019;9000.18
Lesotho;ILO - Modelled Estimates;Output per worker (GDP constant 2021 international $ at PPP) -- ILO modelled estimates, Nov. 2024;2018;9037.7
Lesotho;ILO - Modelled Estimates;Output per worker (GDP constant 2021 international $ at PPP) -- ILO modelled estimates, Nov. 2024;2017;9092.1
Lesotho;ILO - Modelled Estimates;Output per worker (GDP constant 2021 international $ at PPP) -- ILO modelled estimates, Nov. 2024;2016;9299.28
Lesotho;ILO - Modelled Estimates;Output per worker (GDP constant 2021 international $ at PPP) -- ILO modelled estimates, Nov. 2024;2015;8914.16
Lithuania;ILO - Modelled Estimates;Output per worker (GDP constant 2021 international $ at PPP) -- ILO modelled estimates, Nov. 2024;2023;93307.29
Lithuania;ILO - Modelled Estimates;Output per worker (GDP constant 2021 international $ at PPP) -- ILO modelled estimates, Nov. 2024;2022;94300.2
Lithuania;ILO - Modelled Estimates;Output per worker (GDP constant 2021 international $ at PPP) -- ILO modelled estimates, Nov. 2024;2021;94685.55
Lithuania;ILO - Modelled Estimates;Output per worker (GDP constant 2021 international $ at PPP) -- ILO modelled estimates, Nov. 2024;2020;89874.96
Lithuania;ILO - Modelled Estimates;Output per worker (GDP constant 2021 international $ at PPP) -- ILO modelled estimates, Nov. 2024;2019;88606.88
Lithuania;ILO - Modelled Estimates;Output per worker (GDP constant 2021 international $ at PPP) -- ILO modelled estimates, Nov. 2024;2018;84991.3
Lithuania;ILO - Modelled Estimates;Output per worker (GDP constant 2021 international $ at PPP) -- ILO modelled estimates, Nov. 2024;2017;82881.85
Lithuania;ILO - Modelled Estimates;Output per worker (GDP constant 2021 international $ at PPP) -- ILO modelled estimates, Nov. 2024;2016;79294.7
Lithuania;ILO - Modelled Estimates;Output per worker (GDP constant 2021 international $ at PPP) -- ILO modelled estimates, Nov. 2024;2015;78820.82
Luxembourg;ILO - Modelled Estimates;Output per worker (GDP constant 2021 international $ at PPP) -- ILO modelled estimates, Nov. 2024;2023;271071.14
Luxembourg;ILO - Modelled Estimates;Output per worker (GDP constant 2021 international $ at PPP) -- ILO modelled estimates, Nov. 2024;2022;280118.87
Luxembourg;ILO - Modelled Estimates;Output per worker (GDP constant 2021 international $ at PPP) -- ILO modelled estimates, Nov. 2024;2021;282555.78
Luxembourg;ILO - Modelled Estimates;Output per worker (GDP constant 2021 international $ at PPP) -- ILO modelled estimates, Nov. 2024;2020;277483.7
Luxembourg;ILO - Modelled Estimates;Output per worker (GDP constant 2021 international $ at PPP) -- ILO modelled estimates, Nov. 2024;2019;281355.65
Luxembourg;ILO - Modelled Estimates;Output per worker (GDP constant 2021 international $ at PPP) -- ILO modelled estimates, Nov. 2024;2018;282483.13
Luxembourg;ILO - Modelled Estimates;Output per worker (GDP constant 2021 international $ at PPP) -- ILO modelled estimates, Nov. 2024;2017;287201.45
Luxembourg;ILO - Modelled Estimates;Output per worker (GDP constant 2021 international $ at PPP) -- ILO modelled estimates, Nov. 2024;2016;292075.85
Luxembourg;ILO - Modelled Estimates;Output per worker (GDP constant 2021 international $ at PPP) -- ILO modelled estimates, Nov. 2024;2015;282999.93
Latvia;ILO - Modelled Estimates;Output per worker (GDP constant 2021 international $ at PPP) -- ILO modelled estimates, Nov. 2024;2023;78599.7
Latvia;ILO - Modelled Estimates;Output per worker (GDP constant 2021 international $ at PPP) -- ILO modelled estimates, Nov. 2024;2022;79459.68
Latvia;ILO - Modelled Estimates;Output per worker (GDP constant 2021 international $ at PPP) -- ILO modelled estimates, Nov. 2024;2021;78757.28
Latvia;ILO - Modelled Estimates;Output per worker (GDP constant 2021 international $ at PPP) -- ILO modelled estimates, Nov. 2024;2020;71866.01
Latvia;ILO - Modelled Estimates;Output per worker (GDP constant 2021 international $ at PPP) -- ILO modelled estimates, Nov. 2024;2019;73080.48
Latvia;ILO - Modelled Estimates;Output per worker (GDP constant 2021 international $ at PPP) -- ILO modelled estimates, Nov. 2024;2018;72615.86
Latvia;ILO - Modelled Estimates;Output per worker (GDP constant 2021 international $ at PPP) -- ILO modelled estimates, Nov. 2024;2017;70782.62
Latvia;ILO - Modelled Estimates;Output per worker (GDP constant 2021 international $ at PPP) -- ILO modelled estimates, Nov. 2024;2016;68887.89
Latvia;ILO - Modelled Estimates;Output per worker (GDP constant 2021 international $ at PPP) -- ILO modelled estimates, Nov. 2024;2015;66970.45
Macao, China;ILO - Modelled Estimates;Output per worker (GDP constant 2021 international $ at PPP) -- ILO modelled estimates, Nov. 2024;2023;184460.97
Macao, China;ILO - Modelled Estimates;Output per worker (GDP constant 2021 international $ at PPP) -- ILO modelled estimates, Nov. 2024;2022;99353.36
Macao, China;ILO - Modelled Estimates;Output per worker (GDP constant 2021 international $ at PPP) -- ILO modelled estimates, Nov. 2024;2021;125480.41
Macao, China;ILO - Modelled Estimates;Output per worker (GDP constant 2021 international $ at PPP) -- ILO modelled estimates, Nov. 2024;2020;104987.89
Macao, China;ILO - Modelled Estimates;Output per worker (GDP constant 2021 international $ at PPP) -- ILO modelled estimates, Nov. 2024;2019;227719.31
Macao, China;ILO - Modelled Estimates;Output per worker (GDP constant 2021 international $ at PPP) -- ILO modelled estimates, Nov. 2024;2018;235909.44
Macao, China;ILO - Modelled Estimates;Output per worker (GDP constant 2021 international $ at PPP) -- ILO modelled estimates, Nov. 2024;2017;226140.36
Macao, China;ILO - Modelled Estimates;Output per worker (GDP constant 2021 international $ at PPP) -- ILO modelled estimates, Nov. 2024;2016;208496.19
Macao, China;ILO - Modelled Estimates;Output per worker (GDP constant 2021 international $ at PPP) -- ILO modelled estimates, Nov. 2024;2015;210513.16
Morocco;ILO - Modelled Estimates;Output per worker (GDP constant 2021 international $ at PPP) -- ILO modelled estimates, Nov. 2024;2023;30188.37
Morocco;ILO - Modelled Estimates;Output per worker (GDP constant 2021 international $ at PPP) -- ILO modelled estimates, Nov. 2024;2022;29773.46
Morocco;ILO - Modelled Estimates;Output per worker (GDP constant 2021 international $ at PPP) -- ILO modelled estimates, Nov. 2024;2021;29448.99
Morocco;ILO - Modelled Estimates;Output per worker (GDP constant 2021 international $ at PPP) -- ILO modelled estimates, Nov. 2024;2020;28273.17
Morocco;ILO - Modelled Estimates;Output per worker (GDP constant 2021 international $ at PPP) -- ILO modelled estimates, Nov. 2024;2019;29253.61
Morocco;ILO - Modelled Estimates;Output per worker (GDP constant 2021 international $ at PPP) -- ILO modelled estimates, Nov. 2024;2018;28997.34
Morocco;ILO - Modelled Estimates;Output per worker (GDP constant 2021 international $ at PPP) -- ILO modelled estimates, Nov. 2024;2017;28671.36
Morocco;ILO - Modelled Estimates;Output per worker (GDP constant 2021 international $ at PPP) -- ILO modelled estimates, Nov. 2024;2016;27100.73
Morocco;ILO - Modelled Estimates;Output per worker (GDP constant 2021 international $ at PPP) -- ILO modelled estimates, Nov. 2024;2015;26886.56
Republic of Moldova;ILO - Modelled Estimates;Output per worker (GDP constant 2021 international $ at PPP) -- ILO modelled estimates, Nov. 2024;2023;22819.37
Republic of Moldova;ILO - Modelled Estimates;Output per worker (GDP constant 2021 international $ at PPP) -- ILO modelled estimates, Nov. 2024;2022;22166.75
Republic of Moldova;ILO - Modelled Estimates;Output per worker (GDP constant 2021 international $ at PPP) -- ILO modelled estimates, Nov. 2024;2021;23434.46
Republic of Moldova;ILO - Modelled Estimates;Output per worker (GDP constant 2021 international $ at PPP) -- ILO modelled estimates, Nov. 2024;2020;21133.17
Republic of Moldova;ILO - Modelled Estimates;Output per worker (GDP constant 2021 international $ at PPP) -- ILO modelled estimates, Nov. 2024;2019;22836.6
Republic of Moldova;ILO - Modelled Estimates;Output per worker (GDP constant 2021 international $ at PPP) -- ILO modelled estimates, Nov. 2024;2018;22364.09
Republic of Moldova;ILO - Modelled Estimates;Output per worker (GDP constant 2021 international $ at PPP) -- ILO modelled estimates, Nov. 2024;2017;20816.51
Republic of Moldova;ILO - Modelled Estimates;Output per worker (GDP constant 2021 international $ at PPP) -- ILO modelled estimates, Nov. 2024;2016;19156.97
Republic of Moldova;ILO - Modelled Estimates;Output per worker (GDP constant 2021 international $ at PPP) -- ILO modelled estimates, Nov. 2024;2015;17879.45
Madagascar;ILO - Modelled Estimates;Output per worker (GDP constant 2021 international $ at PPP) -- ILO modelled estimates, Nov. 2024;2023;3297.93
Madagascar;ILO - Modelled Estimates;Output per worker (GDP constant 2021 international $ at PPP) -- ILO modelled estimates, Nov. 2024;2022;3275.05
Madagascar;ILO - Modelled Estimates;Output per worker (GDP constant 2021 international $ at PPP) -- ILO modelled estimates, Nov. 2024;2021;3258.09
Madagascar;ILO - Modelled Estimates;Output per worker (GDP constant 2021 international $ at PPP) -- ILO modelled estimates, Nov. 2024;2020;3184.74
Madagascar;ILO - Modelled Estimates;Output per worker (GDP constant 2021 international $ at PPP) -- ILO modelled estimates, Nov. 2024;2019;3470.43
Madagascar;ILO - Modelled Estimates;Output per worker (GDP constant 2021 international $ at PPP) -- ILO modelled estimates, Nov. 2024;2018;3415.88
Madagascar;ILO - Modelled Estimates;Output per worker (GDP constant 2021 international $ at PPP) -- ILO modelled estimates, Nov. 2024;2017;3402.67
Madagascar;ILO - Modelled Estimates;Output per worker (GDP constant 2021 international $ at PPP) -- ILO modelled estimates, Nov. 2024;2016;3366.54
Madagascar;ILO - Modelled Estimates;Output per worker (GDP constant 2021 international $ at PPP) -- ILO modelled estimates, Nov. 2024;2015;3330.65
Maldives;ILO - Modelled Estimates;Output per worker (GDP constant 2021 international $ at PPP) -- ILO modelled estimates, Nov. 2024;2023;45623.56
Maldives;ILO - Modelled Estimates;Output per worker (GDP constant 2021 international $ at PPP) -- ILO modelled estimates, Nov. 2024;2022;44186.49
Maldives;ILO - Modelled Estimates;Output per worker (GDP constant 2021 international $ at PPP) -- ILO modelled estimates, Nov. 2024;2021;39455.98
Maldives;ILO - Modelled Estimates;Output per worker (GDP constant 2021 international $ at PPP) -- ILO modelled estimates, Nov. 2024;2020;30438.87
Maldives;ILO - Modelled Estimates;Output per worker (GDP constant 2021 international $ at PPP) -- ILO modelled estimates, Nov. 2024;2019;45901.78
Maldives;ILO - Modelled Estimates;Output per worker (GDP constant 2021 international $ at PPP) -- ILO modelled estimates, Nov. 2024;2018;45708.89
Maldives;ILO - Modelled Estimates;Output per worker (GDP constant 2021 international $ at PPP) -- ILO modelled estimates, Nov. 2024;2017;45084.45
Maldives;ILO - Modelled Estimates;Output per worker (GDP constant 2021 international $ at PPP) -- ILO modelled estimates, Nov. 2024;2016;45216.92
Maldives;ILO - Modelled Estimates;Output per worker (GDP constant 2021 international $ at PPP) -- ILO modelled estimates, Nov. 2024;2015;45233.25
Mexico;ILO - Modelled Estimates;Output per worker (GDP constant 2021 international $ at PPP) -- ILO modelled estimates, Nov. 2024;2023;48992.39
Mexico;ILO - Modelled Estimates;Output per worker (GDP constant 2021 international $ at PPP) -- ILO modelled estimates, Nov. 2024;2022;49018.34
Mexico;ILO - Modelled Estimates;Output per worker (GDP constant 2021 international $ at PPP) -- ILO modelled estimates, Nov. 2024;2021;49058.02
Mexico;ILO - Modelled Estimates;Output per worker (GDP constant 2021 international $ at PPP) -- ILO modelled estimates, Nov. 2024;2020;50037.99
Mexico;ILO - Modelled Estimates;Output per worker (GDP constant 2021 international $ at PPP) -- ILO modelled estimates, Nov. 2024;2019;50711.62
Mexico;ILO - Modelled Estimates;Output per worker (GDP constant 2021 international $ at PPP) -- ILO modelled estimates, Nov. 2024;2018;52087.1
Mexico;ILO - Modelled Estimates;Output per worker (GDP constant 2021 international $ at PPP) -- ILO modelled estimates, Nov. 2024;2017;52128.62
Mexico;ILO - Modelled Estimates;Output per worker (GDP constant 2021 international $ at PPP) -- ILO modelled estimates, Nov. 2024;2016;51993.47
Mexico;ILO - Modelled Estimates;Output per worker (GDP constant 2021 international $ at PPP) -- ILO modelled estimates, Nov. 2024;2015;52011.04
North Macedonia;ILO - Modelled Estimates;Output per worker (GDP constant 2021 international $ at PPP) -- ILO modelled estimates, Nov. 2024;2023;61187.42
North Macedonia;ILO - Modelled Estimates;Output per worker (GDP constant 2021 international $ at PPP) -- ILO modelled estimates, Nov. 2024;2022;60912.91
North Macedonia;ILO - Modelled Estimates;Output per worker (GDP constant 2021 international $ at PPP) -- ILO modelled estimates, Nov. 2024;2021;61714.71
North Macedonia;ILO - Modelled Estimates;Output per worker (GDP constant 2021 international $ at PPP) -- ILO modelled estimates, Nov. 2024;2020;58371.21
North Macedonia;ILO - Modelled Estimates;Output per worker (GDP constant 2021 international $ at PPP) -- ILO modelled estimates, Nov. 2024;2019;59997.24
North Macedonia;ILO - Modelled Estimates;Output per worker (GDP constant 2021 international $ at PPP) -- ILO modelled estimates, Nov. 2024;2018;60160.71
North Macedonia;ILO - Modelled Estimates;Output per worker (GDP constant 2021 international $ at PPP) -- ILO modelled estimates, Nov. 2024;2017;58811.39
North Macedonia;ILO - Modelled Estimates;Output per worker (GDP constant 2021 international $ at PPP) -- ILO modelled estimates, Nov. 2024;2016;58543.08
North Macedonia;ILO - Modelled Estimates;Output per worker (GDP constant 2021 international $ at PPP) -- ILO modelled estimates, Nov. 2024;2015;57546.25
Mali;ILO - Modelled Estimates;Output per worker (GDP constant 2021 international $ at PPP) -- ILO modelled estimates, Nov. 2024;2023;6635.48
Mali;ILO - Modelled Estimates;Output per worker (GDP constant 2021 international $ at PPP) -- ILO modelled estimates, Nov. 2024;2022;6541.1
Mali;ILO - Modelled Estimates;Output per worker (GDP constant 2021 international $ at PPP) -- ILO modelled estimates, Nov. 2024;2021;6744.55
Mali;ILO - Modelled Estimates;Output per worker (GDP constant 2021 international $ at PPP) -- ILO modelled estimates, Nov. 2024;2020;7011.61
Mali;ILO - Modelled Estimates;Output per worker (GDP constant 2021 international $ at PPP) -- ILO modelled estimates, Nov. 2024;2019;7000.81
Mali;ILO - Modelled Estimates;Output per worker (GDP constant 2021 international $ at PPP) -- ILO modelled estimates, Nov. 2024;2018;6789.57
Mali;ILO - Modelled Estimates;Output per worker (GDP constant 2021 international $ at PPP) -- ILO modelled estimates, Nov. 2024;2017;6690.95
Mali;ILO - Modelled Estimates;Output per worker (GDP constant 2021 international $ at PPP) -- ILO modelled estimates, Nov. 2024;2016;6494.81
Mali;ILO - Modelled Estimates;Output per worker (GDP constant 2021 international $ at PPP) -- ILO modelled estimates, Nov. 2024;2015;6275.68
Malta;ILO - Modelled Estimates;Output per worker (GDP constant 2021 international $ at PPP) -- ILO modelled estimates, Nov. 2024;2023;108845.85
Malta;ILO - Modelled Estimates;Output per worker (GDP constant 2021 international $ at PPP) -- ILO modelled estimates, Nov. 2024;2022;101913.59
Malta;ILO - Modelled Estimates;Output per worker (GDP constant 2021 international $ at PPP) -- ILO modelled estimates, Nov. 2024;2021;100529.98
Malta;ILO - Modelled Estimates;Output per worker (GDP constant 2021 international $ at PPP) -- ILO modelled estimates, Nov. 2024;2020;92724.75
Malta;ILO - Modelled Estimates;Output per worker (GDP constant 2021 international $ at PPP) -- ILO modelled estimates, Nov. 2024;2019;105056.61
Malta;ILO - Modelled Estimates;Output per worker (GDP constant 2021 international $ at PPP) -- ILO modelled estimates, Nov. 2024;2018;104747.36
Malta;ILO - Modelled Estimates;Output per worker (GDP constant 2021 international $ at PPP) -- ILO modelled estimates, Nov. 2024;2017;105407.03
Malta;ILO - Modelled Estimates;Output per worker (GDP constant 2021 international $ at PPP) -- ILO modelled estimates, Nov. 2024;2016;100511.31
Malta;ILO - Modelled Estimates;Output per worker (GDP constant 2021 international $ at PPP) -- ILO modelled estimates, Nov. 2024;2015;101309.44
Myanmar;ILO - Modelled Estimates;Output per worker (GDP constant 2021 international $ at PPP) -- ILO modelled estimates, Nov. 2024;2023;12441.25
Myanmar;ILO - Modelled Estimates;Output per worker (GDP constant 2021 international $ at PPP) -- ILO modelled estimates, Nov. 2024;2022;12271.9
Myanmar;ILO - Modelled Estimates;Output per worker (GDP constant 2021 international $ at PPP) -- ILO modelled estimates, Nov. 2024;2021;13066.87
Myanmar;ILO - Modelled Estimates;Output per worker (GDP constant 2021 international $ at PPP) -- ILO modelled estimates, Nov. 2024;2020;13360.46
Myanmar;ILO - Modelled Estimates;Output per worker (GDP constant 2021 international $ at PPP) -- ILO modelled estimates, Nov. 2024;2019;14595.32
Myanmar;ILO - Modelled Estimates;Output per worker (GDP constant 2021 international $ at PPP) -- ILO modelled estimates, Nov. 2024;2018;13473.78
Myanmar;ILO - Modelled Estimates;Output per worker (GDP constant 2021 international $ at PPP) -- ILO modelled estimates, Nov. 2024;2017;12966.68
Myanmar;ILO - Modelled Estimates;Output per worker (GDP constant 2021 international $ at PPP) -- ILO modelled estimates, Nov. 2024;2016;12060.77
Myanmar;ILO - Modelled Estimates;Output per worker (GDP constant 2021 international $ at PPP) -- ILO modelled estimates, Nov. 2024;2015;11259.06
Montenegro;ILO - Modelled Estimates;Output per worker (GDP constant 2021 international $ at PPP) -- ILO modelled estimates, Nov. 2024;2023;80270.62
Montenegro;ILO - Modelled Estimates;Output per worker (GDP constant 2021 international $ at PPP) -- ILO modelled estimates, Nov. 2024;2022;78270.43
Montenegro;ILO - Modelled Estimates;Output per worker (GDP constant 2021 international $ at PPP) -- ILO modelled estimates, Nov. 2024;2021;76806.79
Montenegro;ILO - Modelled Estimates;Output per worker (GDP constant 2021 international $ at PPP) -- ILO modelled estimates, Nov. 2024;2020;65453.73
Montenegro;ILO - Modelled Estimates;Output per worker (GDP constant 2021 international $ at PPP) -- ILO modelled estimates, Nov. 2024;2019;68604.59
Montenegro;ILO - Modelled Estimates;Output per worker (GDP constant 2021 international $ at PPP) -- ILO modelled estimates, Nov. 2024;2018;66760.37
Montenegro;ILO - Modelled Estimates;Output per worker (GDP constant 2021 international $ at PPP) -- ILO modelled estimates, Nov. 2024;2017;64928.77
Montenegro;ILO - Modelled Estimates;Output per worker (GDP constant 2021 international $ at PPP) -- ILO modelled estimates, Nov. 2024;2016;62748.25
Montenegro;ILO - Modelled Estimates;Output per worker (GDP constant 2021 international $ at PPP) -- ILO modelled estimates, Nov. 2024;2015;60914.5
Mongolia;ILO - Modelled Estimates;Output per worker (GDP constant 2021 international $ at PPP) -- ILO modelled estimates, Nov. 2024;2023;42277.75
Mongolia;ILO - Modelled Estimates;Output per worker (GDP constant 2021 international $ at PPP) -- ILO modelled estimates, Nov. 2024;2022;40005.88
Mongolia;ILO - Modelled Estimates;Output per worker (GDP constant 2021 international $ at PPP) -- ILO modelled estimates, Nov. 2024;2021;40233.5
Mongolia;ILO - Modelled Estimates;Output per worker (GDP constant 2021 international $ at PPP) -- ILO modelled estimates, Nov. 2024;2020;38455.05
Mongolia;ILO - Modelled Estimates;Output per worker (GDP constant 2021 international $ at PPP) -- ILO modelled estimates, Nov. 2024;2019;40419.87
Mongolia;ILO - Modelled Estimates;Output per worker (GDP constant 2021 international $ at PPP) -- ILO modelled estimates, Nov. 2024;2018;39892.42
Mongolia;ILO - Modelled Estimates;Output per worker (GDP constant 2021 international $ at PPP) -- ILO modelled estimates, Nov. 2024;2017;38177.9
Mongolia;ILO - Modelled Estimates;Output per worker (GDP constant 2021 international $ at PPP) -- ILO modelled estimates, Nov. 2024;2016;37340.13
Mongolia;ILO - Modelled Estimates;Output per worker (GDP constant 2021 international $ at PPP) -- ILO modelled estimates, Nov. 2024;2015;35521.3
Mozambique;ILO - Modelled Estimates;Output per worker (GDP constant 2021 international $ at PPP) -- ILO modelled estimates, Nov. 2024;2023;3590.95
Mozambique;ILO - Modelled Estimates;Output per worker (GDP constant 2021 international $ at PPP) -- ILO modelled estimates, Nov. 2024;2022;3517.06
Mozambique;ILO - Modelled Estimates;Output per worker (GDP constant 2021 international $ at PPP) -- ILO modelled estimates, Nov. 2024;2021;3535.58
Mozambique;ILO - Modelled Estimates;Output per worker (GDP constant 2021 international $ at PPP) -- ILO modelled estimates, Nov. 2024;2020;3558.75
Mozambique;ILO - Modelled Estimates;Output per worker (GDP constant 2021 international $ at PPP) -- ILO modelled estimates, Nov. 2024;2019;3672.15
Mozambique;ILO - Modelled Estimates;Output per worker (GDP constant 2021 international $ at PPP) -- ILO modelled estimates, Nov. 2024;2018;3699.49
Mozambique;ILO - Modelled Estimates;Output per worker (GDP constant 2021 international $ at PPP) -- ILO modelled estimates, Nov. 2024;2017;3686.57
Mozambique;ILO - Modelled Estimates;Output per worker (GDP constant 2021 international $ at PPP) -- ILO modelled estimates, Nov. 2024;2016;3704.41
Mozambique;ILO - Modelled Estimates;Output per worker (GDP constant 2021 international $ at PPP) -- ILO modelled estimates, Nov. 2024;2015;3648.25
Mauritania;ILO - Modelled Estimates;Output per worker (GDP constant 2021 international $ at PPP) -- ILO modelled estimates, Nov. 2024;2023;29948.03
Mauritania;ILO - Modelled Estimates;Output per worker (GDP constant 2021 international $ at PPP) -- ILO modelled estimates, Nov. 2024;2022;29050.21
Mauritania;ILO - Modelled Estimates;Output per worker (GDP constant 2021 international $ at PPP) -- ILO modelled estimates, Nov. 2024;2021;28606.96
Mauritania;ILO - Modelled Estimates;Output per worker (GDP constant 2021 international $ at PPP) -- ILO modelled estimates, Nov. 2024;2020;29362.2
Mauritania;ILO - Modelled Estimates;Output per worker (GDP constant 2021 international $ at PPP) -- ILO modelled estimates, Nov. 2024;2019;29929.19
Mauritania;ILO - Modelled Estimates;Output per worker (GDP constant 2021 international $ at PPP) -- ILO modelled estimates, Nov. 2024;2018;29922.49
Mauritania;ILO - Modelled Estimates;Output per worker (GDP constant 2021 international $ at PPP) -- ILO modelled estimates, Nov. 2024;2017;29422.95
Mauritania;ILO - Modelled Estimates;Output per worker (GDP constant 2021 international $ at PPP) -- ILO modelled estimates, Nov. 2024;2016;28198.84
Mauritania;ILO - Modelled Estimates;Output per worker (GDP constant 2021 international $ at PPP) -- ILO modelled estimates, Nov. 2024;2015;28311.04
Mauritius;ILO - Modelled Estimates;Output per worker (GDP constant 2021 international $ at PPP) -- ILO modelled estimates, Nov. 2024;2023;59028.34
Mauritius;ILO - Modelled Estimates;Output per worker (GDP constant 2021 international $ at PPP) -- ILO modelled estimates, Nov. 2024;2022;55335.27
Mauritius;ILO - Modelled Estimates;Output per worker (GDP constant 2021 international $ at PPP) -- ILO modelled estimates, Nov. 2024;2021;54624.79
Mauritius;ILO - Modelled Estimates;Output per worker (GDP constant 2021 international $ at PPP) -- ILO modelled estimates, Nov. 2024;2020;50650.96
Mauritius;ILO - Modelled Estimates;Output per worker (GDP constant 2021 international $ at PPP) -- ILO modelled estimates, Nov. 2024;2019;54455.34
Mauritius;ILO - Modelled Estimates;Output per worker (GDP constant 2021 international $ at PPP) -- ILO modelled estimates, Nov. 2024;2018;53633.37
Mauritius;ILO - Modelled Estimates;Output per worker (GDP constant 2021 international $ at PPP) -- ILO modelled estimates, Nov. 2024;2017;51466.35
Mauritius;ILO - Modelled Estimates;Output per worker (GDP constant 2021 international $ at PPP) -- ILO modelled estimates, Nov. 2024;2016;49991.34
Mauritius;ILO - Modelled Estimates;Output per worker (GDP constant 2021 international $ at PPP) -- ILO modelled estimates, Nov. 2024;2015;48149
Malawi;ILO - Modelled Estimates;Output per worker (GDP constant 2021 international $ at PPP) -- ILO modelled estimates, Nov. 2024;2023;4448.6
Malawi;ILO - Modelled Estimates;Output per worker (GDP constant 2021 international $ at PPP) -- ILO modelled estimates, Nov. 2024;2022;4545.35
Malawi;ILO - Modelled Estimates;Output per worker (GDP constant 2021 international $ at PPP) -- ILO modelled estimates, Nov. 2024;2021;4719.02
Malawi;ILO - Modelled Estimates;Output per worker (GDP constant 2021 international $ at PPP) -- ILO modelled estimates, Nov. 2024;2020;4679.67
Malawi;ILO - Modelled Estimates;Output per worker (GDP constant 2021 international $ at PPP) -- ILO modelled estimates, Nov. 2024;2019;4838.68
Malawi;ILO - Modelled Estimates;Output per worker (GDP constant 2021 international $ at PPP) -- ILO modelled estimates, Nov. 2024;2018;4747.83
Malawi;ILO - Modelled Estimates;Output per worker (GDP constant 2021 international $ at PPP) -- ILO modelled estimates, Nov. 2024;2017;4703.17
Malawi;ILO - Modelled Estimates;Output per worker (GDP constant 2021 international $ at PPP) -- ILO modelled estimates, Nov. 2024;2016;4612.24
Malawi;ILO - Modelled Estimates;Output per worker (GDP constant 2021 international $ at PPP) -- ILO modelled estimates, Nov. 2024;2015;4586.24
Malaysia;ILO - Modelled Estimates;Output per worker (GDP constant 2021 international $ at PPP) -- ILO modelled estimates, Nov. 2024;2023;66903.05
Malaysia;ILO - Modelled Estimates;Output per worker (GDP constant 2021 international $ at PPP) -- ILO modelled estimates, Nov. 2024;2022;65896.85
Malaysia;ILO - Modelled Estimates;Output per worker (GDP constant 2021 international $ at PPP) -- ILO modelled estimates, Nov. 2024;2021;62184.49
Malaysia;ILO - Modelled Estimates;Output per worker (GDP constant 2021 international $ at PPP) -- ILO modelled estimates, Nov. 2024;2020;61449.07
Malaysia;ILO - Modelled Estimates;Output per worker (GDP constant 2021 international $ at PPP) -- ILO modelled estimates, Nov. 2024;2019;65068.91
Malaysia;ILO - Modelled Estimates;Output per worker (GDP constant 2021 international $ at PPP) -- ILO modelled estimates, Nov. 2024;2018;63974.71
Malaysia;ILO - Modelled Estimates;Output per worker (GDP constant 2021 international $ at PPP) -- ILO modelled estimates, Nov. 2024;2017;62766.21
Malaysia;ILO - Modelled Estimates;Output per worker (GDP constant 2021 international $ at PPP) -- ILO modelled estimates, Nov. 2024;2016;60738.14
Malaysia;ILO - Modelled Estimates;Output per worker (GDP constant 2021 international $ at PPP) -- ILO modelled estimates, Nov. 2024;2015;59143.41
Namibia;ILO - Modelled Estimates;Output per worker (GDP constant 2021 international $ at PPP) -- ILO modelled estimates, Nov. 2024;2023;33745.71
Namibia;ILO - Modelled Estimates;Output per worker (GDP constant 2021 international $ at PPP) -- ILO modelled estimates, Nov. 2024;2022;33505.99
Namibia;ILO - Modelled Estimates;Output per worker (GDP constant 2021 international $ at PPP) -- ILO modelled estimates, Nov. 2024;2021;33612.89
Namibia;ILO - Modelled Estimates;Output per worker (GDP constant 2021 international $ at PPP) -- ILO modelled estimates, Nov. 2024;2020;33579.91
Namibia;ILO - Modelled Estimates;Output per worker (GDP constant 2021 international $ at PPP) -- ILO modelled estimates, Nov. 2024;2019;36354.11
Namibia;ILO - Modelled Estimates;Output per worker (GDP constant 2021 international $ at PPP) -- ILO modelled estimates, Nov. 2024;2018;37630.26
Namibia;ILO - Modelled Estimates;Output per worker (GDP constant 2021 international $ at PPP) -- ILO modelled estimates, Nov. 2024;2017;38572.52
Namibia;ILO - Modelled Estimates;Output per worker (GDP constant 2021 international $ at PPP) -- ILO modelled estimates, Nov. 2024;2016;40291.06
Namibia;ILO - Modelled Estimates;Output per worker (GDP constant 2021 international $ at PPP) -- ILO modelled estimates, Nov. 2024;2015;39903.85
New Caledonia;ILO - Modelled Estimates;Output per worker (GDP constant 2021 international $ at PPP) -- ILO modelled estimates, Nov. 2024;2023;140882.94
New Caledonia;ILO - Modelled Estimates;Output per worker (GDP constant 2021 international $ at PPP) -- ILO modelled estimates, Nov. 2024;2022;138107.38
New Caledonia;ILO - Modelled Estimates;Output per worker (GDP constant 2021 international $ at PPP) -- ILO modelled estimates, Nov. 2024;2021;137290.66
New Caledonia;ILO - Modelled Estimates;Output per worker (GDP constant 2021 international $ at PPP) -- ILO modelled estimates, Nov. 2024;2020;143717.02
New Caledonia;ILO - Modelled Estimates;Output per worker (GDP constant 2021 international $ at PPP) -- ILO modelled estimates, Nov. 2024;2019;142379
New Caledonia;ILO - Modelled Estimates;Output per worker (GDP constant 2021 international $ at PPP) -- ILO modelled estimates, Nov. 2024;2018;143256.08
New Caledonia;ILO - Modelled Estimates;Output per worker (GDP constant 2021 international $ at PPP) -- ILO modelled estimates, Nov. 2024;2017;135517.75
New Caledonia;ILO - Modelled Estimates;Output per worker (GDP constant 2021 international $ at PPP) -- ILO modelled estimates, Nov. 2024;2016;132735.12
New Caledonia;ILO - Modelled Estimates;Output per worker (GDP constant 2021 international $ at PPP) -- ILO modelled estimates, Nov. 2024;2015;132350.4
Niger;ILO - Modelled Estimates;Output per worker (GDP constant 2021 international $ at PPP) -- ILO modelled estimates, Nov. 2024;2023;4426.17
Niger;ILO - Modelled Estimates;Output per worker (GDP constant 2021 international $ at PPP) -- ILO modelled estimates, Nov. 2024;2022;4505.47
Niger;ILO - Modelled Estimates;Output per worker (GDP constant 2021 international $ at PPP) -- ILO modelled estimates, Nov. 2024;2021;4225.12
Niger;ILO - Modelled Estimates;Output per worker (GDP constant 2021 international $ at PPP) -- ILO modelled estimates, Nov. 2024;2020;4329.69
Niger;ILO - Modelled Estimates;Output per worker (GDP constant 2021 international $ at PPP) -- ILO modelled estimates, Nov. 2024;2019;4302.81
Niger;ILO - Modelled Estimates;Output per worker (GDP constant 2021 international $ at PPP) -- ILO modelled estimates, Nov. 2024;2018;4214.87
Niger;ILO - Modelled Estimates;Output per worker (GDP constant 2021 international $ at PPP) -- ILO modelled estimates, Nov. 2024;2017;4080.93
Niger;ILO - Modelled Estimates;Output per worker (GDP constant 2021 international $ at PPP) -- ILO modelled estimates, Nov. 2024;2016;4035.47
Niger;ILO - Modelled Estimates;Output per worker (GDP constant 2021 international $ at PPP) -- ILO modelled estimates, Nov. 2024;2015;3966.3
Nigeria;ILO - Modelled Estimates;Output per worker (GDP constant 2021 international $ at PPP) -- ILO modelled estimates, Nov. 2024;2023;11934.53
Nigeria;ILO - Modelled Estimates;Output per worker (GDP constant 2021 international $ at PPP) -- ILO modelled estimates, Nov. 2024;2022;12219.67
Nigeria;ILO - Modelled Estimates;Output per worker (GDP constant 2021 international $ at PPP) -- ILO modelled estimates, Nov. 2024;2021;12382.13
Nigeria;ILO - Modelled Estimates;Output per worker (GDP constant 2021 international $ at PPP) -- ILO modelled estimates, Nov. 2024;2020;12321.42
Nigeria;ILO - Modelled Estimates;Output per worker (GDP constant 2021 international $ at PPP) -- ILO modelled estimates, Nov. 2024;2019;12864.54
Nigeria;ILO - Modelled Estimates;Output per worker (GDP constant 2021 international $ at PPP) -- ILO modelled estimates, Nov. 2024;2018;12927.96
Nigeria;ILO - Modelled Estimates;Output per worker (GDP constant 2021 international $ at PPP) -- ILO modelled estimates, Nov. 2024;2017;13023.3
Nigeria;ILO - Modelled Estimates;Output per worker (GDP constant 2021 international $ at PPP) -- ILO modelled estimates, Nov. 2024;2016;13266.1
Nigeria;ILO - Modelled Estimates;Output per worker (GDP constant 2021 international $ at PPP) -- ILO modelled estimates, Nov. 2024;2015;13845.62
Nicaragua;ILO - Modelled Estimates;Output per worker (GDP constant 2021 international $ at PPP) -- ILO modelled estimates, Nov. 2024;2023;16956.67
Nicaragua;ILO - Modelled Estimates;Output per worker (GDP constant 2021 international $ at PPP) -- ILO modelled estimates, Nov. 2024;2022;16623.19
Nicaragua;ILO - Modelled Estimates;Output per worker (GDP constant 2021 international $ at PPP) -- ILO modelled estimates, Nov. 2024;2021;16515.78
Nicaragua;ILO - Modelled Estimates;Output per worker (GDP constant 2021 international $ at PPP) -- ILO modelled estimates, Nov. 2024;2020;15478.33
Nicaragua;ILO - Modelled Estimates;Output per worker (GDP constant 2021 international $ at PPP) -- ILO modelled estimates, Nov. 2024;2019;15762.19
Nicaragua;ILO - Modelled Estimates;Output per worker (GDP constant 2021 international $ at PPP) -- ILO modelled estimates, Nov. 2024;2018;16435.57
Nicaragua;ILO - Modelled Estimates;Output per worker (GDP constant 2021 international $ at PPP) -- ILO modelled estimates, Nov. 2024;2017;16925.42
Nicaragua;ILO - Modelled Estimates;Output per worker (GDP constant 2021 international $ at PPP) -- ILO modelled estimates, Nov. 2024;2016;16610.92
Nicaragua;ILO - Modelled Estimates;Output per worker (GDP constant 2021 international $ at PPP) -- ILO modelled estimates, Nov. 2024;2015;16355.08
Netherlands;ILO - Modelled Estimates;Output per worker (GDP constant 2021 international $ at PPP) -- ILO modelled estimates, Nov. 2024;2023;124667.45
Netherlands;ILO - Modelled Estimates;Output per worker (GDP constant 2021 international $ at PPP) -- ILO modelled estimates, Nov. 2024;2022;127020.65
Netherlands;ILO - Modelled Estimates;Output per worker (GDP constant 2021 international $ at PPP) -- ILO modelled estimates, Nov. 2024;2021;124476.34
Netherlands;ILO - Modelled Estimates;Output per worker (GDP constant 2021 international $ at PPP) -- ILO modelled estimates, Nov. 2024;2020;117523.24
Netherlands;ILO - Modelled Estimates;Output per worker (GDP constant 2021 international $ at PPP) -- ILO modelled estimates, Nov. 2024;2019;122334.82
Netherlands;ILO - Modelled Estimates;Output per worker (GDP constant 2021 international $ at PPP) -- ILO modelled estimates, Nov. 2024;2018;122220.09
Netherlands;ILO - Modelled Estimates;Output per worker (GDP constant 2021 international $ at PPP) -- ILO modelled estimates, Nov. 2024;2017;122146.33
Netherlands;ILO - Modelled Estimates;Output per worker (GDP constant 2021 international $ at PPP) -- ILO modelled estimates, Nov. 2024;2016;120925.48
Netherlands;ILO - Modelled Estimates;Output per worker (GDP constant 2021 international $ at PPP) -- ILO modelled estimates, Nov. 2024;2015;120067.81
Norway;ILO - Modelled Estimates;Output per worker (GDP constant 2021 international $ at PPP) -- ILO modelled estimates, Nov. 2024;2023;172330.35
Norway;ILO - Modelled Estimates;Output per worker (GDP constant 2021 international $ at PPP) -- ILO modelled estimates, Nov. 2024;2022;172011.91
Norway;ILO - Modelled Estimates;Output per worker (GDP constant 2021 international $ at PPP) -- ILO modelled estimates, Nov. 2024;2021;171551.1
Norway;ILO - Modelled Estimates;Output per worker (GDP constant 2021 international $ at PPP) -- ILO modelled estimates, Nov. 2024;2020;167818.76
Norway;ILO - Modelled Estimates;Output per worker (GDP constant 2021 international $ at PPP) -- ILO modelled estimates, Nov. 2024;2019;169809
Norway;ILO - Modelled Estimates;Output per worker (GDP constant 2021 international $ at PPP) -- ILO modelled estimates, Nov. 2024;2018;170456.83
Norway;ILO - Modelled Estimates;Output per worker (GDP constant 2021 international $ at PPP) -- ILO modelled estimates, Nov. 2024;2017;171296.01
Norway;ILO - Modelled Estimates;Output per worker (GDP constant 2021 international $ at PPP) -- ILO modelled estimates, Nov. 2024;2016;167541.77
Norway;ILO - Modelled Estimates;Output per worker (GDP constant 2021 international $ at PPP) -- ILO modelled estimates, Nov. 2024;2015;166060.63
Nepal;ILO - Modelled Estimates;Output per worker (GDP constant 2021 international $ at PPP) -- ILO modelled estimates, Nov. 2024;2023;19166.13
Nepal;ILO - Modelled Estimates;Output per worker (GDP constant 2021 international $ at PPP) -- ILO modelled estimates, Nov. 2024;2022;18890.65
Nepal;ILO - Modelled Estimates;Output per worker (GDP constant 2021 international $ at PPP) -- ILO modelled estimates, Nov. 2024;2021;18524.71
Nepal;ILO - Modelled Estimates;Output per worker (GDP constant 2021 international $ at PPP) -- ILO modelled estimates, Nov. 2024;2020;18394.77
Nepal;ILO - Modelled Estimates;Output per worker (GDP constant 2021 international $ at PPP) -- ILO modelled estimates, Nov. 2024;2019;18707.06
Nepal;ILO - Modelled Estimates;Output per worker (GDP constant 2021 international $ at PPP) -- ILO modelled estimates, Nov. 2024;2018;17985.76
Nepal;ILO - Modelled Estimates;Output per worker (GDP constant 2021 international $ at PPP) -- ILO modelled estimates, Nov. 2024;2017;16806.08
Nepal;ILO - Modelled Estimates;Output per worker (GDP constant 2021 international $ at PPP) -- ILO modelled estimates, Nov. 2024;2016;15495.16
Nepal;ILO - Modelled Estimates;Output per worker (GDP constant 2021 international $ at PPP) -- ILO modelled estimates, Nov. 2024;2015;15558.3
New Zealand;ILO - Modelled Estimates;Output per worker (GDP constant 2021 international $ at PPP) -- ILO modelled estimates, Nov. 2024;2023;87294.76
New Zealand;ILO - Modelled Estimates;Output per worker (GDP constant 2021 international $ at PPP) -- ILO modelled estimates, Nov. 2024;2022;88043.27
New Zealand;ILO - Modelled Estimates;Output per worker (GDP constant 2021 international $ at PPP) -- ILO modelled estimates, Nov. 2024;2021;87747.93
New Zealand;ILO - Modelled Estimates;Output per worker (GDP constant 2021 international $ at PPP) -- ILO modelled estimates, Nov. 2024;2020;86102.41
New Zealand;ILO - Modelled Estimates;Output per worker (GDP constant 2021 international $ at PPP) -- ILO modelled estimates, Nov. 2024;2019;87190.34
New Zealand;ILO - Modelled Estimates;Output per worker (GDP constant 2021 international $ at PPP) -- ILO modelled estimates, Nov. 2024;2018;86670.4
New Zealand;ILO - Modelled Estimates;Output per worker (GDP constant 2021 international $ at PPP) -- ILO modelled estimates, Nov. 2024;2017;85813.05
New Zealand;ILO - Modelled Estimates;Output per worker (GDP constant 2021 international $ at PPP) -- ILO modelled estimates, Nov. 2024;2016;86419.97
New Zealand;ILO - Modelled Estimates;Output per worker (GDP constant 2021 international $ at PPP) -- ILO modelled estimates, Nov. 2024;2015;87055.98
Oman;ILO - Modelled Estimates;Output per worker (GDP constant 2021 international $ at PPP) -- ILO modelled estimates, Nov. 2024;2023;78802.33
Oman;ILO - Modelled Estimates;Output per worker (GDP constant 2021 international $ at PPP) -- ILO modelled estimates, Nov. 2024;2022;84394.11
Oman;ILO - Modelled Estimates;Output per worker (GDP constant 2021 international $ at PPP) -- ILO modelled estimates, Nov. 2024;2021;83174.2
Oman;ILO - Modelled Estimates;Output per worker (GDP constant 2021 international $ at PPP) -- ILO modelled estimates, Nov. 2024;2020;79826.34
Oman;ILO - Modelled Estimates;Output per worker (GDP constant 2021 international $ at PPP) -- ILO modelled estimates, Nov. 2024;2019;74203.08
Oman;ILO - Modelled Estimates;Output per worker (GDP constant 2021 international $ at PPP) -- ILO modelled estimates, Nov. 2024;2018;72897.1
Oman;ILO - Modelled Estimates;Output per worker (GDP constant 2021 international $ at PPP) -- ILO modelled estimates, Nov. 2024;2017;72694.18
Oman;ILO - Modelled Estimates;Output per worker (GDP constant 2021 international $ at PPP) -- ILO modelled estimates, Nov. 2024;2016;75748.32
Oman;ILO - Modelled Estimates;Output per worker (GDP constant 2021 international $ at PPP) -- ILO modelled estimates, Nov. 2024;2015;76802.02
Pakistan;ILO - Modelled Estimates;Output per worker (GDP constant 2021 international $ at PPP) -- ILO modelled estimates, Nov. 2024;2023;17574.76
Pakistan;ILO - Modelled Estimates;Output per worker (GDP constant 2021 international $ at PPP) -- ILO modelled estimates, Nov. 2024;2022;17986.15
Pakistan;ILO - Modelled Estimates;Output per worker (GDP constant 2021 international $ at PPP) -- ILO modelled estimates, Nov. 2024;2021;17411.99
Pakistan;ILO - Modelled Estimates;Output per worker (GDP constant 2021 international $ at PPP) -- ILO modelled estimates, Nov. 2024;2020;17045.49
Pakistan;ILO - Modelled Estimates;Output per worker (GDP constant 2021 international $ at PPP) -- ILO modelled estimates, Nov. 2024;2019;17420.05
Pakistan;ILO - Modelled Estimates;Output per worker (GDP constant 2021 international $ at PPP) -- ILO modelled estimates, Nov. 2024;2018;17412.59
Pakistan;ILO - Modelled Estimates;Output per worker (GDP constant 2021 international $ at PPP) -- ILO modelled estimates, Nov. 2024;2017;16465.61
Pakistan;ILO - Modelled Estimates;Output per worker (GDP constant 2021 international $ at PPP) -- ILO modelled estimates, Nov. 2024;2016;15772.14
Pakistan;ILO - Modelled Estimates;Output per worker (GDP constant 2021 international $ at PPP) -- ILO modelled estimates, Nov. 2024;2015;15119.42
Panama;ILO - Modelled Estimates;Output per worker (GDP constant 2021 international $ at PPP) -- ILO modelled estimates, Nov. 2024;2023;78814
Panama;ILO - Modelled Estimates;Output per worker (GDP constant 2021 international $ at PPP) -- ILO modelled estimates, Nov. 2024;2022;74713.23
Panama;ILO - Modelled Estimates;Output per worker (GDP constant 2021 international $ at PPP) -- ILO modelled estimates, Nov. 2024;2021;74157.93
Panama;ILO - Modelled Estimates;Output per worker (GDP constant 2021 international $ at PPP) -- ILO modelled estimates, Nov. 2024;2020;64809.89
Panama;ILO - Modelled Estimates;Output per worker (GDP constant 2021 international $ at PPP) -- ILO modelled estimates, Nov. 2024;2019;70750.33
Panama;ILO - Modelled Estimates;Output per worker (GDP constant 2021 international $ at PPP) -- ILO modelled estimates, Nov. 2024;2018;70073.99
Panama;ILO - Modelled Estimates;Output per worker (GDP constant 2021 international $ at PPP) -- ILO modelled estimates, Nov. 2024;2017;70912.51
Panama;ILO - Modelled Estimates;Output per worker (GDP constant 2021 international $ at PPP) -- ILO modelled estimates, Nov. 2024;2016;67808.02
Panama;ILO - Modelled Estimates;Output per worker (GDP constant 2021 international $ at PPP) -- ILO modelled estimates, Nov. 2024;2015;66249.05
Peru;ILO - Modelled Estimates;Output per worker (GDP constant 2021 international $ at PPP) -- ILO modelled estimates, Nov. 2024;2023;29237.96
Peru;ILO - Modelled Estimates;Output per worker (GDP constant 2021 international $ at PPP) -- ILO modelled estimates, Nov. 2024;2022;28850.79
Peru;ILO - Modelled Estimates;Output per worker (GDP constant 2021 international $ at PPP) -- ILO modelled estimates, Nov. 2024;2021;29905.44
Peru;ILO - Modelled Estimates;Output per worker (GDP constant 2021 international $ at PPP) -- ILO modelled estimates, Nov. 2024;2020;28560.85
Peru;ILO - Modelled Estimates;Output per worker (GDP constant 2021 international $ at PPP) -- ILO modelled estimates, Nov. 2024;2019;27926.33
Peru;ILO - Modelled Estimates;Output per worker (GDP constant 2021 international $ at PPP) -- ILO modelled estimates, Nov. 2024;2018;28063.89
Peru;ILO - Modelled Estimates;Output per worker (GDP constant 2021 international $ at PPP) -- ILO modelled estimates, Nov. 2024;2017;27783.72
Peru;ILO - Modelled Estimates;Output per worker (GDP constant 2021 international $ at PPP) -- ILO modelled estimates, Nov. 2024;2016;28243.2
Peru;ILO - Modelled Estimates;Output per worker (GDP constant 2021 international $ at PPP) -- ILO modelled estimates, Nov. 2024;2015;27328.71
Philippines;ILO - Modelled Estimates;Output per worker (GDP constant 2021 international $ at PPP) -- ILO modelled estimates, Nov. 2024;2023;23104.98
Philippines;ILO - Modelled Estimates;Output per worker (GDP constant 2021 international $ at PPP) -- ILO modelled estimates, Nov. 2024;2022;22362.35
Philippines;ILO - Modelled Estimates;Output per worker (GDP constant 2021 international $ at PPP) -- ILO modelled estimates, Nov. 2024;2021;23200.67
Philippines;ILO - Modelled Estimates;Output per worker (GDP constant 2021 international $ at PPP) -- ILO modelled estimates, Nov. 2024;2020;22857.04
Philippines;ILO - Modelled Estimates;Output per worker (GDP constant 2021 international $ at PPP) -- ILO modelled estimates, Nov. 2024;2019;23666.27
Philippines;ILO - Modelled Estimates;Output per worker (GDP constant 2021 international $ at PPP) -- ILO modelled estimates, Nov. 2024;2018;22946.55
Philippines;ILO - Modelled Estimates;Output per worker (GDP constant 2021 international $ at PPP) -- ILO modelled estimates, Nov. 2024;2017;22012.87
Philippines;ILO - Modelled Estimates;Output per worker (GDP constant 2021 international $ at PPP) -- ILO modelled estimates, Nov. 2024;2016;20231.5
Philippines;ILO - Modelled Estimates;Output per worker (GDP constant 2021 international $ at PPP) -- ILO modelled estimates, Nov. 2024;2015;19445.04
Papua New Guinea;ILO - Modelled Estimates;Output per worker (GDP constant 2021 international $ at PPP) -- ILO modelled estimates, Nov. 2024;2023;12349.37
Papua New Guinea;ILO - Modelled Estimates;Output per worker (GDP constant 2021 international $ at PPP) -- ILO modelled estimates, Nov. 2024;2022;12284.81
Papua New Guinea;ILO - Modelled Estimates;Output per worker (GDP constant 2021 international $ at PPP) -- ILO modelled estimates, Nov. 2024;2021;12138.76
Papua New Guinea;ILO - Modelled Estimates;Output per worker (GDP constant 2021 international $ at PPP) -- ILO modelled estimates, Nov. 2024;2020;12664.84
Papua New Guinea;ILO - Modelled Estimates;Output per worker (GDP constant 2021 international $ at PPP) -- ILO modelled estimates, Nov. 2024;2019;13346.47
Papua New Guinea;ILO - Modelled Estimates;Output per worker (GDP constant 2021 international $ at PPP) -- ILO modelled estimates, Nov. 2024;2018;13202.59
Papua New Guinea;ILO - Modelled Estimates;Output per worker (GDP constant 2021 international $ at PPP) -- ILO modelled estimates, Nov. 2024;2017;13708.53
Papua New Guinea;ILO - Modelled Estimates;Output per worker (GDP constant 2021 international $ at PPP) -- ILO modelled estimates, Nov. 2024;2016;13693.5
Papua New Guinea;ILO - Modelled Estimates;Output per worker (GDP constant 2021 international $ at PPP) -- ILO modelled estimates, Nov. 2024;2015;13441.04
Poland;ILO - Modelled Estimates;Output per worker (GDP constant 2021 international $ at PPP) -- ILO modelled estimates, Nov. 2024;2023;85743.7
Poland;ILO - Modelled Estimates;Output per worker (GDP constant 2021 international $ at PPP) -- ILO modelled estimates, Nov. 2024;2022;87213.14
Poland;ILO - Modelled Estimates;Output per worker (GDP constant 2021 international $ at PPP) -- ILO modelled estimates, Nov. 2024;2021;84192.83
Poland;ILO - Modelled Estimates;Output per worker (GDP constant 2021 international $ at PPP) -- ILO modelled estimates, Nov. 2024;2020;79971.08
Poland;ILO - Modelled Estimates;Output per worker (GDP constant 2021 international $ at PPP) -- ILO modelled estimates, Nov. 2024;2019;81424.55
Poland;ILO - Modelled Estimates;Output per worker (GDP constant 2021 international $ at PPP) -- ILO modelled estimates, Nov. 2024;2018;78187.01
Poland;ILO - Modelled Estimates;Output per worker (GDP constant 2021 international $ at PPP) -- ILO modelled estimates, Nov. 2024;2017;74465.58
Poland;ILO - Modelled Estimates;Output per worker (GDP constant 2021 international $ at PPP) -- ILO modelled estimates, Nov. 2024;2016;72049.62
Poland;ILO - Modelled Estimates;Output per worker (GDP constant 2021 international $ at PPP) -- ILO modelled estimates, Nov. 2024;2015;71203.05
Puerto Rico;ILO - Modelled Estimates;Output per worker (GDP constant 2021 international $ at PPP) -- ILO modelled estimates, Nov. 2024;2023;125710.91
Puerto Rico;ILO - Modelled Estimates;Output per worker (GDP constant 2021 international $ at PPP) -- ILO modelled estimates, Nov. 2024;2022;125689.18
Puerto Rico;ILO - Modelled Estimates;Output per worker (GDP constant 2021 international $ at PPP) -- ILO modelled estimates, Nov. 2024;2021;128361.16
Puerto Rico;ILO - Modelled Estimates;Output per worker (GDP constant 2021 international $ at PPP) -- ILO modelled estimates, Nov. 2024;2020;125592.52
Puerto Rico;ILO - Modelled Estimates;Output per worker (GDP constant 2021 international $ at PPP) -- ILO modelled estimates, Nov. 2024;2019;129754.06
Puerto Rico;ILO - Modelled Estimates;Output per worker (GDP constant 2021 international $ at PPP) -- ILO modelled estimates, Nov. 2024;2018;131203.23
Puerto Rico;ILO - Modelled Estimates;Output per worker (GDP constant 2021 international $ at PPP) -- ILO modelled estimates, Nov. 2024;2017;138844.54
Puerto Rico;ILO - Modelled Estimates;Output per worker (GDP constant 2021 international $ at PPP) -- ILO modelled estimates, Nov. 2024;2016;140702.26
Puerto Rico;ILO - Modelled Estimates;Output per worker (GDP constant 2021 international $ at PPP) -- ILO modelled estimates, Nov. 2024;2015;142355.31
Korea (the Democratic People's Republic of);ILO - Modelled Estimates;Output per worker (GDP constant 2021 international $ at PPP) -- ILO modelled estimates, Nov. 2024;2023;2824.76
Korea (the Democratic People's Republic of);ILO - Modelled Estimates;Output per worker (GDP constant 2021 international $ at PPP) -- ILO modelled estimates, Nov. 2024;2022;2773.96
Korea (the Democratic People's Republic of);ILO - Modelled Estimates;Output per worker (GDP constant 2021 international $ at PPP) -- ILO modelled estimates, Nov. 2024;2021;2872.99
Korea (the Democratic People's Republic of);ILO - Modelled Estimates;Output per worker (GDP constant 2021 international $ at PPP) -- ILO modelled estimates, Nov. 2024;2020;2886.17
Korea (the Democratic People's Republic of);ILO - Modelled Estimates;Output per worker (GDP constant 2021 international $ at PPP) -- ILO modelled estimates, Nov. 2024;2019;2984.86
Korea (the Democratic People's Republic of);ILO - Modelled Estimates;Output per worker (GDP constant 2021 international $ at PPP) -- ILO modelled estimates, Nov. 2024;2018;2989.73
Korea (the Democratic People's Republic of);ILO - Modelled Estimates;Output per worker (GDP constant 2021 international $ at PPP) -- ILO modelled estimates, Nov. 2024;2017;3145.3
Korea (the Democratic People's Republic of);ILO - Modelled Estimates;Output per worker (GDP constant 2021 international $ at PPP) -- ILO modelled estimates, Nov. 2024;2016;3288.11
Korea (the Democratic People's Republic of);ILO - Modelled Estimates;Output per worker (GDP constant 2021 international $ at PPP) -- ILO modelled estimates, Nov. 2024;2015;3186.72
Portugal;ILO - Modelled Estimates;Output per worker (GDP constant 2021 international $ at PPP) -- ILO modelled estimates, Nov. 2024;2023;87950.32
Portugal;ILO - Modelled Estimates;Output per worker (GDP constant 2021 international $ at PPP) -- ILO modelled estimates, Nov. 2024;2022;86721.74
Portugal;ILO - Modelled Estimates;Output per worker (GDP constant 2021 international $ at PPP) -- ILO modelled estimates, Nov. 2024;2021;83150.86
Portugal;ILO - Modelled Estimates;Output per worker (GDP constant 2021 international $ at PPP) -- ILO modelled estimates, Nov. 2024;2020;78803.18
Portugal;ILO - Modelled Estimates;Output per worker (GDP constant 2021 international $ at PPP) -- ILO modelled estimates, Nov. 2024;2019;83954.54
Portugal;ILO - Modelled Estimates;Output per worker (GDP constant 2021 international $ at PPP) -- ILO modelled estimates, Nov. 2024;2018;82631.99
Portugal;ILO - Modelled Estimates;Output per worker (GDP constant 2021 international $ at PPP) -- ILO modelled estimates, Nov. 2024;2017;82303.66
Portugal;ILO - Modelled Estimates;Output per worker (GDP constant 2021 international $ at PPP) -- ILO modelled estimates, Nov. 2024;2016;82166.46
Portugal;ILO - Modelled Estimates;Output per worker (GDP constant 2021 international $ at PPP) -- ILO modelled estimates, Nov. 2024;2015;81594.29
Paraguay;ILO - Modelled Estimates;Output per worker (GDP constant 2021 international $ at PPP) -- ILO modelled estimates, Nov. 2024;2023;33249.5
Paraguay;ILO - Modelled Estimates;Output per worker (GDP constant 2021 international $ at PPP) -- ILO modelled estimates, Nov. 2024;2022;32622.31
Paraguay;ILO - Modelled Estimates;Output per worker (GDP constant 2021 international $ at PPP) -- ILO modelled estimates, Nov. 2024;2021;32561.07
Paraguay;ILO - Modelled Estimates;Output per worker (GDP constant 2021 international $ at PPP) -- ILO modelled estimates, Nov. 2024;2020;32634.26
Paraguay;ILO - Modelled Estimates;Output per worker (GDP constant 2021 international $ at PPP) -- ILO modelled estimates, Nov. 2024;2019;32048.33
Paraguay;ILO - Modelled Estimates;Output per worker (GDP constant 2021 international $ at PPP) -- ILO modelled estimates, Nov. 2024;2018;32801.53
Paraguay;ILO - Modelled Estimates;Output per worker (GDP constant 2021 international $ at PPP) -- ILO modelled estimates, Nov. 2024;2017;32661.15
Paraguay;ILO - Modelled Estimates;Output per worker (GDP constant 2021 international $ at PPP) -- ILO modelled estimates, Nov. 2024;2016;31894.62
Paraguay;ILO - Modelled Estimates;Output per worker (GDP constant 2021 international $ at PPP) -- ILO modelled estimates, Nov. 2024;2015;31861.14
Occupied Palestinian Territory;ILO - Modelled Estimates;Output per worker (GDP constant 2021 international $ at PPP) -- ILO modelled estimates, Nov. 2024;2022;26297.36
Occupied Palestinian Territory;ILO - Modelled Estimates;Output per worker (GDP constant 2021 international $ at PPP) -- ILO modelled estimates, Nov. 2024;2021;27621.69
Occupied Palestinian Territory;ILO - Modelled Estimates;Output per worker (GDP constant 2021 international $ at PPP) -- ILO modelled estimates, Nov. 2024;2020;27909.78
Occupied Palestinian Territory;ILO - Modelled Estimates;Output per worker (GDP constant 2021 international $ at PPP) -- ILO modelled estimates, Nov. 2024;2019;29642.16
Occupied Palestinian Territory;ILO - Modelled Estimates;Output per worker (GDP constant 2021 international $ at PPP) -- ILO modelled estimates, Nov. 2024;2018;30896.55
Occupied Palestinian Territory;ILO - Modelled Estimates;Output per worker (GDP constant 2021 international $ at PPP) -- ILO modelled estimates, Nov. 2024;2017;30622.91
Occupied Palestinian Territory;ILO - Modelled Estimates;Output per worker (GDP constant 2021 international $ at PPP) -- ILO modelled estimates, Nov. 2024;2016;30441.67
Occupied Palestinian Territory;ILO - Modelled Estimates;Output per worker (GDP constant 2021 international $ at PPP) -- ILO modelled estimates, Nov. 2024;2015;28289.05
French Polynesia;ILO - Modelled Estimates;Output per worker (GDP constant 2021 international $ at PPP) -- ILO modelled estimates, Nov. 2024;2023;98437.18
French Polynesia;ILO - Modelled Estimates;Output per worker (GDP constant 2021 international $ at PPP) -- ILO modelled estimates, Nov. 2024;2022;97088.8
French Polynesia;ILO - Modelled Estimates;Output per worker (GDP constant 2021 international $ at PPP) -- ILO modelled estimates, Nov. 2024;2021;95430.22
French Polynesia;ILO - Modelled Estimates;Output per worker (GDP constant 2021 international $ at PPP) -- ILO modelled estimates, Nov. 2024;2020;94300.32
French Polynesia;ILO - Modelled Estimates;Output per worker (GDP constant 2021 international $ at PPP) -- ILO modelled estimates, Nov. 2024;2019;98890.03
French Polynesia;ILO - Modelled Estimates;Output per worker (GDP constant 2021 international $ at PPP) -- ILO modelled estimates, Nov. 2024;2018;96371.82
French Polynesia;ILO - Modelled Estimates;Output per worker (GDP constant 2021 international $ at PPP) -- ILO modelled estimates, Nov. 2024;2017;94872.56
French Polynesia;ILO - Modelled Estimates;Output per worker (GDP constant 2021 international $ at PPP) -- ILO modelled estimates, Nov. 2024;2016;91540.14
French Polynesia;ILO - Modelled Estimates;Output per worker (GDP constant 2021 international $ at PPP) -- ILO modelled estimates, Nov. 2024;2015;90168.19
Qatar;ILO - Modelled Estimates;Output per worker (GDP constant 2021 international $ at PPP) -- ILO modelled estimates, Nov. 2024;2023;139609.39
Qatar;ILO - Modelled Estimates;Output per worker (GDP constant 2021 international $ at PPP) -- ILO modelled estimates, Nov. 2024;2022;142209.73
Qatar;ILO - Modelled Estimates;Output per worker (GDP constant 2021 international $ at PPP) -- ILO modelled estimates, Nov. 2024;2021;142732.57
Qatar;ILO - Modelled Estimates;Output per worker (GDP constant 2021 international $ at PPP) -- ILO modelled estimates, Nov. 2024;2020;139587.89
Qatar;ILO - Modelled Estimates;Output per worker (GDP constant 2021 international $ at PPP) -- ILO modelled estimates, Nov. 2024;2019;142995.4
Qatar;ILO - Modelled Estimates;Output per worker (GDP constant 2021 international $ at PPP) -- ILO modelled estimates, Nov. 2024;2018;142804.22
Qatar;ILO - Modelled Estimates;Output per worker (GDP constant 2021 international $ at PPP) -- ILO modelled estimates, Nov. 2024;2017;143587.61
Qatar;ILO - Modelled Estimates;Output per worker (GDP constant 2021 international $ at PPP) -- ILO modelled estimates, Nov. 2024;2016;151783.18
Qatar;ILO - Modelled Estimates;Output per worker (GDP constant 2021 international $ at PPP) -- ILO modelled estimates, Nov. 2024;2015;158557.1
Romania;ILO - Modelled Estimates;Output per worker (GDP constant 2021 international $ at PPP) -- ILO modelled estimates, Nov. 2024;2023;98463.5
Romania;ILO - Modelled Estimates;Output per worker (GDP constant 2021 international $ at PPP) -- ILO modelled estimates, Nov. 2024;2022;94576.76
Romania;ILO - Modelled Estimates;Output per worker (GDP constant 2021 international $ at PPP) -- ILO modelled estimates, Nov. 2024;2021;90752.74
Romania;ILO - Modelled Estimates;Output per worker (GDP constant 2021 international $ at PPP) -- ILO modelled estimates, Nov. 2024;2020;85438.31
Romania;ILO - Modelled Estimates;Output per worker (GDP constant 2021 international $ at PPP) -- ILO modelled estimates, Nov. 2024;2019;87040.94
Romania;ILO - Modelled Estimates;Output per worker (GDP constant 2021 international $ at PPP) -- ILO modelled estimates, Nov. 2024;2018;83818.63
Romania;ILO - Modelled Estimates;Output per worker (GDP constant 2021 international $ at PPP) -- ILO modelled estimates, Nov. 2024;2017;79163.6
Romania;ILO - Modelled Estimates;Output per worker (GDP constant 2021 international $ at PPP) -- ILO modelled estimates, Nov. 2024;2016;74774.49
Romania;ILO - Modelled Estimates;Output per worker (GDP constant 2021 international $ at PPP) -- ILO modelled estimates, Nov. 2024;2015;72543.66
Russian Federation;ILO - Modelled Estimates;Output per worker (GDP constant 2021 international $ at PPP) -- ILO modelled estimates, Nov. 2024;2023;81800.01
Russian Federation;ILO - Modelled Estimates;Output per worker (GDP constant 2021 international $ at PPP) -- ILO modelled estimates, Nov. 2024;2022;79344
Russian Federation;ILO - Modelled Estimates;Output per worker (GDP constant 2021 international $ at PPP) -- ILO modelled estimates, Nov. 2024;2021;80888.68
Russian Federation;ILO - Modelled Estimates;Output per worker (GDP constant 2021 international $ at PPP) -- ILO modelled estimates, Nov. 2024;2020;77694.63
Russian Federation;ILO - Modelled Estimates;Output per worker (GDP constant 2021 international $ at PPP) -- ILO modelled estimates, Nov. 2024;2019;78378.91
Russian Federation;ILO - Modelled Estimates;Output per worker (GDP constant 2021 international $ at PPP) -- ILO modelled estimates, Nov. 2024;2018;76057.93
Russian Federation;ILO - Modelled Estimates;Output per worker (GDP constant 2021 international $ at PPP) -- ILO modelled estimates, Nov. 2024;2017;74229.6
Russian Federation;ILO - Modelled Estimates;Output per worker (GDP constant 2021 international $ at PPP) -- ILO modelled estimates, Nov. 2024;2016;72698.29
Russian Federation;ILO - Modelled Estimates;Output per worker (GDP constant 2021 international $ at PPP) -- ILO modelled estimates, Nov. 2024;2015;72692.16
Rwanda;ILO - Modelled Estimates;Output per worker (GDP constant 2021 international $ at PPP) -- ILO modelled estimates, Nov. 2024;2023;8806.76
Rwanda;ILO - Modelled Estimates;Output per worker (GDP constant 2021 international $ at PPP) -- ILO modelled estimates, Nov. 2024;2022;9146.17
Rwanda;ILO - Modelled Estimates;Output per worker (GDP constant 2021 international $ at PPP) -- ILO modelled estimates, Nov. 2024;2021;9080.53
Rwanda;ILO - Modelled Estimates;Output per worker (GDP constant 2021 international $ at PPP) -- ILO modelled estimates, Nov. 2024;2020;7491.25
Rwanda;ILO - Modelled Estimates;Output per worker (GDP constant 2021 international $ at PPP) -- ILO modelled estimates, Nov. 2024;2019;8513.62
Rwanda;ILO - Modelled Estimates;Output per worker (GDP constant 2021 international $ at PPP) -- ILO modelled estimates, Nov. 2024;2018;7721.9
Rwanda;ILO - Modelled Estimates;Output per worker (GDP constant 2021 international $ at PPP) -- ILO modelled estimates, Nov. 2024;2017;7413.08
Rwanda;ILO - Modelled Estimates;Output per worker (GDP constant 2021 international $ at PPP) -- ILO modelled estimates, Nov. 2024;2016;7323.73
Rwanda;ILO - Modelled Estimates;Output per worker (GDP constant 2021 international $ at PPP) -- ILO modelled estimates, Nov. 2024;2015;7103.25
Saudi Arabia;ILO - Modelled Estimates;Output per worker (GDP constant 2021 international $ at PPP) -- ILO modelled estimates, Nov. 2024;2023;118346.33
Saudi Arabia;ILO - Modelled Estimates;Output per worker (GDP constant 2021 international $ at PPP) -- ILO modelled estimates, Nov. 2024;2022;126351.29
Saudi Arabia;ILO - Modelled Estimates;Output per worker (GDP constant 2021 international $ at PPP) -- ILO modelled estimates, Nov. 2024;2021;123541.65
Saudi Arabia;ILO - Modelled Estimates;Output per worker (GDP constant 2021 international $ at PPP) -- ILO modelled estimates, Nov. 2024;2020;122771.76
Saudi Arabia;ILO - Modelled Estimates;Output per worker (GDP constant 2021 international $ at PPP) -- ILO modelled estimates, Nov. 2024;2019;129680.47
Saudi Arabia;ILO - Modelled Estimates;Output per worker (GDP constant 2021 international $ at PPP) -- ILO modelled estimates, Nov. 2024;2018;132991.26
Saudi Arabia;ILO - Modelled Estimates;Output per worker (GDP constant 2021 international $ at PPP) -- ILO modelled estimates, Nov. 2024;2017;127006.58
Saudi Arabia;ILO - Modelled Estimates;Output per worker (GDP constant 2021 international $ at PPP) -- ILO modelled estimates, Nov. 2024;2016;121817.69
Saudi Arabia;ILO - Modelled Estimates;Output per worker (GDP constant 2021 international $ at PPP) -- ILO modelled estimates, Nov. 2024;2015;124700.51
Sudan;ILO - Modelled Estimates;Output per worker (GDP constant 2021 international $ at PPP) -- ILO modelled estimates, Nov. 2024;2022;15038.9
Sudan;ILO - Modelled Estimates;Output per worker (GDP constant 2021 international $ at PPP) -- ILO modelled estimates, Nov. 2024;2021;16262.34
Sudan;ILO - Modelled Estimates;Output per worker (GDP constant 2021 international $ at PPP) -- ILO modelled estimates, Nov. 2024;2020;16857.57
Sudan;ILO - Modelled Estimates;Output per worker (GDP constant 2021 international $ at PPP) -- ILO modelled estimates, Nov. 2024;2019;17418.89
Sudan;ILO - Modelled Estimates;Output per worker (GDP constant 2021 international $ at PPP) -- ILO modelled estimates, Nov. 2024;2018;18145.55
Sudan;ILO - Modelled Estimates;Output per worker (GDP constant 2021 international $ at PPP) -- ILO modelled estimates, Nov. 2024;2017;19156.04
Sudan;ILO - Modelled Estimates;Output per worker (GDP constant 2021 international $ at PPP) -- ILO modelled estimates, Nov. 2024;2016;19529.5
Sudan;ILO - Modelled Estimates;Output per worker (GDP constant 2021 international $ at PPP) -- ILO modelled estimates, Nov. 2024;2015;19283.86
Senegal;ILO - Modelled Estimates;Output per worker (GDP constant 2021 international $ at PPP) -- ILO modelled estimates, Nov. 2024;2023;14418.07
Senegal;ILO - Modelled Estimates;Output per worker (GDP constant 2021 international $ at PPP) -- ILO modelled estimates, Nov. 2024;2022;14214.58
Senegal;ILO - Modelled Estimates;Output per worker (GDP constant 2021 international $ at PPP) -- ILO modelled estimates, Nov. 2024;2021;14143.93
Senegal;ILO - Modelled Estimates;Output per worker (GDP constant 2021 international $ at PPP) -- ILO modelled estimates, Nov. 2024;2020;13883.26
Senegal;ILO - Modelled Estimates;Output per worker (GDP constant 2021 international $ at PPP) -- ILO modelled estimates, Nov. 2024;2019;13972.67
Senegal;ILO - Modelled Estimates;Output per worker (GDP constant 2021 international $ at PPP) -- ILO modelled estimates, Nov. 2024;2018;14600.53
Senegal;ILO - Modelled Estimates;Output per worker (GDP constant 2021 international $ at PPP) -- ILO modelled estimates, Nov. 2024;2017;15063.6
Senegal;ILO - Modelled Estimates;Output per worker (GDP constant 2021 international $ at PPP) -- ILO modelled estimates, Nov. 2024;2016;13381.03
Senegal;ILO - Modelled Estimates;Output per worker (GDP constant 2021 international $ at PPP) -- ILO modelled estimates, Nov. 2024;2015;14701.72
Singapore;ILO - Modelled Estimates;Output per worker (GDP constant 2021 international $ at PPP) -- ILO modelled estimates, Nov. 2024;2023;220646.2
Singapore;ILO - Modelled Estimates;Output per worker (GDP constant 2021 international $ at PPP) -- ILO modelled estimates, Nov. 2024;2022;223410.48
Singapore;ILO - Modelled Estimates;Output per worker (GDP constant 2021 international $ at PPP) -- ILO modelled estimates, Nov. 2024;2021;219005.35
Singapore;ILO - Modelled Estimates;Output per worker (GDP constant 2021 international $ at PPP) -- ILO modelled estimates, Nov. 2024;2020;201566.68
Singapore;ILO - Modelled Estimates;Output per worker (GDP constant 2021 international $ at PPP) -- ILO modelled estimates, Nov. 2024;2019;204980.85
Singapore;ILO - Modelled Estimates;Output per worker (GDP constant 2021 international $ at PPP) -- ILO modelled estimates, Nov. 2024;2018;206087.58
Singapore;ILO - Modelled Estimates;Output per worker (GDP constant 2021 international $ at PPP) -- ILO modelled estimates, Nov. 2024;2017;200550.8
Singapore;ILO - Modelled Estimates;Output per worker (GDP constant 2021 international $ at PPP) -- ILO modelled estimates, Nov. 2024;2016;191922.84
Singapore;ILO - Modelled Estimates;Output per worker (GDP constant 2021 international $ at PPP) -- ILO modelled estimates, Nov. 2024;2015;186048.57
Solomon Islands;ILO - Modelled Estimates;Output per worker (GDP constant 2021 international $ at PPP) -- ILO modelled estimates, Nov. 2024;2023;4868.48
Solomon Islands;ILO - Modelled Estimates;Output per worker (GDP constant 2021 international $ at PPP) -- ILO modelled estimates, Nov. 2024;2022;4866.52
Solomon Islands;ILO - Modelled Estimates;Output per worker (GDP constant 2021 international $ at PPP) -- ILO modelled estimates, Nov. 2024;2021;4916.09
Solomon Islands;ILO - Modelled Estimates;Output per worker (GDP constant 2021 international $ at PPP) -- ILO modelled estimates, Nov. 2024;2020;4946.3
Solomon Islands;ILO - Modelled Estimates;Output per worker (GDP constant 2021 international $ at PPP) -- ILO modelled estimates, Nov. 2024;2019;5203.16
Solomon Islands;ILO - Modelled Estimates;Output per worker (GDP constant 2021 international $ at PPP) -- ILO modelled estimates, Nov. 2024;2018;5275.71
Solomon Islands;ILO - Modelled Estimates;Output per worker (GDP constant 2021 international $ at PPP) -- ILO modelled estimates, Nov. 2024;2017;5337.96
Solomon Islands;ILO - Modelled Estimates;Output per worker (GDP constant 2021 international $ at PPP) -- ILO modelled estimates, Nov. 2024;2016;5385.41
Solomon Islands;ILO - Modelled Estimates;Output per worker (GDP constant 2021 international $ at PPP) -- ILO modelled estimates, Nov. 2024;2015;5302.03
Sierra Leone;ILO - Modelled Estimates;Output per worker (GDP constant 2021 international $ at PPP) -- ILO modelled estimates, Nov. 2024;2023;5619.73
Sierra Leone;ILO - Modelled Estimates;Output per worker (GDP constant 2021 international $ at PPP) -- ILO modelled estimates, Nov. 2024;2022;5466.8
Sierra Leone;ILO - Modelled Estimates;Output per worker (GDP constant 2021 international $ at PPP) -- ILO modelled estimates, Nov. 2024;2021;5402.2
Sierra Leone;ILO - Modelled Estimates;Output per worker (GDP constant 2021 international $ at PPP) -- ILO modelled estimates, Nov. 2024;2020;5365.86
Sierra Leone;ILO - Modelled Estimates;Output per worker (GDP constant 2021 international $ at PPP) -- ILO modelled estimates, Nov. 2024;2019;5566.81
Sierra Leone;ILO - Modelled Estimates;Output per worker (GDP constant 2021 international $ at PPP) -- ILO modelled estimates, Nov. 2024;2018;5436.19
Sierra Leone;ILO - Modelled Estimates;Output per worker (GDP constant 2021 international $ at PPP) -- ILO modelled estimates, Nov. 2024;2017;5376.88
Sierra Leone;ILO - Modelled Estimates;Output per worker (GDP constant 2021 international $ at PPP) -- ILO modelled estimates, Nov. 2024;2016;5296.77
Sierra Leone;ILO - Modelled Estimates;Output per worker (GDP constant 2021 international $ at PPP) -- ILO modelled estimates, Nov. 2024;2015;5081.49
El Salvador;ILO - Modelled Estimates;Output per worker (GDP constant 2021 international $ at PPP) -- ILO modelled estimates, Nov. 2024;2023;25989.39
El Salvador;ILO - Modelled Estimates;Output per worker (GDP constant 2021 international $ at PPP) -- ILO modelled estimates, Nov. 2024;2022;25533.62
El Salvador;ILO - Modelled Estimates;Output per worker (GDP constant 2021 international $ at PPP) -- ILO modelled estimates, Nov. 2024;2021;25801.45
El Salvador;ILO - Modelled Estimates;Output per worker (GDP constant 2021 international $ at PPP) -- ILO modelled estimates, Nov. 2024;2020;24405.97
El Salvador;ILO - Modelled Estimates;Output per worker (GDP constant 2021 international $ at PPP) -- ILO modelled estimates, Nov. 2024;2019;25056.2
El Salvador;ILO - Modelled Estimates;Output per worker (GDP constant 2021 international $ at PPP) -- ILO modelled estimates, Nov. 2024;2018;25035.81
El Salvador;ILO - Modelled Estimates;Output per worker (GDP constant 2021 international $ at PPP) -- ILO modelled estimates, Nov. 2024;2017;24599.49
El Salvador;ILO - Modelled Estimates;Output per worker (GDP constant 2021 international $ at PPP) -- ILO modelled estimates, Nov. 2024;2016;24185.5
El Salvador;ILO - Modelled Estimates;Output per worker (GDP constant 2021 international $ at PPP) -- ILO modelled estimates, Nov. 2024;2015;23971.18
Somalia;ILO - Modelled Estimates;Output per worker (GDP constant 2021 international $ at PPP) -- ILO modelled estimates, Nov. 2024;2023;9929.72
Somalia;ILO - Modelled Estimates;Output per worker (GDP constant 2021 international $ at PPP) -- ILO modelled estimates, Nov. 2024;2022;9863.96
Somalia;ILO - Modelled Estimates;Output per worker (GDP constant 2021 international $ at PPP) -- ILO modelled estimates, Nov. 2024;2021;10049.04
Somalia;ILO - Modelled Estimates;Output per worker (GDP constant 2021 international $ at PPP) -- ILO modelled estimates, Nov. 2024;2020;10080.38
Somalia;ILO - Modelled Estimates;Output per worker (GDP constant 2021 international $ at PPP) -- ILO modelled estimates, Nov. 2024;2019;10588.1
Somalia;ILO - Modelled Estimates;Output per worker (GDP constant 2021 international $ at PPP) -- ILO modelled estimates, Nov. 2024;2018;10599.97
Somalia;ILO - Modelled Estimates;Output per worker (GDP constant 2021 international $ at PPP) -- ILO modelled estimates, Nov. 2024;2017;10648.92
Somalia;ILO - Modelled Estimates;Output per worker (GDP constant 2021 international $ at PPP) -- ILO modelled estimates, Nov. 2024;2016;10128.02
Somalia;ILO - Modelled Estimates;Output per worker (GDP constant 2021 international $ at PPP) -- ILO modelled estimates, Nov. 2024;2015;9900.58
Serbia;ILO - Modelled Estimates;Output per worker (GDP constant 2021 international $ at PPP) -- ILO modelled estimates, Nov. 2024;2023;53263.82
Serbia;ILO - Modelled Estimates;Output per worker (GDP constant 2021 international $ at PPP) -- ILO modelled estimates, Nov. 2024;2022;51544.2
Serbia;ILO - Modelled Estimates;Output per worker (GDP constant 2021 international $ at PPP) -- ILO modelled estimates, Nov. 2024;2021;51492.63
Serbia;ILO - Modelled Estimates;Output per worker (GDP constant 2021 international $ at PPP) -- ILO modelled estimates, Nov. 2024;2020;49791.71
Serbia;ILO - Modelled Estimates;Output per worker (GDP constant 2021 international $ at PPP) -- ILO modelled estimates, Nov. 2024;2019;49943.92
Serbia;ILO - Modelled Estimates;Output per worker (GDP constant 2021 international $ at PPP) -- ILO modelled estimates, Nov. 2024;2018;48875.21
Serbia;ILO - Modelled Estimates;Output per worker (GDP constant 2021 international $ at PPP) -- ILO modelled estimates, Nov. 2024;2017;47190.45
Serbia;ILO - Modelled Estimates;Output per worker (GDP constant 2021 international $ at PPP) -- ILO modelled estimates, Nov. 2024;2016;47377.75
Serbia;ILO - Modelled Estimates;Output per worker (GDP constant 2021 international $ at PPP) -- ILO modelled estimates, Nov. 2024;2015;48453.45
South Sudan;ILO - Modelled Estimates;Output per worker (GDP constant 2021 international $ at PPP) -- ILO modelled estimates, Nov. 2024;2023;6639.57
South Sudan;ILO - Modelled Estimates;Output per worker (GDP constant 2021 international $ at PPP) -- ILO modelled estimates, Nov. 2024;2022;6864.19
South Sudan;ILO - Modelled Estimates;Output per worker (GDP constant 2021 international $ at PPP) -- ILO modelled estimates, Nov. 2024;2021;7595.55
South Sudan;ILO - Modelled Estimates;Output per worker (GDP constant 2021 international $ at PPP) -- ILO modelled estimates, Nov. 2024;2020;7477.34
South Sudan;ILO - Modelled Estimates;Output per worker (GDP constant 2021 international $ at PPP) -- ILO modelled estimates, Nov. 2024;2019;8140.24
South Sudan;ILO - Modelled Estimates;Output per worker (GDP constant 2021 international $ at PPP) -- ILO modelled estimates, Nov. 2024;2018;8494
South Sudan;ILO - Modelled Estimates;Output per worker (GDP constant 2021 international $ at PPP) -- ILO modelled estimates, Nov. 2024;2017;8597.95
South Sudan;ILO - Modelled Estimates;Output per worker (GDP constant 2021 international $ at PPP) -- ILO modelled estimates, Nov. 2024;2016;8472.32
South Sudan;ILO - Modelled Estimates;Output per worker (GDP constant 2021 international $ at PPP) -- ILO modelled estimates, Nov. 2024;2015;9390.28
Sao Tome and Principe;ILO - Modelled Estimates;Output per worker (GDP constant 2021 international $ at PPP) -- ILO modelled estimates, Nov. 2024;2023;41879.71
Sao Tome and Principe;ILO - Modelled Estimates;Output per worker (GDP constant 2021 international $ at PPP) -- ILO modelled estimates, Nov. 2024;2022;42806.89
Sao Tome and Principe;ILO - Modelled Estimates;Output per worker (GDP constant 2021 international $ at PPP) -- ILO modelled estimates, Nov. 2024;2021;45050.25
Sao Tome and Principe;ILO - Modelled Estimates;Output per worker (GDP constant 2021 international $ at PPP) -- ILO modelled estimates, Nov. 2024;2020;45847.55
Sao Tome and Principe;ILO - Modelled Estimates;Output per worker (GDP constant 2021 international $ at PPP) -- ILO modelled estimates, Nov. 2024;2019;44438.45
Sao Tome and Principe;ILO - Modelled Estimates;Output per worker (GDP constant 2021 international $ at PPP) -- ILO modelled estimates, Nov. 2024;2018;44286.74
Sao Tome and Principe;ILO - Modelled Estimates;Output per worker (GDP constant 2021 international $ at PPP) -- ILO modelled estimates, Nov. 2024;2017;43234.6
Sao Tome and Principe;ILO - Modelled Estimates;Output per worker (GDP constant 2021 international $ at PPP) -- ILO modelled estimates, Nov. 2024;2016;42689.47
Sao Tome and Principe;ILO - Modelled Estimates;Output per worker (GDP constant 2021 international $ at PPP) -- ILO modelled estimates, Nov. 2024;2015;41753.14
Suriname;ILO - Modelled Estimates;Output per worker (GDP constant 2021 international $ at PPP) -- ILO modelled estimates, Nov. 2024;2023;50761.75
Suriname;ILO - Modelled Estimates;Output per worker (GDP constant 2021 international $ at PPP) -- ILO modelled estimates, Nov. 2024;2022;50706.63
Suriname;ILO - Modelled Estimates;Output per worker (GDP constant 2021 international $ at PPP) -- ILO modelled estimates, Nov. 2024;2021;50368.81
Suriname;ILO - Modelled Estimates;Output per worker (GDP constant 2021 international $ at PPP) -- ILO modelled estimates, Nov. 2024;2020;52949.52
Suriname;ILO - Modelled Estimates;Output per worker (GDP constant 2021 international $ at PPP) -- ILO modelled estimates, Nov. 2024;2019;60043.75
Suriname;ILO - Modelled Estimates;Output per worker (GDP constant 2021 international $ at PPP) -- ILO modelled estimates, Nov. 2024;2018;60350.02
Suriname;ILO - Modelled Estimates;Output per worker (GDP constant 2021 international $ at PPP) -- ILO modelled estimates, Nov. 2024;2017;58675.91
Suriname;ILO - Modelled Estimates;Output per worker (GDP constant 2021 international $ at PPP) -- ILO modelled estimates, Nov. 2024;2016;58726.3
Suriname;ILO - Modelled Estimates;Output per worker (GDP constant 2021 international $ at PPP) -- ILO modelled estimates, Nov. 2024;2015;62913.47
Slovakia;ILO - Modelled Estimates;Output per worker (GDP constant 2021 international $ at PPP) -- ILO modelled estimates, Nov. 2024;2023;79685.55
Slovakia;ILO - Modelled Estimates;Output per worker (GDP constant 2021 international $ at PPP) -- ILO modelled estimates, Nov. 2024;2022;79435.33
Slovakia;ILO - Modelled Estimates;Output per worker (GDP constant 2021 international $ at PPP) -- ILO modelled estimates, Nov. 2024;2021;80259.99
Slovakia;ILO - Modelled Estimates;Output per worker (GDP constant 2021 international $ at PPP) -- ILO modelled estimates, Nov. 2024;2020;77901.41
Slovakia;ILO - Modelled Estimates;Output per worker (GDP constant 2021 international $ at PPP) -- ILO modelled estimates, Nov. 2024;2019;78901.4
Slovakia;ILO - Modelled Estimates;Output per worker (GDP constant 2021 international $ at PPP) -- ILO modelled estimates, Nov. 2024;2018;77397.29
Slovakia;ILO - Modelled Estimates;Output per worker (GDP constant 2021 international $ at PPP) -- ILO modelled estimates, Nov. 2024;2017;75460.08
Slovakia;ILO - Modelled Estimates;Output per worker (GDP constant 2021 international $ at PPP) -- ILO modelled estimates, Nov. 2024;2016;74404.94
Slovakia;ILO - Modelled Estimates;Output per worker (GDP constant 2021 international $ at PPP) -- ILO modelled estimates, Nov. 2024;2015;74991.9
Slovenia;ILO - Modelled Estimates;Output per worker (GDP constant 2021 international $ at PPP) -- ILO modelled estimates, Nov. 2024;2023;100904.9
Slovenia;ILO - Modelled Estimates;Output per worker (GDP constant 2021 international $ at PPP) -- ILO modelled estimates, Nov. 2024;2022;98896.61
Slovenia;ILO - Modelled Estimates;Output per worker (GDP constant 2021 international $ at PPP) -- ILO modelled estimates, Nov. 2024;2021;98313.79
Slovenia;ILO - Modelled Estimates;Output per worker (GDP constant 2021 international $ at PPP) -- ILO modelled estimates, Nov. 2024;2020;92409.75
Slovenia;ILO - Modelled Estimates;Output per worker (GDP constant 2021 international $ at PPP) -- ILO modelled estimates, Nov. 2024;2019;95863.91
Slovenia;ILO - Modelled Estimates;Output per worker (GDP constant 2021 international $ at PPP) -- ILO modelled estimates, Nov. 2024;2018;92956.56
Slovenia;ILO - Modelled Estimates;Output per worker (GDP constant 2021 international $ at PPP) -- ILO modelled estimates, Nov. 2024;2017;91221.6
Slovenia;ILO - Modelled Estimates;Output per worker (GDP constant 2021 international $ at PPP) -- ILO modelled estimates, Nov. 2024;2016;90988.39
Slovenia;ILO - Modelled Estimates;Output per worker (GDP constant 2021 international $ at PPP) -- ILO modelled estimates, Nov. 2024;2015;87912.8
Sweden;ILO - Modelled Estimates;Output per worker (GDP constant 2021 international $ at PPP) -- ILO modelled estimates, Nov. 2024;2023;127459.73
Sweden;ILO - Modelled Estimates;Output per worker (GDP constant 2021 international $ at PPP) -- ILO modelled estimates, Nov. 2024;2022;129074.6
Sweden;ILO - Modelled Estimates;Output per worker (GDP constant 2021 international $ at PPP) -- ILO modelled estimates, Nov. 2024;2021;130937.02
Sweden;ILO - Modelled Estimates;Output per worker (GDP constant 2021 international $ at PPP) -- ILO modelled estimates, Nov. 2024;2020;124015.55
Sweden;ILO - Modelled Estimates;Output per worker (GDP constant 2021 international $ at PPP) -- ILO modelled estimates, Nov. 2024;2019;124939.7
Sweden;ILO - Modelled Estimates;Output per worker (GDP constant 2021 international $ at PPP) -- ILO modelled estimates, Nov. 2024;2018;123273.27
Sweden;ILO - Modelled Estimates;Output per worker (GDP constant 2021 international $ at PPP) -- ILO modelled estimates, Nov. 2024;2017;122876.71
Sweden;ILO - Modelled Estimates;Output per worker (GDP constant 2021 international $ at PPP) -- ILO modelled estimates, Nov. 2024;2016;122161.76
Sweden;ILO - Modelled Estimates;Output per worker (GDP constant 2021 international $ at PPP) -- ILO modelled estimates, Nov. 2024;2015;121805.43
Eswatini;ILO - Modelled Estimates;Output per worker (GDP constant 2021 international $ at PPP) -- ILO modelled estimates, Nov. 2024;2023;51063.58
Eswatini;ILO - Modelled Estimates;Output per worker (GDP constant 2021 international $ at PPP) -- ILO modelled estimates, Nov. 2024;2022;49220.34
Eswatini;ILO - Modelled Estimates;Output per worker (GDP constant 2021 international $ at PPP) -- ILO modelled estimates, Nov. 2024;2021;48178.37
Eswatini;ILO - Modelled Estimates;Output per worker (GDP constant 2021 international $ at PPP) -- ILO modelled estimates, Nov. 2024;2020;43627.94
Eswatini;ILO - Modelled Estimates;Output per worker (GDP constant 2021 international $ at PPP) -- ILO modelled estimates, Nov. 2024;2019;41262.83
Eswatini;ILO - Modelled Estimates;Output per worker (GDP constant 2021 international $ at PPP) -- ILO modelled estimates, Nov. 2024;2018;39328.75
Eswatini;ILO - Modelled Estimates;Output per worker (GDP constant 2021 international $ at PPP) -- ILO modelled estimates, Nov. 2024;2017;37580.34
Eswatini;ILO - Modelled Estimates;Output per worker (GDP constant 2021 international $ at PPP) -- ILO modelled estimates, Nov. 2024;2016;36010.64
Eswatini;ILO - Modelled Estimates;Output per worker (GDP constant 2021 international $ at PPP) -- ILO modelled estimates, Nov. 2024;2015;36231.23
Syrian Arab Republic;ILO - Modelled Estimates;Output per worker (GDP constant 2021 international $ at PPP) -- ILO modelled estimates, Nov. 2024;2023;12623.79
Syrian Arab Republic;ILO - Modelled Estimates;Output per worker (GDP constant 2021 international $ at PPP) -- ILO modelled estimates, Nov. 2024;2022;13014.74
Syrian Arab Republic;ILO - Modelled Estimates;Output per worker (GDP constant 2021 international $ at PPP) -- ILO modelled estimates, Nov. 2024;2021;13431.84
Syrian Arab Republic;ILO - Modelled Estimates;Output per worker (GDP constant 2021 international $ at PPP) -- ILO modelled estimates, Nov. 2024;2020;13955.04
Syrian Arab Republic;ILO - Modelled Estimates;Output per worker (GDP constant 2021 international $ at PPP) -- ILO modelled estimates, Nov. 2024;2019;14351.18
Syrian Arab Republic;ILO - Modelled Estimates;Output per worker (GDP constant 2021 international $ at PPP) -- ILO modelled estimates, Nov. 2024;2018;15288.28
Syrian Arab Republic;ILO - Modelled Estimates;Output per worker (GDP constant 2021 international $ at PPP) -- ILO modelled estimates, Nov. 2024;2017;15790.85
Syrian Arab Republic;ILO - Modelled Estimates;Output per worker (GDP constant 2021 international $ at PPP) -- ILO modelled estimates, Nov. 2024;2016;16249.67
Syrian Arab Republic;ILO - Modelled Estimates;Output per worker (GDP constant 2021 international $ at PPP) -- ILO modelled estimates, Nov. 2024;2015;17371.42
Chad;ILO - Modelled Estimates;Output per worker (GDP constant 2021 international $ at PPP) -- ILO modelled estimates, Nov. 2024;2023;5352.26
Chad;ILO - Modelled Estimates;Output per worker (GDP constant 2021 international $ at PPP) -- ILO modelled estimates, Nov. 2024;2022;5398.68
Chad;ILO - Modelled Estimates;Output per worker (GDP constant 2021 international $ at PPP) -- ILO modelled estimates, Nov. 2024;2021;5556.51
Chad;ILO - Modelled Estimates;Output per worker (GDP constant 2021 international $ at PPP) -- ILO modelled estimates, Nov. 2024;2020;5864.14
Chad;ILO - Modelled Estimates;Output per worker (GDP constant 2021 international $ at PPP) -- ILO modelled estimates, Nov. 2024;2019;6073.51
Chad;ILO - Modelled Estimates;Output per worker (GDP constant 2021 international $ at PPP) -- ILO modelled estimates, Nov. 2024;2018;6089.13
Chad;ILO - Modelled Estimates;Output per worker (GDP constant 2021 international $ at PPP) -- ILO modelled estimates, Nov. 2024;2017;6113.7
Chad;ILO - Modelled Estimates;Output per worker (GDP constant 2021 international $ at PPP) -- ILO modelled estimates, Nov. 2024;2016;6467.19
Chad;ILO - Modelled Estimates;Output per worker (GDP constant 2021 international $ at PPP) -- ILO modelled estimates, Nov. 2024;2015;7054.56
Togo;ILO - Modelled Estimates;Output per worker (GDP constant 2021 international $ at PPP) -- ILO modelled estimates, Nov. 2024;2023;8015.25
Togo;ILO - Modelled Estimates;Output per worker (GDP constant 2021 international $ at PPP) -- ILO modelled estimates, Nov. 2024;2022;7822.39
Togo;ILO - Modelled Estimates;Output per worker (GDP constant 2021 international $ at PPP) -- ILO modelled estimates, Nov. 2024;2021;7686.84
Togo;ILO - Modelled Estimates;Output per worker (GDP constant 2021 international $ at PPP) -- ILO modelled estimates, Nov. 2024;2020;7485.07
Togo;ILO - Modelled Estimates;Output per worker (GDP constant 2021 international $ at PPP) -- ILO modelled estimates, Nov. 2024;2019;7455.91
Togo;ILO - Modelled Estimates;Output per worker (GDP constant 2021 international $ at PPP) -- ILO modelled estimates, Nov. 2024;2018;7359.21
Togo;ILO - Modelled Estimates;Output per worker (GDP constant 2021 international $ at PPP) -- ILO modelled estimates, Nov. 2024;2017;7272.87
Togo;ILO - Modelled Estimates;Output per worker (GDP constant 2021 international $ at PPP) -- ILO modelled estimates, Nov. 2024;2016;7121.79
Togo;ILO - Modelled Estimates;Output per worker (GDP constant 2021 international $ at PPP) -- ILO modelled estimates, Nov. 2024;2015;6960.75
Thailand;ILO - Modelled Estimates;Output per worker (GDP constant 2021 international $ at PPP) -- ILO modelled estimates, Nov. 2024;2023;37508.61
Thailand;ILO - Modelled Estimates;Output per worker (GDP constant 2021 international $ at PPP) -- ILO modelled estimates, Nov. 2024;2022;36872.76
Thailand;ILO - Modelled Estimates;Output per worker (GDP constant 2021 international $ at PPP) -- ILO modelled estimates, Nov. 2024;2021;36350.38
Thailand;ILO - Modelled Estimates;Output per worker (GDP constant 2021 international $ at PPP) -- ILO modelled estimates, Nov. 2024;2020;35913.35
Thailand;ILO - Modelled Estimates;Output per worker (GDP constant 2021 international $ at PPP) -- ILO modelled estimates, Nov. 2024;2019;38364.65
Thailand;ILO - Modelled Estimates;Output per worker (GDP constant 2021 international $ at PPP) -- ILO modelled estimates, Nov. 2024;2018;37363.38
Thailand;ILO - Modelled Estimates;Output per worker (GDP constant 2021 international $ at PPP) -- ILO modelled estimates, Nov. 2024;2017;36300.03
Thailand;ILO - Modelled Estimates;Output per worker (GDP constant 2021 international $ at PPP) -- ILO modelled estimates, Nov. 2024;2016;34705.16
Thailand;ILO - Modelled Estimates;Output per worker (GDP constant 2021 international $ at PPP) -- ILO modelled estimates, Nov. 2024;2015;33360.72
Tajikistan;ILO - Modelled Estimates;Output per worker (GDP constant 2021 international $ at PPP) -- ILO modelled estimates, Nov. 2024;2023;19302.58
Tajikistan;ILO - Modelled Estimates;Output per worker (GDP constant 2021 international $ at PPP) -- ILO modelled estimates, Nov. 2024;2022;18259.13
Tajikistan;ILO - Modelled Estimates;Output per worker (GDP constant 2021 international $ at PPP) -- ILO modelled estimates, Nov. 2024;2021;17427.32
Tajikistan;ILO - Modelled Estimates;Output per worker (GDP constant 2021 international $ at PPP) -- ILO modelled estimates, Nov. 2024;2020;16432.82
Tajikistan;ILO - Modelled Estimates;Output per worker (GDP constant 2021 international $ at PPP) -- ILO modelled estimates, Nov. 2024;2019;15756.37
Tajikistan;ILO - Modelled Estimates;Output per worker (GDP constant 2021 international $ at PPP) -- ILO modelled estimates, Nov. 2024;2018;14852.39
Tajikistan;ILO - Modelled Estimates;Output per worker (GDP constant 2021 international $ at PPP) -- ILO modelled estimates, Nov. 2024;2017;13988.77
Tajikistan;ILO - Modelled Estimates;Output per worker (GDP constant 2021 international $ at PPP) -- ILO modelled estimates, Nov. 2024;2016;13262.6
Tajikistan;ILO - Modelled Estimates;Output per worker (GDP constant 2021 international $ at PPP) -- ILO modelled estimates, Nov. 2024;2015;12724.77
Turkmenistan;ILO - Modelled Estimates;Output per worker (GDP constant 2021 international $ at PPP) -- ILO modelled estimates, Nov. 2024;2023;67912.92
Turkmenistan;ILO - Modelled Estimates;Output per worker (GDP constant 2021 international $ at PPP) -- ILO modelled estimates, Nov. 2024;2022;67677.7
Turkmenistan;ILO - Modelled Estimates;Output per worker (GDP constant 2021 international $ at PPP) -- ILO modelled estimates, Nov. 2024;2021;67122.76
Turkmenistan;ILO - Modelled Estimates;Output per worker (GDP constant 2021 international $ at PPP) -- ILO modelled estimates, Nov. 2024;2020;64548.67
Turkmenistan;ILO - Modelled Estimates;Output per worker (GDP constant 2021 international $ at PPP) -- ILO modelled estimates, Nov. 2024;2019;60024.21
Turkmenistan;ILO - Modelled Estimates;Output per worker (GDP constant 2021 international $ at PPP) -- ILO modelled estimates, Nov. 2024;2018;57298.88
Turkmenistan;ILO - Modelled Estimates;Output per worker (GDP constant 2021 international $ at PPP) -- ILO modelled estimates, Nov. 2024;2017;54798.86
Turkmenistan;ILO - Modelled Estimates;Output per worker (GDP constant 2021 international $ at PPP) -- ILO modelled estimates, Nov. 2024;2016;52303.02
Turkmenistan;ILO - Modelled Estimates;Output per worker (GDP constant 2021 international $ at PPP) -- ILO modelled estimates, Nov. 2024;2015;50123.85
Timor-Leste;ILO - Modelled Estimates;Output per worker (GDP constant 2021 international $ at PPP) -- ILO modelled estimates, Nov. 2024;2023;16503.24
Timor-Leste;ILO - Modelled Estimates;Output per worker (GDP constant 2021 international $ at PPP) -- ILO modelled estimates, Nov. 2024;2022;16363.8
Timor-Leste;ILO - Modelled Estimates;Output per worker (GDP constant 2021 international $ at PPP) -- ILO modelled estimates, Nov. 2024;2021;16498.09
Timor-Leste;ILO - Modelled Estimates;Output per worker (GDP constant 2021 international $ at PPP) -- ILO modelled estimates, Nov. 2024;2020;16093.3
Timor-Leste;ILO - Modelled Estimates;Output per worker (GDP constant 2021 international $ at PPP) -- ILO modelled estimates, Nov. 2024;2019;12479.12
Timor-Leste;ILO - Modelled Estimates;Output per worker (GDP constant 2021 international $ at PPP) -- ILO modelled estimates, Nov. 2024;2018;10351.3
Timor-Leste;ILO - Modelled Estimates;Output per worker (GDP constant 2021 international $ at PPP) -- ILO modelled estimates, Nov. 2024;2017;10808.11
Timor-Leste;ILO - Modelled Estimates;Output per worker (GDP constant 2021 international $ at PPP) -- ILO modelled estimates, Nov. 2024;2016;11585.97
Timor-Leste;ILO - Modelled Estimates;Output per worker (GDP constant 2021 international $ at PPP) -- ILO modelled estimates, Nov. 2024;2015;11416.83
Tonga;ILO - Modelled Estimates;Output per worker (GDP constant 2021 international $ at PPP) -- ILO modelled estimates, Nov. 2024;2023;21222.4
Tonga;ILO - Modelled Estimates;Output per worker (GDP constant 2021 international $ at PPP) -- ILO modelled estimates, Nov. 2024;2022;20533.35
Tonga;ILO - Modelled Estimates;Output per worker (GDP constant 2021 international $ at PPP) -- ILO modelled estimates, Nov. 2024;2021;20293.28
Tonga;ILO - Modelled Estimates;Output per worker (GDP constant 2021 international $ at PPP) -- ILO modelled estimates, Nov. 2024;2020;20938.4
Tonga;ILO - Modelled Estimates;Output per worker (GDP constant 2021 international $ at PPP) -- ILO modelled estimates, Nov. 2024;2019;20519.43
Tonga;ILO - Modelled Estimates;Output per worker (GDP constant 2021 international $ at PPP) -- ILO modelled estimates, Nov. 2024;2018;20416.44
Tonga;ILO - Modelled Estimates;Output per worker (GDP constant 2021 international $ at PPP) -- ILO modelled estimates, Nov. 2024;2017;20305.22
Tonga;ILO - Modelled Estimates;Output per worker (GDP constant 2021 international $ at PPP) -- ILO modelled estimates, Nov. 2024;2016;19523.81
Tonga;ILO - Modelled Estimates;Output per worker (GDP constant 2021 international $ at PPP) -- ILO modelled estimates, Nov. 2024;2015;18163.36
Trinidad and Tobago;ILO - Modelled Estimates;Output per worker (GDP constant 2021 international $ at PPP) -- ILO modelled estimates, Nov. 2024;2023;63040.02
Trinidad and Tobago;ILO - Modelled Estimates;Output per worker (GDP constant 2021 international $ at PPP) -- ILO modelled estimates, Nov. 2024;2022;62739.3
Trinidad and Tobago;ILO - Modelled Estimates;Output per worker (GDP constant 2021 international $ at PPP) -- ILO modelled estimates, Nov. 2024;2021;63170.46
Trinidad and Tobago;ILO - Modelled Estimates;Output per worker (GDP constant 2021 international $ at PPP) -- ILO modelled estimates, Nov. 2024;2020;63019.91
Trinidad and Tobago;ILO - Modelled Estimates;Output per worker (GDP constant 2021 international $ at PPP) -- ILO modelled estimates, Nov. 2024;2019;66400.87
Trinidad and Tobago;ILO - Modelled Estimates;Output per worker (GDP constant 2021 international $ at PPP) -- ILO modelled estimates, Nov. 2024;2018;66455.76
Trinidad and Tobago;ILO - Modelled Estimates;Output per worker (GDP constant 2021 international $ at PPP) -- ILO modelled estimates, Nov. 2024;2017;67733.33
Trinidad and Tobago;ILO - Modelled Estimates;Output per worker (GDP constant 2021 international $ at PPP) -- ILO modelled estimates, Nov. 2024;2016;70993.56
Trinidad and Tobago;ILO - Modelled Estimates;Output per worker (GDP constant 2021 international $ at PPP) -- ILO modelled estimates, Nov. 2024;2015;75479.11
Tunisia;ILO - Modelled Estimates;Output per worker (GDP constant 2021 international $ at PPP) -- ILO modelled estimates, Nov. 2024;2023;42743.34
Tunisia;ILO - Modelled Estimates;Output per worker (GDP constant 2021 international $ at PPP) -- ILO modelled estimates, Nov. 2024;2022;42703.66
Tunisia;ILO - Modelled Estimates;Output per worker (GDP constant 2021 international $ at PPP) -- ILO modelled estimates, Nov. 2024;2021;42491.09
Tunisia;ILO - Modelled Estimates;Output per worker (GDP constant 2021 international $ at PPP) -- ILO modelled estimates, Nov. 2024;2020;41077.27
Tunisia;ILO - Modelled Estimates;Output per worker (GDP constant 2021 international $ at PPP) -- ILO modelled estimates, Nov. 2024;2019;42603.67
Tunisia;ILO - Modelled Estimates;Output per worker (GDP constant 2021 international $ at PPP) -- ILO modelled estimates, Nov. 2024;2018;42376.53
Tunisia;ILO - Modelled Estimates;Output per worker (GDP constant 2021 international $ at PPP) -- ILO modelled estimates, Nov. 2024;2017;42571.53
Tunisia;ILO - Modelled Estimates;Output per worker (GDP constant 2021 international $ at PPP) -- ILO modelled estimates, Nov. 2024;2016;41912.57
Tunisia;ILO - Modelled Estimates;Output per worker (GDP constant 2021 international $ at PPP) -- ILO modelled estimates, Nov. 2024;2015;41822.26
Türkiye;ILO - Modelled Estimates;Output per worker (GDP constant 2021 international $ at PPP) -- ILO modelled estimates, Nov. 2024;2023;89620.41
Türkiye;ILO - Modelled Estimates;Output per worker (GDP constant 2021 international $ at PPP) -- ILO modelled estimates, Nov. 2024;2022;87310.05
Türkiye;ILO - Modelled Estimates;Output per worker (GDP constant 2021 international $ at PPP) -- ILO modelled estimates, Nov. 2024;2021;87654.28
Türkiye;ILO - Modelled Estimates;Output per worker (GDP constant 2021 international $ at PPP) -- ILO modelled estimates, Nov. 2024;2020;83855.23
Türkiye;ILO - Modelled Estimates;Output per worker (GDP constant 2021 international $ at PPP) -- ILO modelled estimates, Nov. 2024;2019;78076.2
Türkiye;ILO - Modelled Estimates;Output per worker (GDP constant 2021 international $ at PPP) -- ILO modelled estimates, Nov. 2024;2018;75651.41
Türkiye;ILO - Modelled Estimates;Output per worker (GDP constant 2021 international $ at PPP) -- ILO modelled estimates, Nov. 2024;2017;75317.5
Türkiye;ILO - Modelled Estimates;Output per worker (GDP constant 2021 international $ at PPP) -- ILO modelled estimates, Nov. 2024;2016;72635.32
Türkiye;ILO - Modelled Estimates;Output per worker (GDP constant 2021 international $ at PPP) -- ILO modelled estimates, Nov. 2024;2015;72526.91
Taiwan, China;ILO - Modelled Estimates;Output per worker (GDP constant 2021 international $ at PPP) -- ILO modelled estimates, Nov. 2024;2023;128324.4
Taiwan, China;ILO - Modelled Estimates;Output per worker (GDP constant 2021 international $ at PPP) -- ILO modelled estimates, Nov. 2024;2022;126480.21
Taiwan, China;ILO - Modelled Estimates;Output per worker (GDP constant 2021 international $ at PPP) -- ILO modelled estimates, Nov. 2024;2021;123534.8
Taiwan, China;ILO - Modelled Estimates;Output per worker (GDP constant 2021 international $ at PPP) -- ILO modelled estimates, Nov. 2024;2020;115416.66
Taiwan, China;ILO - Modelled Estimates;Output per worker (GDP constant 2021 international $ at PPP) -- ILO modelled estimates, Nov. 2024;2019;111606.58
Taiwan, China;ILO - Modelled Estimates;Output per worker (GDP constant 2021 international $ at PPP) -- ILO modelled estimates, Nov. 2024;2018;108881.96
Taiwan, China;ILO - Modelled Estimates;Output per worker (GDP constant 2021 international $ at PPP) -- ILO modelled estimates, Nov. 2024;2017;106739.95
Taiwan, China;ILO - Modelled Estimates;Output per worker (GDP constant 2021 international $ at PPP) -- ILO modelled estimates, Nov. 2024;2016;104190.23
Taiwan, China;ILO - Modelled Estimates;Output per worker (GDP constant 2021 international $ at PPP) -- ILO modelled estimates, Nov. 2024;2015;102600.65
Tanzania, United Republic of;ILO - Modelled Estimates;Output per worker (GDP constant 2021 international $ at PPP) -- ILO modelled estimates, Nov. 2024;2023;7517.44
Tanzania, United Republic of;ILO - Modelled Estimates;Output per worker (GDP constant 2021 international $ at PPP) -- ILO modelled estimates, Nov. 2024;2022;7394.89
Tanzania, United Republic of;ILO - Modelled Estimates;Output per worker (GDP constant 2021 international $ at PPP) -- ILO modelled estimates, Nov. 2024;2021;7328.75
Tanzania, United Republic of;ILO - Modelled Estimates;Output per worker (GDP constant 2021 international $ at PPP) -- ILO modelled estimates, Nov. 2024;2020;7558.78
Tanzania, United Republic of;ILO - Modelled Estimates;Output per worker (GDP constant 2021 international $ at PPP) -- ILO modelled estimates, Nov. 2024;2019;7335.25
Tanzania, United Republic of;ILO - Modelled Estimates;Output per worker (GDP constant 2021 international $ at PPP) -- ILO modelled estimates, Nov. 2024;2018;7154.79
Tanzania, United Republic of;ILO - Modelled Estimates;Output per worker (GDP constant 2021 international $ at PPP) -- ILO modelled estimates, Nov. 2024;2017;7016.61
Tanzania, United Republic of;ILO - Modelled Estimates;Output per worker (GDP constant 2021 international $ at PPP) -- ILO modelled estimates, Nov. 2024;2016;6818.5
Tanzania, United Republic of;ILO - Modelled Estimates;Output per worker (GDP constant 2021 international $ at PPP) -- ILO modelled estimates, Nov. 2024;2015;6629.16
Uganda;ILO - Modelled Estimates;Output per worker (GDP constant 2021 international $ at PPP) -- ILO modelled estimates, Nov. 2024;2023;6396.46
Uganda;ILO - Modelled Estimates;Output per worker (GDP constant 2021 international $ at PPP) -- ILO modelled estimates, Nov. 2024;2022;6314.5
Uganda;ILO - Modelled Estimates;Output per worker (GDP constant 2021 international $ at PPP) -- ILO modelled estimates, Nov. 2024;2021;6354.8
Uganda;ILO - Modelled Estimates;Output per worker (GDP constant 2021 international $ at PPP) -- ILO modelled estimates, Nov. 2024;2020;6463.73
Uganda;ILO - Modelled Estimates;Output per worker (GDP constant 2021 international $ at PPP) -- ILO modelled estimates, Nov. 2024;2019;6622.24
Uganda;ILO - Modelled Estimates;Output per worker (GDP constant 2021 international $ at PPP) -- ILO modelled estimates, Nov. 2024;2018;6806.31
Uganda;ILO - Modelled Estimates;Output per worker (GDP constant 2021 international $ at PPP) -- ILO modelled estimates, Nov. 2024;2017;7093.32
Uganda;ILO - Modelled Estimates;Output per worker (GDP constant 2021 international $ at PPP) -- ILO modelled estimates, Nov. 2024;2016;6910.16
Uganda;ILO - Modelled Estimates;Output per worker (GDP constant 2021 international $ at PPP) -- ILO modelled estimates, Nov. 2024;2015;6645.64
Ukraine;ILO - Modelled Estimates;Output per worker (GDP constant 2021 international $ at PPP) -- ILO modelled estimates, Nov. 2024;2021;40308.5
Ukraine;ILO - Modelled Estimates;Output per worker (GDP constant 2021 international $ at PPP) -- ILO modelled estimates, Nov. 2024;2020;38229.72
Ukraine;ILO - Modelled Estimates;Output per worker (GDP constant 2021 international $ at PPP) -- ILO modelled estimates, Nov. 2024;2019;38113.27
Ukraine;ILO - Modelled Estimates;Output per worker (GDP constant 2021 international $ at PPP) -- ILO modelled estimates, Nov. 2024;2018;36995.09
Ukraine;ILO - Modelled Estimates;Output per worker (GDP constant 2021 international $ at PPP) -- ILO modelled estimates, Nov. 2024;2017;35835.71
Ukraine;ILO - Modelled Estimates;Output per worker (GDP constant 2021 international $ at PPP) -- ILO modelled estimates, Nov. 2024;2016;34764.38
Ukraine;ILO - Modelled Estimates;Output per worker (GDP constant 2021 international $ at PPP) -- ILO modelled estimates, Nov. 2024;2015;33665.1
Uruguay;ILO - Modelled Estimates;Output per worker (GDP constant 2021 international $ at PPP) -- ILO modelled estimates, Nov. 2024;2023;65115.91
Uruguay;ILO - Modelled Estimates;Output per worker (GDP constant 2021 international $ at PPP) -- ILO modelled estimates, Nov. 2024;2022;65553.25
Uruguay;ILO - Modelled Estimates;Output per worker (GDP constant 2021 international $ at PPP) -- ILO modelled estimates, Nov. 2024;2021;64043.91
Uruguay;ILO - Modelled Estimates;Output per worker (GDP constant 2021 international $ at PPP) -- ILO modelled estimates, Nov. 2024;2020;63334.8
Uruguay;ILO - Modelled Estimates;Output per worker (GDP constant 2021 international $ at PPP) -- ILO modelled estimates, Nov. 2024;2019;64955.36
Uruguay;ILO - Modelled Estimates;Output per worker (GDP constant 2021 international $ at PPP) -- ILO modelled estimates, Nov. 2024;2018;64329.49
Uruguay;ILO - Modelled Estimates;Output per worker (GDP constant 2021 international $ at PPP) -- ILO modelled estimates, Nov. 2024;2017;63813.55
Uruguay;ILO - Modelled Estimates;Output per worker (GDP constant 2021 international $ at PPP) -- ILO modelled estimates, Nov. 2024;2016;62541.32
Uruguay;ILO - Modelled Estimates;Output per worker (GDP constant 2021 international $ at PPP) -- ILO modelled estimates, Nov. 2024;2015;61296.49
United States of America;ILO - Modelled Estimates;Output per worker (GDP constant 2021 international $ at PPP) -- ILO modelled estimates, Nov. 2024;2023;146969.89
United States of America;ILO - Modelled Estimates;Output per worker (GDP constant 2021 international $ at PPP) -- ILO modelled estimates, Nov. 2024;2022;144845.61
United States of America;ILO - Modelled Estimates;Output per worker (GDP constant 2021 international $ at PPP) -- ILO modelled estimates, Nov. 2024;2021;145569.77
United States of America;ILO - Modelled Estimates;Output per worker (GDP constant 2021 international $ at PPP) -- ILO modelled estimates, Nov. 2024;2020;142243.12
United States of America;ILO - Modelled Estimates;Output per worker (GDP constant 2021 international $ at PPP) -- ILO modelled estimates, Nov. 2024;2019;137009.43
United States of America;ILO - Modelled Estimates;Output per worker (GDP constant 2021 international $ at PPP) -- ILO modelled estimates, Nov. 2024;2018;135972.02
United States of America;ILO - Modelled Estimates;Output per worker (GDP constant 2021 international $ at PPP) -- ILO modelled estimates, Nov. 2024;2017;134172.39
United States of America;ILO - Modelled Estimates;Output per worker (GDP constant 2021 international $ at PPP) -- ILO modelled estimates, Nov. 2024;2016;133332
United States of America;ILO - Modelled Estimates;Output per worker (GDP constant 2021 international $ at PPP) -- ILO modelled estimates, Nov. 2024;2015;133303.3
Uzbekistan;ILO - Modelled Estimates;Output per worker (GDP constant 2021 international $ at PPP) -- ILO modelled estimates, Nov. 2024;2023;24337.52
Uzbekistan;ILO - Modelled Estimates;Output per worker (GDP constant 2021 international $ at PPP) -- ILO modelled estimates, Nov. 2024;2022;23234
Uzbekistan;ILO - Modelled Estimates;Output per worker (GDP constant 2021 international $ at PPP) -- ILO modelled estimates, Nov. 2024;2021;22433.4
Uzbekistan;ILO - Modelled Estimates;Output per worker (GDP constant 2021 international $ at PPP) -- ILO modelled estimates, Nov. 2024;2020;21384.26
Uzbekistan;ILO - Modelled Estimates;Output per worker (GDP constant 2021 international $ at PPP) -- ILO modelled estimates, Nov. 2024;2019;20811.14
Uzbekistan;ILO - Modelled Estimates;Output per worker (GDP constant 2021 international $ at PPP) -- ILO modelled estimates, Nov. 2024;2018;19937.31
Uzbekistan;ILO - Modelled Estimates;Output per worker (GDP constant 2021 international $ at PPP) -- ILO modelled estimates, Nov. 2024;2017;19127.55
Uzbekistan;ILO - Modelled Estimates;Output per worker (GDP constant 2021 international $ at PPP) -- ILO modelled estimates, Nov. 2024;2016;18434.96
Uzbekistan;ILO - Modelled Estimates;Output per worker (GDP constant 2021 international $ at PPP) -- ILO modelled estimates, Nov. 2024;2015;17611.5
Saint Vincent and the Grenadines;ILO - Modelled Estimates;Output per worker (GDP constant 2021 international $ at PPP) -- ILO modelled estimates, Nov. 2024;2023;41934
Saint Vincent and the Grenadines;ILO - Modelled Estimates;Output per worker (GDP constant 2021 international $ at PPP) -- ILO modelled estimates, Nov. 2024;2022;40046.97
Saint Vincent and the Grenadines;ILO - Modelled Estimates;Output per worker (GDP constant 2021 international $ at PPP) -- ILO modelled estimates, Nov. 2024;2021;39886.8
Saint Vincent and the Grenadines;ILO - Modelled Estimates;Output per worker (GDP constant 2021 international $ at PPP) -- ILO modelled estimates, Nov. 2024;2020;39765.31
Saint Vincent and the Grenadines;ILO - Modelled Estimates;Output per worker (GDP constant 2021 international $ at PPP) -- ILO modelled estimates, Nov. 2024;2019;39483.14
Saint Vincent and the Grenadines;ILO - Modelled Estimates;Output per worker (GDP constant 2021 international $ at PPP) -- ILO modelled estimates, Nov. 2024;2018;38977.58
Saint Vincent and the Grenadines;ILO - Modelled Estimates;Output per worker (GDP constant 2021 international $ at PPP) -- ILO modelled estimates, Nov. 2024;2017;37750.7
Saint Vincent and the Grenadines;ILO - Modelled Estimates;Output per worker (GDP constant 2021 international $ at PPP) -- ILO modelled estimates, Nov. 2024;2016;37183.9
Saint Vincent and the Grenadines;ILO - Modelled Estimates;Output per worker (GDP constant 2021 international $ at PPP) -- ILO modelled estimates, Nov. 2024;2015;35802.89
Venezuela (Bolivarian Republic of);ILO - Modelled Estimates;Output per worker (GDP constant 2021 international $ at PPP) -- ILO modelled estimates, Nov. 2024;2023;29927.88
Venezuela (Bolivarian Republic of);ILO - Modelled Estimates;Output per worker (GDP constant 2021 international $ at PPP) -- ILO modelled estimates, Nov. 2024;2022;29295.51
Venezuela (Bolivarian Republic of);ILO - Modelled Estimates;Output per worker (GDP constant 2021 international $ at PPP) -- ILO modelled estimates, Nov. 2024;2021;28051.76
Venezuela (Bolivarian Republic of);ILO - Modelled Estimates;Output per worker (GDP constant 2021 international $ at PPP) -- ILO modelled estimates, Nov. 2024;2020;28130.5
Venezuela (Bolivarian Republic of);ILO - Modelled Estimates;Output per worker (GDP constant 2021 international $ at PPP) -- ILO modelled estimates, Nov. 2024;2019;36607.21
Venezuela (Bolivarian Republic of);ILO - Modelled Estimates;Output per worker (GDP constant 2021 international $ at PPP) -- ILO modelled estimates, Nov. 2024;2018;46291.19
Venezuela (Bolivarian Republic of);ILO - Modelled Estimates;Output per worker (GDP constant 2021 international $ at PPP) -- ILO modelled estimates, Nov. 2024;2017;54258.92
Venezuela (Bolivarian Republic of);ILO - Modelled Estimates;Output per worker (GDP constant 2021 international $ at PPP) -- ILO modelled estimates, Nov. 2024;2016;62939.65
Venezuela (Bolivarian Republic of);ILO - Modelled Estimates;Output per worker (GDP constant 2021 international $ at PPP) -- ILO modelled estimates, Nov. 2024;2015;76710.85
United States Virgin Islands;ILO - Modelled Estimates;Output per worker (GDP constant 2021 international $ at PPP) -- ILO modelled estimates, Nov. 2024;2023;124471.19
United States Virgin Islands;ILO - Modelled Estimates;Output per worker (GDP constant 2021 international $ at PPP) -- ILO modelled estimates, Nov. 2024;2022;122185.78
United States Virgin Islands;ILO - Modelled Estimates;Output per worker (GDP constant 2021 international $ at PPP) -- ILO modelled estimates, Nov. 2024;2021;146358.49
United States Virgin Islands;ILO - Modelled Estimates;Output per worker (GDP constant 2021 international $ at PPP) -- ILO modelled estimates, Nov. 2024;2020;145445.09
United States Virgin Islands;ILO - Modelled Estimates;Output per worker (GDP constant 2021 international $ at PPP) -- ILO modelled estimates, Nov. 2024;2019;142763.02
United States Virgin Islands;ILO - Modelled Estimates;Output per worker (GDP constant 2021 international $ at PPP) -- ILO modelled estimates, Nov. 2024;2018;128527.71
United States Virgin Islands;ILO - Modelled Estimates;Output per worker (GDP constant 2021 international $ at PPP) -- ILO modelled estimates, Nov. 2024;2017;114719.3
United States Virgin Islands;ILO - Modelled Estimates;Output per worker (GDP constant 2021 international $ at PPP) -- ILO modelled estimates, Nov. 2024;2016;115280.79
United States Virgin Islands;ILO - Modelled Estimates;Output per worker (GDP constant 2021 international $ at PPP) -- ILO modelled estimates, Nov. 2024;2015;110713.14
Viet Nam;ILO - Modelled Estimates;Output per worker (GDP constant 2021 international $ at PPP) -- ILO modelled estimates, Nov. 2024;2023;24236.04
Viet Nam;ILO - Modelled Estimates;Output per worker (GDP constant 2021 international $ at PPP) -- ILO modelled estimates, Nov. 2024;2022;23176.08
Viet Nam;ILO - Modelled Estimates;Output per worker (GDP constant 2021 international $ at PPP) -- ILO modelled estimates, Nov. 2024;2021;22095.58
Viet Nam;ILO - Modelled Estimates;Output per worker (GDP constant 2021 international $ at PPP) -- ILO modelled estimates, Nov. 2024;2020;21529.51
Viet Nam;ILO - Modelled Estimates;Output per worker (GDP constant 2021 international $ at PPP) -- ILO modelled estimates, Nov. 2024;2019;20457.85
Viet Nam;ILO - Modelled Estimates;Output per worker (GDP constant 2021 international $ at PPP) -- ILO modelled estimates, Nov. 2024;2018;18936.37
Viet Nam;ILO - Modelled Estimates;Output per worker (GDP constant 2021 international $ at PPP) -- ILO modelled estimates, Nov. 2024;2017;17973.3
Viet Nam;ILO - Modelled Estimates;Output per worker (GDP constant 2021 international $ at PPP) -- ILO modelled estimates, Nov. 2024;2016;17000.12
Viet Nam;ILO - Modelled Estimates;Output per worker (GDP constant 2021 international $ at PPP) -- ILO modelled estimates, Nov. 2024;2015;16009.86
Vanuatu;ILO - Modelled Estimates;Output per worker (GDP constant 2021 international $ at PPP) -- ILO modelled estimates, Nov. 2024;2023;9121.15
Vanuatu;ILO - Modelled Estimates;Output per worker (GDP constant 2021 international $ at PPP) -- ILO modelled estimates, Nov. 2024;2022;9172.69
Vanuatu;ILO - Modelled Estimates;Output per worker (GDP constant 2021 international $ at PPP) -- ILO modelled estimates, Nov. 2024;2021;9320.24
Vanuatu;ILO - Modelled Estimates;Output per worker (GDP constant 2021 international $ at PPP) -- ILO modelled estimates, Nov. 2024;2020;9600.64
Vanuatu;ILO - Modelled Estimates;Output per worker (GDP constant 2021 international $ at PPP) -- ILO modelled estimates, Nov. 2024;2019;10395.89
Vanuatu;ILO - Modelled Estimates;Output per worker (GDP constant 2021 international $ at PPP) -- ILO modelled estimates, Nov. 2024;2018;10170.54
Vanuatu;ILO - Modelled Estimates;Output per worker (GDP constant 2021 international $ at PPP) -- ILO modelled estimates, Nov. 2024;2017;9988.36
Vanuatu;ILO - Modelled Estimates;Output per worker (GDP constant 2021 international $ at PPP) -- ILO modelled estimates, Nov. 2024;2016;9487.03
Vanuatu;ILO - Modelled Estimates;Output per worker (GDP constant 2021 international $ at PPP) -- ILO modelled estimates, Nov. 2024;2015;9145.33
Samoa;ILO - Modelled Estimates;Output per worker (GDP constant 2021 international $ at PPP) -- ILO modelled estimates, Nov. 2024;2023;24878.76
Samoa;ILO - Modelled Estimates;Output per worker (GDP constant 2021 international $ at PPP) -- ILO modelled estimates, Nov. 2024;2022;22997.46
Samoa;ILO - Modelled Estimates;Output per worker (GDP constant 2021 international $ at PPP) -- ILO modelled estimates, Nov. 2024;2021;23877.96
Samoa;ILO - Modelled Estimates;Output per worker (GDP constant 2021 international $ at PPP) -- ILO modelled estimates, Nov. 2024;2020;24983
Samoa;ILO - Modelled Estimates;Output per worker (GDP constant 2021 international $ at PPP) -- ILO modelled estimates, Nov. 2024;2019;24760
Samoa;ILO - Modelled Estimates;Output per worker (GDP constant 2021 international $ at PPP) -- ILO modelled estimates, Nov. 2024;2018;23077.21
Samoa;ILO - Modelled Estimates;Output per worker (GDP constant 2021 international $ at PPP) -- ILO modelled estimates, Nov. 2024;2017;22716.49
Samoa;ILO - Modelled Estimates;Output per worker (GDP constant 2021 international $ at PPP) -- ILO modelled estimates, Nov. 2024;2016;22459.79
Samoa;ILO - Modelled Estimates;Output per worker (GDP constant 2021 international $ at PPP) -- ILO modelled estimates, Nov. 2024;2015;20812.15
World;ILO - Modelled Estimates;Output per worker (GDP constant 2021 international $ at PPP) -- ILO modelled estimates, Nov. 2024;2023;47237.35
World;ILO - Modelled Estimates;Output per worker (GDP constant 2021 international $ at PPP) -- ILO modelled estimates, Nov. 2024;2022;46680.29
World;ILO - Modelled Estimates;Output per worker (GDP constant 2021 international $ at PPP) -- ILO modelled estimates, Nov. 2024;2021;46223.85
World;ILO - Modelled Estimates;Output per worker (GDP constant 2021 international $ at PPP) -- ILO modelled estimates, Nov. 2024;2020;44734.99
World;ILO - Modelled Estimates;Output per worker (GDP constant 2021 international $ at PPP) -- ILO modelled estimates, Nov. 2024;2019;45195.75
World;ILO - Modelled Estimates;Output per worker (GDP constant 2021 international $ at PPP) -- ILO modelled estimates, Nov. 2024;2018;44530.68
World;ILO - Modelled Estimates;Output per worker (GDP constant 2021 international $ at PPP) -- ILO modelled estimates, Nov. 2024;2017;43547.7
World;ILO - Modelled Estimates;Output per worker (GDP constant 2021 international $ at PPP) -- ILO modelled estimates, Nov. 2024;2016;42464.49
World;ILO - Modelled Estimates;Output per worker (GDP constant 2021 international $ at PPP) -- ILO modelled estimates, Nov. 2024;2015;41667.79
World: Low income;ILO - Modelled Estimates;Output per worker (GDP constant 2021 international $ at PPP) -- ILO modelled estimates, Nov. 2024;2023;6286.53
World: Low income;ILO - Modelled Estimates;Output per worker (GDP constant 2021 international $ at PPP) -- ILO modelled estimates, Nov. 2024;2022;6334.99
World: Low income;ILO - Modelled Estimates;Output per worker (GDP constant 2021 international $ at PPP) -- ILO modelled estimates, Nov. 2024;2021;6359.21
World: Low income;ILO - Modelled Estimates;Output per worker (GDP constant 2021 international $ at PPP) -- ILO modelled estimates, Nov. 2024;2020;6461.21
World: Low income;ILO - Modelled Estimates;Output per worker (GDP constant 2021 international $ at PPP) -- ILO modelled estimates, Nov. 2024;2019;6522.35
World: Low income;ILO - Modelled Estimates;Output per worker (GDP constant 2021 international $ at PPP) -- ILO modelled estimates, Nov. 2024;2018;6439.87
World: Low income;ILO - Modelled Estimates;Output per worker (GDP constant 2021 international $ at PPP) -- ILO modelled estimates, Nov. 2024;2017;6420.34
World: Low income;ILO - Modelled Estimates;Output per worker (GDP constant 2021 international $ at PPP) -- ILO modelled estimates, Nov. 2024;2016;6380.17
World: Low income;ILO - Modelled Estimates;Output per worker (GDP constant 2021 international $ at PPP) -- ILO modelled estimates, Nov. 2024;2015;6368.28
World: Lower-middle income;ILO - Modelled Estimates;Output per worker (GDP constant 2021 international $ at PPP) -- ILO modelled estimates, Nov. 2024;2023;21375.67
World: Lower-middle income;ILO - Modelled Estimates;Output per worker (GDP constant 2021 international $ at PPP) -- ILO modelled estimates, Nov. 2024;2022;20857.54
World: Lower-middle income;ILO - Modelled Estimates;Output per worker (GDP constant 2021 international $ at PPP) -- ILO modelled estimates, Nov. 2024;2021;20529.36
World: Lower-middle income;ILO - Modelled Estimates;Output per worker (GDP constant 2021 international $ at PPP) -- ILO modelled estimates, Nov. 2024;2020;19949.81
World: Lower-middle income;ILO - Modelled Estimates;Output per worker (GDP constant 2021 international $ at PPP) -- ILO modelled estimates, Nov. 2024;2019;20543.36
World: Lower-middle income;ILO - Modelled Estimates;Output per worker (GDP constant 2021 international $ at PPP) -- ILO modelled estimates, Nov. 2024;2018;20150.97
World: Lower-middle income;ILO - Modelled Estimates;Output per worker (GDP constant 2021 international $ at PPP) -- ILO modelled estimates, Nov. 2024;2017;19379.31
World: Lower-middle income;ILO - Modelled Estimates;Output per worker (GDP constant 2021 international $ at PPP) -- ILO modelled estimates, Nov. 2024;2016;18604.54
World: Lower-middle income;ILO - Modelled Estimates;Output per worker (GDP constant 2021 international $ at PPP) -- ILO modelled estimates, Nov. 2024;2015;17850.81
World: Upper-middle income;ILO - Modelled Estimates;Output per worker (GDP constant 2021 international $ at PPP) -- ILO modelled estimates, Nov. 2024;2023;42999.9
World: Upper-middle income;ILO - Modelled Estimates;Output per worker (GDP constant 2021 international $ at PPP) -- ILO modelled estimates, Nov. 2024;2022;41703.82
World: Upper-middle income;ILO - Modelled Estimates;Output per worker (GDP constant 2021 international $ at PPP) -- ILO modelled estimates, Nov. 2024;2021;40639.46
World: Upper-middle income;ILO - Modelled Estimates;Output per worker (GDP constant 2021 international $ at PPP) -- ILO modelled estimates, Nov. 2024;2020;38902.81
World: Upper-middle income;ILO - Modelled Estimates;Output per worker (GDP constant 2021 international $ at PPP) -- ILO modelled estimates, Nov. 2024;2019;38199.76
World: Upper-middle income;ILO - Modelled Estimates;Output per worker (GDP constant 2021 international $ at PPP) -- ILO modelled estimates, Nov. 2024;2018;37051.54
World: Upper-middle income;ILO - Modelled Estimates;Output per worker (GDP constant 2021 international $ at PPP) -- ILO modelled estimates, Nov. 2024;2017;35749.14
World: Upper-middle income;ILO - Modelled Estimates;Output per worker (GDP constant 2021 international $ at PPP) -- ILO modelled estimates, Nov. 2024;2016;34332.45
World: Upper-middle income;ILO - Modelled Estimates;Output per worker (GDP constant 2021 international $ at PPP) -- ILO modelled estimates, Nov. 2024;2015;33156.04
World: High income;ILO - Modelled Estimates;Output per worker (GDP constant 2021 international $ at PPP) -- ILO modelled estimates, Nov. 2024;2023;115273.81
World: High income;ILO - Modelled Estimates;Output per worker (GDP constant 2021 international $ at PPP) -- ILO modelled estimates, Nov. 2024;2022;114690.42
World: High income;ILO - Modelled Estimates;Output per worker (GDP constant 2021 international $ at PPP) -- ILO modelled estimates, Nov. 2024;2021;114202.27
World: High income;ILO - Modelled Estimates;Output per worker (GDP constant 2021 international $ at PPP) -- ILO modelled estimates, Nov. 2024;2020;109971.38
World: High income;ILO - Modelled Estimates;Output per worker (GDP constant 2021 international $ at PPP) -- ILO modelled estimates, Nov. 2024;2019;111435.66
World: High income;ILO - Modelled Estimates;Output per worker (GDP constant 2021 international $ at PPP) -- ILO modelled estimates, Nov. 2024;2018;110565.16
World: High income;ILO - Modelled Estimates;Output per worker (GDP constant 2021 international $ at PPP) -- ILO modelled estimates, Nov. 2024;2017;109362.94
World: High income;ILO - Modelled Estimates;Output per worker (GDP constant 2021 international $ at PPP) -- ILO modelled estimates, Nov. 2024;2016;108094.76
World: High income;ILO - Modelled Estimates;Output per worker (GDP constant 2021 international $ at PPP) -- ILO modelled estimates, Nov. 2024;2015;107727.06
Africa;ILO - Modelled Estimates;Output per worker (GDP constant 2021 international $ at PPP) -- ILO modelled estimates, Nov. 2024;2023;16013.71
Africa;ILO - Modelled Estimates;Output per worker (GDP constant 2021 international $ at PPP) -- ILO modelled estimates, Nov. 2024;2022;16072.44
Africa;ILO - Modelled Estimates;Output per worker (GDP constant 2021 international $ at PPP) -- ILO modelled estimates, Nov. 2024;2021;16048.05
Africa;ILO - Modelled Estimates;Output per worker (GDP constant 2021 international $ at PPP) -- ILO modelled estimates, Nov. 2024;2020;15803.55
Africa;ILO - Modelled Estimates;Output per worker (GDP constant 2021 international $ at PPP) -- ILO modelled estimates, Nov. 2024;2019;16245.27
Africa;ILO - Modelled Estimates;Output per worker (GDP constant 2021 international $ at PPP) -- ILO modelled estimates, Nov. 2024;2018;16149.6
Africa;ILO - Modelled Estimates;Output per worker (GDP constant 2021 international $ at PPP) -- ILO modelled estimates, Nov. 2024;2017;16012.4
Africa;ILO - Modelled Estimates;Output per worker (GDP constant 2021 international $ at PPP) -- ILO modelled estimates, Nov. 2024;2016;15773.71
Africa;ILO - Modelled Estimates;Output per worker (GDP constant 2021 international $ at PPP) -- ILO modelled estimates, Nov. 2024;2015;15799.08
Africa: Low income;ILO - Modelled Estimates;Output per worker (GDP constant 2021 international $ at PPP) -- ILO modelled estimates, Nov. 2024;2023;5927.26
Africa: Low income;ILO - Modelled Estimates;Output per worker (GDP constant 2021 international $ at PPP) -- ILO modelled estimates, Nov. 2024;2022;5963.4
Africa: Low income;ILO - Modelled Estimates;Output per worker (GDP constant 2021 international $ at PPP) -- ILO modelled estimates, Nov. 2024;2021;5957.81
Africa: Low income;ILO - Modelled Estimates;Output per worker (GDP constant 2021 international $ at PPP) -- ILO modelled estimates, Nov. 2024;2020;5931.37
Africa: Low income;ILO - Modelled Estimates;Output per worker (GDP constant 2021 international $ at PPP) -- ILO modelled estimates, Nov. 2024;2019;5927.22
Africa: Low income;ILO - Modelled Estimates;Output per worker (GDP constant 2021 international $ at PPP) -- ILO modelled estimates, Nov. 2024;2018;5832.22
Africa: Low income;ILO - Modelled Estimates;Output per worker (GDP constant 2021 international $ at PPP) -- ILO modelled estimates, Nov. 2024;2017;5775.12
Africa: Low income;ILO - Modelled Estimates;Output per worker (GDP constant 2021 international $ at PPP) -- ILO modelled estimates, Nov. 2024;2016;5659.73
Africa: Low income;ILO - Modelled Estimates;Output per worker (GDP constant 2021 international $ at PPP) -- ILO modelled estimates, Nov. 2024;2015;5542.78
Africa: Lower-middle income;ILO - Modelled Estimates;Output per worker (GDP constant 2021 international $ at PPP) -- ILO modelled estimates, Nov. 2024;2023;19138.86
Africa: Lower-middle income;ILO - Modelled Estimates;Output per worker (GDP constant 2021 international $ at PPP) -- ILO modelled estimates, Nov. 2024;2022;19168.93
Africa: Lower-middle income;ILO - Modelled Estimates;Output per worker (GDP constant 2021 international $ at PPP) -- ILO modelled estimates, Nov. 2024;2021;18931.46
Africa: Lower-middle income;ILO - Modelled Estimates;Output per worker (GDP constant 2021 international $ at PPP) -- ILO modelled estimates, Nov. 2024;2020;18909.36
Africa: Lower-middle income;ILO - Modelled Estimates;Output per worker (GDP constant 2021 international $ at PPP) -- ILO modelled estimates, Nov. 2024;2019;19191.19
Africa: Lower-middle income;ILO - Modelled Estimates;Output per worker (GDP constant 2021 international $ at PPP) -- ILO modelled estimates, Nov. 2024;2018;18916.29
Africa: Lower-middle income;ILO - Modelled Estimates;Output per worker (GDP constant 2021 international $ at PPP) -- ILO modelled estimates, Nov. 2024;2017;18625.06
Africa: Lower-middle income;ILO - Modelled Estimates;Output per worker (GDP constant 2021 international $ at PPP) -- ILO modelled estimates, Nov. 2024;2016;18328.17
Africa: Lower-middle income;ILO - Modelled Estimates;Output per worker (GDP constant 2021 international $ at PPP) -- ILO modelled estimates, Nov. 2024;2015;18490.68
Africa: Upper-middle income;ILO - Modelled Estimates;Output per worker (GDP constant 2021 international $ at PPP) -- ILO modelled estimates, Nov. 2024;2023;52231.55
Africa: Upper-middle income;ILO - Modelled Estimates;Output per worker (GDP constant 2021 international $ at PPP) -- ILO modelled estimates, Nov. 2024;2022;53079.83
Africa: Upper-middle income;ILO - Modelled Estimates;Output per worker (GDP constant 2021 international $ at PPP) -- ILO modelled estimates, Nov. 2024;2021;54943.66
Africa: Upper-middle income;ILO - Modelled Estimates;Output per worker (GDP constant 2021 international $ at PPP) -- ILO modelled estimates, Nov. 2024;2020;50391.24
Africa: Upper-middle income;ILO - Modelled Estimates;Output per worker (GDP constant 2021 international $ at PPP) -- ILO modelled estimates, Nov. 2024;2019;52523.36
Africa: Upper-middle income;ILO - Modelled Estimates;Output per worker (GDP constant 2021 international $ at PPP) -- ILO modelled estimates, Nov. 2024;2018;52915.05
Africa: Upper-middle income;ILO - Modelled Estimates;Output per worker (GDP constant 2021 international $ at PPP) -- ILO modelled estimates, Nov. 2024;2017;52702.06
Africa: Upper-middle income;ILO - Modelled Estimates;Output per worker (GDP constant 2021 international $ at PPP) -- ILO modelled estimates, Nov. 2024;2016;51763.45
Africa: Upper-middle income;ILO - Modelled Estimates;Output per worker (GDP constant 2021 international $ at PPP) -- ILO modelled estimates, Nov. 2024;2015;51255.48
Northern Africa;ILO - Modelled Estimates;Output per worker (GDP constant 2021 international $ at PPP) -- ILO modelled estimates, Nov. 2024;2023;48105.95
Northern Africa;ILO - Modelled Estimates;Output per worker (GDP constant 2021 international $ at PPP) -- ILO modelled estimates, Nov. 2024;2022;47729.88
Northern Africa;ILO - Modelled Estimates;Output per worker (GDP constant 2021 international $ at PPP) -- ILO modelled estimates, Nov. 2024;2021;47145
Northern Africa;ILO - Modelled Estimates;Output per worker (GDP constant 2021 international $ at PPP) -- ILO modelled estimates, Nov. 2024;2020;46225.18
Northern Africa;ILO - Modelled Estimates;Output per worker (GDP constant 2021 international $ at PPP) -- ILO modelled estimates, Nov. 2024;2019;46622.46
Northern Africa;ILO - Modelled Estimates;Output per worker (GDP constant 2021 international $ at PPP) -- ILO modelled estimates, Nov. 2024;2018;45970.58
Northern Africa;ILO - Modelled Estimates;Output per worker (GDP constant 2021 international $ at PPP) -- ILO modelled estimates, Nov. 2024;2017;44945.93
Northern Africa;ILO - Modelled Estimates;Output per worker (GDP constant 2021 international $ at PPP) -- ILO modelled estimates, Nov. 2024;2016;43076.57
Northern Africa;ILO - Modelled Estimates;Output per worker (GDP constant 2021 international $ at PPP) -- ILO modelled estimates, Nov. 2024;2015;42317.49
Northern Africa: Lower-middle income;ILO - Modelled Estimates;Output per worker (GDP constant 2021 international $ at PPP) -- ILO modelled estimates, Nov. 2024;2023;52647.14
Northern Africa: Lower-middle income;ILO - Modelled Estimates;Output per worker (GDP constant 2021 international $ at PPP) -- ILO modelled estimates, Nov. 2024;2022;51921.79
Northern Africa: Lower-middle income;ILO - Modelled Estimates;Output per worker (GDP constant 2021 international $ at PPP) -- ILO modelled estimates, Nov. 2024;2021;49882.47
Northern Africa: Lower-middle income;ILO - Modelled Estimates;Output per worker (GDP constant 2021 international $ at PPP) -- ILO modelled estimates, Nov. 2024;2020;50311.55
Northern Africa: Lower-middle income;ILO - Modelled Estimates;Output per worker (GDP constant 2021 international $ at PPP) -- ILO modelled estimates, Nov. 2024;2019;49243.88
Northern Africa: Lower-middle income;ILO - Modelled Estimates;Output per worker (GDP constant 2021 international $ at PPP) -- ILO modelled estimates, Nov. 2024;2018;47803.78
Northern Africa: Lower-middle income;ILO - Modelled Estimates;Output per worker (GDP constant 2021 international $ at PPP) -- ILO modelled estimates, Nov. 2024;2017;46126.83
Northern Africa: Lower-middle income;ILO - Modelled Estimates;Output per worker (GDP constant 2021 international $ at PPP) -- ILO modelled estimates, Nov. 2024;2016;43983.07
Northern Africa: Lower-middle income;ILO - Modelled Estimates;Output per worker (GDP constant 2021 international $ at PPP) -- ILO modelled estimates, Nov. 2024;2015;43047.91
Northern Africa: Upper-middle income;ILO - Modelled Estimates;Output per worker (GDP constant 2021 international $ at PPP) -- ILO modelled estimates, Nov. 2024;2023;60090.7
Northern Africa: Upper-middle income;ILO - Modelled Estimates;Output per worker (GDP constant 2021 international $ at PPP) -- ILO modelled estimates, Nov. 2024;2022;58364.98
Northern Africa: Upper-middle income;ILO - Modelled Estimates;Output per worker (GDP constant 2021 international $ at PPP) -- ILO modelled estimates, Nov. 2024;2021;61039.5
Northern Africa: Upper-middle income;ILO - Modelled Estimates;Output per worker (GDP constant 2021 international $ at PPP) -- ILO modelled estimates, Nov. 2024;2020;54777.99
Northern Africa: Upper-middle income;ILO - Modelled Estimates;Output per worker (GDP constant 2021 international $ at PPP) -- ILO modelled estimates, Nov. 2024;2019;59271.6
Northern Africa: Upper-middle income;ILO - Modelled Estimates;Output per worker (GDP constant 2021 international $ at PPP) -- ILO modelled estimates, Nov. 2024;2018;60079.29
Northern Africa: Upper-middle income;ILO - Modelled Estimates;Output per worker (GDP constant 2021 international $ at PPP) -- ILO modelled estimates, Nov. 2024;2017;59432.56
Northern Africa: Upper-middle income;ILO - Modelled Estimates;Output per worker (GDP constant 2021 international $ at PPP) -- ILO modelled estimates, Nov. 2024;2016;56379.78
Northern Africa: Upper-middle income;ILO - Modelled Estimates;Output per worker (GDP constant 2021 international $ at PPP) -- ILO modelled estimates, Nov. 2024;2015;55825.38
Sub-Saharan Africa;ILO - Modelled Estimates;Output per worker (GDP constant 2021 international $ at PPP) -- ILO modelled estimates, Nov. 2024;2023;11261.03
Sub-Saharan Africa;ILO - Modelled Estimates;Output per worker (GDP constant 2021 international $ at PPP) -- ILO modelled estimates, Nov. 2024;2022;11297.76
Sub-Saharan Africa;ILO - Modelled Estimates;Output per worker (GDP constant 2021 international $ at PPP) -- ILO modelled estimates, Nov. 2024;2021;11306.5
Sub-Saharan Africa;ILO - Modelled Estimates;Output per worker (GDP constant 2021 international $ at PPP) -- ILO modelled estimates, Nov. 2024;2020;11190.94
Sub-Saharan Africa;ILO - Modelled Estimates;Output per worker (GDP constant 2021 international $ at PPP) -- ILO modelled estimates, Nov. 2024;2019;11500.25
Sub-Saharan Africa;ILO - Modelled Estimates;Output per worker (GDP constant 2021 international $ at PPP) -- ILO modelled estimates, Nov. 2024;2018;11450.47
Sub-Saharan Africa;ILO - Modelled Estimates;Output per worker (GDP constant 2021 international $ at PPP) -- ILO modelled estimates, Nov. 2024;2017;11395.58
Sub-Saharan Africa;ILO - Modelled Estimates;Output per worker (GDP constant 2021 international $ at PPP) -- ILO modelled estimates, Nov. 2024;2016;11321.21
Sub-Saharan Africa;ILO - Modelled Estimates;Output per worker (GDP constant 2021 international $ at PPP) -- ILO modelled estimates, Nov. 2024;2015;11435.66
Sub-Saharan Africa: Low income;ILO - Modelled Estimates;Output per worker (GDP constant 2021 international $ at PPP) -- ILO modelled estimates, Nov. 2024;2023;5622.78
Sub-Saharan Africa: Low income;ILO - Modelled Estimates;Output per worker (GDP constant 2021 international $ at PPP) -- ILO modelled estimates, Nov. 2024;2022;5505.39
Sub-Saharan Africa: Low income;ILO - Modelled Estimates;Output per worker (GDP constant 2021 international $ at PPP) -- ILO modelled estimates, Nov. 2024;2021;5443.25
Sub-Saharan Africa: Low income;ILO - Modelled Estimates;Output per worker (GDP constant 2021 international $ at PPP) -- ILO modelled estimates, Nov. 2024;2020;5376.16
Sub-Saharan Africa: Low income;ILO - Modelled Estimates;Output per worker (GDP constant 2021 international $ at PPP) -- ILO modelled estimates, Nov. 2024;2019;5335.68
Sub-Saharan Africa: Low income;ILO - Modelled Estimates;Output per worker (GDP constant 2021 international $ at PPP) -- ILO modelled estimates, Nov. 2024;2018;5192.05
Sub-Saharan Africa: Low income;ILO - Modelled Estimates;Output per worker (GDP constant 2021 international $ at PPP) -- ILO modelled estimates, Nov. 2024;2017;5077.23
Sub-Saharan Africa: Low income;ILO - Modelled Estimates;Output per worker (GDP constant 2021 international $ at PPP) -- ILO modelled estimates, Nov. 2024;2016;4941.1
Sub-Saharan Africa: Low income;ILO - Modelled Estimates;Output per worker (GDP constant 2021 international $ at PPP) -- ILO modelled estimates, Nov. 2024;2015;4831.8
Sub-Saharan Africa: Lower-middle income;ILO - Modelled Estimates;Output per worker (GDP constant 2021 international $ at PPP) -- ILO modelled estimates, Nov. 2024;2023;12789.29
Sub-Saharan Africa: Lower-middle income;ILO - Modelled Estimates;Output per worker (GDP constant 2021 international $ at PPP) -- ILO modelled estimates, Nov. 2024;2022;12838.81
Sub-Saharan Africa: Lower-middle income;ILO - Modelled Estimates;Output per worker (GDP constant 2021 international $ at PPP) -- ILO modelled estimates, Nov. 2024;2021;12811.09
Sub-Saharan Africa: Lower-middle income;ILO - Modelled Estimates;Output per worker (GDP constant 2021 international $ at PPP) -- ILO modelled estimates, Nov. 2024;2020;12757.83
Sub-Saharan Africa: Lower-middle income;ILO - Modelled Estimates;Output per worker (GDP constant 2021 international $ at PPP) -- ILO modelled estimates, Nov. 2024;2019;13136.94
Sub-Saharan Africa: Lower-middle income;ILO - Modelled Estimates;Output per worker (GDP constant 2021 international $ at PPP) -- ILO modelled estimates, Nov. 2024;2018;13058.46
Sub-Saharan Africa: Lower-middle income;ILO - Modelled Estimates;Output per worker (GDP constant 2021 international $ at PPP) -- ILO modelled estimates, Nov. 2024;2017;12976.24
Sub-Saharan Africa: Lower-middle income;ILO - Modelled Estimates;Output per worker (GDP constant 2021 international $ at PPP) -- ILO modelled estimates, Nov. 2024;2016;12905.53
Sub-Saharan Africa: Lower-middle income;ILO - Modelled Estimates;Output per worker (GDP constant 2021 international $ at PPP) -- ILO modelled estimates, Nov. 2024;2015;13201.48
Sub-Saharan Africa: Upper-middle income;ILO - Modelled Estimates;Output per worker (GDP constant 2021 international $ at PPP) -- ILO modelled estimates, Nov. 2024;2023;47375.68
Sub-Saharan Africa: Upper-middle income;ILO - Modelled Estimates;Output per worker (GDP constant 2021 international $ at PPP) -- ILO modelled estimates, Nov. 2024;2022;49688.72
Sub-Saharan Africa: Upper-middle income;ILO - Modelled Estimates;Output per worker (GDP constant 2021 international $ at PPP) -- ILO modelled estimates, Nov. 2024;2021;51072.32
Sub-Saharan Africa: Upper-middle income;ILO - Modelled Estimates;Output per worker (GDP constant 2021 international $ at PPP) -- ILO modelled estimates, Nov. 2024;2020;47739.61
Sub-Saharan Africa: Upper-middle income;ILO - Modelled Estimates;Output per worker (GDP constant 2021 international $ at PPP) -- ILO modelled estimates, Nov. 2024;2019;48402.85
Sub-Saharan Africa: Upper-middle income;ILO - Modelled Estimates;Output per worker (GDP constant 2021 international $ at PPP) -- ILO modelled estimates, Nov. 2024;2018;48559.71
Sub-Saharan Africa: Upper-middle income;ILO - Modelled Estimates;Output per worker (GDP constant 2021 international $ at PPP) -- ILO modelled estimates, Nov. 2024;2017;48601.37
Sub-Saharan Africa: Upper-middle income;ILO - Modelled Estimates;Output per worker (GDP constant 2021 international $ at PPP) -- ILO modelled estimates, Nov. 2024;2016;48899.5
Sub-Saharan Africa: Upper-middle income;ILO - Modelled Estimates;Output per worker (GDP constant 2021 international $ at PPP) -- ILO modelled estimates, Nov. 2024;2015;48487.26
Central Africa;ILO - Modelled Estimates;Output per worker (GDP constant 2021 international $ at PPP) -- ILO modelled estimates, Nov. 2024;2023;10156.37
Central Africa;ILO - Modelled Estimates;Output per worker (GDP constant 2021 international $ at PPP) -- ILO modelled estimates, Nov. 2024;2022;10203.08
Central Africa;ILO - Modelled Estimates;Output per worker (GDP constant 2021 international $ at PPP) -- ILO modelled estimates, Nov. 2024;2021;10147.99
Central Africa;ILO - Modelled Estimates;Output per worker (GDP constant 2021 international $ at PPP) -- ILO modelled estimates, Nov. 2024;2020;10471.58
Central Africa;ILO - Modelled Estimates;Output per worker (GDP constant 2021 international $ at PPP) -- ILO modelled estimates, Nov. 2024;2019;10734.4
Central Africa;ILO - Modelled Estimates;Output per worker (GDP constant 2021 international $ at PPP) -- ILO modelled estimates, Nov. 2024;2018;10896.92
Central Africa;ILO - Modelled Estimates;Output per worker (GDP constant 2021 international $ at PPP) -- ILO modelled estimates, Nov. 2024;2017;11119.2
Central Africa;ILO - Modelled Estimates;Output per worker (GDP constant 2021 international $ at PPP) -- ILO modelled estimates, Nov. 2024;2016;11418.91
Central Africa;ILO - Modelled Estimates;Output per worker (GDP constant 2021 international $ at PPP) -- ILO modelled estimates, Nov. 2024;2015;11916.82
Eastern Africa;ILO - Modelled Estimates;Output per worker (GDP constant 2021 international $ at PPP) -- ILO modelled estimates, Nov. 2024;2023;7554.99
Eastern Africa;ILO - Modelled Estimates;Output per worker (GDP constant 2021 international $ at PPP) -- ILO modelled estimates, Nov. 2024;2022;7398.48
Eastern Africa;ILO - Modelled Estimates;Output per worker (GDP constant 2021 international $ at PPP) -- ILO modelled estimates, Nov. 2024;2021;7319.94
Eastern Africa;ILO - Modelled Estimates;Output per worker (GDP constant 2021 international $ at PPP) -- ILO modelled estimates, Nov. 2024;2020;7169.74
Eastern Africa;ILO - Modelled Estimates;Output per worker (GDP constant 2021 international $ at PPP) -- ILO modelled estimates, Nov. 2024;2019;7225.2
Eastern Africa;ILO - Modelled Estimates;Output per worker (GDP constant 2021 international $ at PPP) -- ILO modelled estimates, Nov. 2024;2018;7057.13
Eastern Africa;ILO - Modelled Estimates;Output per worker (GDP constant 2021 international $ at PPP) -- ILO modelled estimates, Nov. 2024;2017;6876.89
Eastern Africa;ILO - Modelled Estimates;Output per worker (GDP constant 2021 international $ at PPP) -- ILO modelled estimates, Nov. 2024;2016;6653.46
Eastern Africa;ILO - Modelled Estimates;Output per worker (GDP constant 2021 international $ at PPP) -- ILO modelled estimates, Nov. 2024;2015;6483.74
Southern Africa;ILO - Modelled Estimates;Output per worker (GDP constant 2021 international $ at PPP) -- ILO modelled estimates, Nov. 2024;2023;45003.21
Southern Africa;ILO - Modelled Estimates;Output per worker (GDP constant 2021 international $ at PPP) -- ILO modelled estimates, Nov. 2024;2022;47267.39
Southern Africa;ILO - Modelled Estimates;Output per worker (GDP constant 2021 international $ at PPP) -- ILO modelled estimates, Nov. 2024;2021;48571.14
Southern Africa;ILO - Modelled Estimates;Output per worker (GDP constant 2021 international $ at PPP) -- ILO modelled estimates, Nov. 2024;2020;45181.89
Southern Africa;ILO - Modelled Estimates;Output per worker (GDP constant 2021 international $ at PPP) -- ILO modelled estimates, Nov. 2024;2019;45852.22
Southern Africa;ILO - Modelled Estimates;Output per worker (GDP constant 2021 international $ at PPP) -- ILO modelled estimates, Nov. 2024;2018;45905.14
Southern Africa;ILO - Modelled Estimates;Output per worker (GDP constant 2021 international $ at PPP) -- ILO modelled estimates, Nov. 2024;2017;45764.72
Southern Africa;ILO - Modelled Estimates;Output per worker (GDP constant 2021 international $ at PPP) -- ILO modelled estimates, Nov. 2024;2016;45862.65
Southern Africa;ILO - Modelled Estimates;Output per worker (GDP constant 2021 international $ at PPP) -- ILO modelled estimates, Nov. 2024;2015;45261.18
Western Africa;ILO - Modelled Estimates;Output per worker (GDP constant 2021 international $ at PPP) -- ILO modelled estimates, Nov. 2024;2023;11724.93
Western Africa;ILO - Modelled Estimates;Output per worker (GDP constant 2021 international $ at PPP) -- ILO modelled estimates, Nov. 2024;2022;11814.5
Western Africa;ILO - Modelled Estimates;Output per worker (GDP constant 2021 international $ at PPP) -- ILO modelled estimates, Nov. 2024;2021;11833.8
Western Africa;ILO - Modelled Estimates;Output per worker (GDP constant 2021 international $ at PPP) -- ILO modelled estimates, Nov. 2024;2020;11725.42
Western Africa;ILO - Modelled Estimates;Output per worker (GDP constant 2021 international $ at PPP) -- ILO modelled estimates, Nov. 2024;2019;12034.64
Western Africa;ILO - Modelled Estimates;Output per worker (GDP constant 2021 international $ at PPP) -- ILO modelled estimates, Nov. 2024;2018;11923.22
Western Africa;ILO - Modelled Estimates;Output per worker (GDP constant 2021 international $ at PPP) -- ILO modelled estimates, Nov. 2024;2017;11849.2
Western Africa;ILO - Modelled Estimates;Output per worker (GDP constant 2021 international $ at PPP) -- ILO modelled estimates, Nov. 2024;2016;11761.88
Western Africa;ILO - Modelled Estimates;Output per worker (GDP constant 2021 international $ at PPP) -- ILO modelled estimates, Nov. 2024;2015;12023.6
Americas;ILO - Modelled Estimates;Output per worker (GDP constant 2021 international $ at PPP) -- ILO modelled estimates, Nov. 2024;2023;81505.15
Americas;ILO - Modelled Estimates;Output per worker (GDP constant 2021 international $ at PPP) -- ILO modelled estimates, Nov. 2024;2022;80776.46
Americas;ILO - Modelled Estimates;Output per worker (GDP constant 2021 international $ at PPP) -- ILO modelled estimates, Nov. 2024;2021;81734.91
Americas;ILO - Modelled Estimates;Output per worker (GDP constant 2021 international $ at PPP) -- ILO modelled estimates, Nov. 2024;2020;80937.92
Americas;ILO - Modelled Estimates;Output per worker (GDP constant 2021 international $ at PPP) -- ILO modelled estimates, Nov. 2024;2019;78559.73
Americas;ILO - Modelled Estimates;Output per worker (GDP constant 2021 international $ at PPP) -- ILO modelled estimates, Nov. 2024;2018;78643.81
Americas;ILO - Modelled Estimates;Output per worker (GDP constant 2021 international $ at PPP) -- ILO modelled estimates, Nov. 2024;2017;78236.5
Americas;ILO - Modelled Estimates;Output per worker (GDP constant 2021 international $ at PPP) -- ILO modelled estimates, Nov. 2024;2016;77907.13
Americas;ILO - Modelled Estimates;Output per worker (GDP constant 2021 international $ at PPP) -- ILO modelled estimates, Nov. 2024;2015;78029.46
Americas: Lower-middle income;ILO - Modelled Estimates;Output per worker (GDP constant 2021 international $ at PPP) -- ILO modelled estimates, Nov. 2024;2023;15344.83
Americas: Lower-middle income;ILO - Modelled Estimates;Output per worker (GDP constant 2021 international $ at PPP) -- ILO modelled estimates, Nov. 2024;2022;14988.69
Americas: Lower-middle income;ILO - Modelled Estimates;Output per worker (GDP constant 2021 international $ at PPP) -- ILO modelled estimates, Nov. 2024;2021;15039.6
Americas: Lower-middle income;ILO - Modelled Estimates;Output per worker (GDP constant 2021 international $ at PPP) -- ILO modelled estimates, Nov. 2024;2020;15048.62
Americas: Lower-middle income;ILO - Modelled Estimates;Output per worker (GDP constant 2021 international $ at PPP) -- ILO modelled estimates, Nov. 2024;2019;15485.67
Americas: Lower-middle income;ILO - Modelled Estimates;Output per worker (GDP constant 2021 international $ at PPP) -- ILO modelled estimates, Nov. 2024;2018;15673.97
Americas: Lower-middle income;ILO - Modelled Estimates;Output per worker (GDP constant 2021 international $ at PPP) -- ILO modelled estimates, Nov. 2024;2017;15948.08
Americas: Lower-middle income;ILO - Modelled Estimates;Output per worker (GDP constant 2021 international $ at PPP) -- ILO modelled estimates, Nov. 2024;2016;15857
Americas: Lower-middle income;ILO - Modelled Estimates;Output per worker (GDP constant 2021 international $ at PPP) -- ILO modelled estimates, Nov. 2024;2015;15524.31
Americas: Upper-middle income;ILO - Modelled Estimates;Output per worker (GDP constant 2021 international $ at PPP) -- ILO modelled estimates, Nov. 2024;2023;42552.46
Americas: Upper-middle income;ILO - Modelled Estimates;Output per worker (GDP constant 2021 international $ at PPP) -- ILO modelled estimates, Nov. 2024;2022;42460.37
Americas: Upper-middle income;ILO - Modelled Estimates;Output per worker (GDP constant 2021 international $ at PPP) -- ILO modelled estimates, Nov. 2024;2021;42915.89
Americas: Upper-middle income;ILO - Modelled Estimates;Output per worker (GDP constant 2021 international $ at PPP) -- ILO modelled estimates, Nov. 2024;2020;42701.65
Americas: Upper-middle income;ILO - Modelled Estimates;Output per worker (GDP constant 2021 international $ at PPP) -- ILO modelled estimates, Nov. 2024;2019;42595.84
Americas: Upper-middle income;ILO - Modelled Estimates;Output per worker (GDP constant 2021 international $ at PPP) -- ILO modelled estimates, Nov. 2024;2018;43497.52
Americas: Upper-middle income;ILO - Modelled Estimates;Output per worker (GDP constant 2021 international $ at PPP) -- ILO modelled estimates, Nov. 2024;2017;43969.56
Americas: Upper-middle income;ILO - Modelled Estimates;Output per worker (GDP constant 2021 international $ at PPP) -- ILO modelled estimates, Nov. 2024;2016;44147.64
Americas: Upper-middle income;ILO - Modelled Estimates;Output per worker (GDP constant 2021 international $ at PPP) -- ILO modelled estimates, Nov. 2024;2015;45016.1
Americas: High income;ILO - Modelled Estimates;Output per worker (GDP constant 2021 international $ at PPP) -- ILO modelled estimates, Nov. 2024;2023;137598.5
Americas: High income;ILO - Modelled Estimates;Output per worker (GDP constant 2021 international $ at PPP) -- ILO modelled estimates, Nov. 2024;2022;135885.92
Americas: High income;ILO - Modelled Estimates;Output per worker (GDP constant 2021 international $ at PPP) -- ILO modelled estimates, Nov. 2024;2021;136699.42
Americas: High income;ILO - Modelled Estimates;Output per worker (GDP constant 2021 international $ at PPP) -- ILO modelled estimates, Nov. 2024;2020;133681.1
Americas: High income;ILO - Modelled Estimates;Output per worker (GDP constant 2021 international $ at PPP) -- ILO modelled estimates, Nov. 2024;2019;128918.63
Americas: High income;ILO - Modelled Estimates;Output per worker (GDP constant 2021 international $ at PPP) -- ILO modelled estimates, Nov. 2024;2018;128091.22
Americas: High income;ILO - Modelled Estimates;Output per worker (GDP constant 2021 international $ at PPP) -- ILO modelled estimates, Nov. 2024;2017;126518.62
Americas: High income;ILO - Modelled Estimates;Output per worker (GDP constant 2021 international $ at PPP) -- ILO modelled estimates, Nov. 2024;2016;125769.37
Americas: High income;ILO - Modelled Estimates;Output per worker (GDP constant 2021 international $ at PPP) -- ILO modelled estimates, Nov. 2024;2015;125639.3
Latin America and the Caribbean;ILO - Modelled Estimates;Output per worker (GDP constant 2021 international $ at PPP) -- ILO modelled estimates, Nov. 2024;2023;42403.74
Latin America and the Caribbean;ILO - Modelled Estimates;Output per worker (GDP constant 2021 international $ at PPP) -- ILO modelled estimates, Nov. 2024;2022;42262.98
Latin America and the Caribbean;ILO - Modelled Estimates;Output per worker (GDP constant 2021 international $ at PPP) -- ILO modelled estimates, Nov. 2024;2021;42673.32
Latin America and the Caribbean;ILO - Modelled Estimates;Output per worker (GDP constant 2021 international $ at PPP) -- ILO modelled estimates, Nov. 2024;2020;42340.33
Latin America and the Caribbean;ILO - Modelled Estimates;Output per worker (GDP constant 2021 international $ at PPP) -- ILO modelled estimates, Nov. 2024;2019;42265.05
Latin America and the Caribbean;ILO - Modelled Estimates;Output per worker (GDP constant 2021 international $ at PPP) -- ILO modelled estimates, Nov. 2024;2018;43098.93
Latin America and the Caribbean;ILO - Modelled Estimates;Output per worker (GDP constant 2021 international $ at PPP) -- ILO modelled estimates, Nov. 2024;2017;43570.12
Latin America and the Caribbean;ILO - Modelled Estimates;Output per worker (GDP constant 2021 international $ at PPP) -- ILO modelled estimates, Nov. 2024;2016;43776.51
Latin America and the Caribbean;ILO - Modelled Estimates;Output per worker (GDP constant 2021 international $ at PPP) -- ILO modelled estimates, Nov. 2024;2015;44542.21
Latin America and the Caribbean: Lower-middle income;ILO - Modelled Estimates;Output per worker (GDP constant 2021 international $ at PPP) -- ILO modelled estimates, Nov. 2024;2023;15344.83
Latin America and the Caribbean: Lower-middle income;ILO - Modelled Estimates;Output per worker (GDP constant 2021 international $ at PPP) -- ILO modelled estimates, Nov. 2024;2022;14988.69
Latin America and the Caribbean: Lower-middle income;ILO - Modelled Estimates;Output per worker (GDP constant 2021 international $ at PPP) -- ILO modelled estimates, Nov. 2024;2021;15039.6
Latin America and the Caribbean: Lower-middle income;ILO - Modelled Estimates;Output per worker (GDP constant 2021 international $ at PPP) -- ILO modelled estimates, Nov. 2024;2020;15048.62
Latin America and the Caribbean: Lower-middle income;ILO - Modelled Estimates;Output per worker (GDP constant 2021 international $ at PPP) -- ILO modelled estimates, Nov. 2024;2019;15485.67
Latin America and the Caribbean: Lower-middle income;ILO - Modelled Estimates;Output per worker (GDP constant 2021 international $ at PPP) -- ILO modelled estimates, Nov. 2024;2018;15673.97
Latin America and the Caribbean: Lower-middle income;ILO - Modelled Estimates;Output per worker (GDP constant 2021 international $ at PPP) -- ILO modelled estimates, Nov. 2024;2017;15948.08
Latin America and the Caribbean: Lower-middle income;ILO - Modelled Estimates;Output per worker (GDP constant 2021 international $ at PPP) -- ILO modelled estimates, Nov. 2024;2016;15857
Latin America and the Caribbean: Lower-middle income;ILO - Modelled Estimates;Output per worker (GDP constant 2021 international $ at PPP) -- ILO modelled estimates, Nov. 2024;2015;15524.31
Latin America and the Caribbean: Upper-middle income;ILO - Modelled Estimates;Output per worker (GDP constant 2021 international $ at PPP) -- ILO modelled estimates, Nov. 2024;2023;42552.46
Latin America and the Caribbean: Upper-middle income;ILO - Modelled Estimates;Output per worker (GDP constant 2021 international $ at PPP) -- ILO modelled estimates, Nov. 2024;2022;42460.37
Latin America and the Caribbean: Upper-middle income;ILO - Modelled Estimates;Output per worker (GDP constant 2021 international $ at PPP) -- ILO modelled estimates, Nov. 2024;2021;42915.89
Latin America and the Caribbean: Upper-middle income;ILO - Modelled Estimates;Output per worker (GDP constant 2021 international $ at PPP) -- ILO modelled estimates, Nov. 2024;2020;42701.65
Latin America and the Caribbean: Upper-middle income;ILO - Modelled Estimates;Output per worker (GDP constant 2021 international $ at PPP) -- ILO modelled estimates, Nov. 2024;2019;42595.84
Latin America and the Caribbean: Upper-middle income;ILO - Modelled Estimates;Output per worker (GDP constant 2021 international $ at PPP) -- ILO modelled estimates, Nov. 2024;2018;43497.52
Latin America and the Caribbean: Upper-middle income;ILO - Modelled Estimates;Output per worker (GDP constant 2021 international $ at PPP) -- ILO modelled estimates, Nov. 2024;2017;43969.56
Latin America and the Caribbean: Upper-middle income;ILO - Modelled Estimates;Output per worker (GDP constant 2021 international $ at PPP) -- ILO modelled estimates, Nov. 2024;2016;44147.64
Latin America and the Caribbean: Upper-middle income;ILO - Modelled Estimates;Output per worker (GDP constant 2021 international $ at PPP) -- ILO modelled estimates, Nov. 2024;2015;45016.1
Latin America and the Caribbean: High income;ILO - Modelled Estimates;Output per worker (GDP constant 2021 international $ at PPP) -- ILO modelled estimates, Nov. 2024;2023;71782.65
Latin America and the Caribbean: High income;ILO - Modelled Estimates;Output per worker (GDP constant 2021 international $ at PPP) -- ILO modelled estimates, Nov. 2024;2022;71516.9
Latin America and the Caribbean: High income;ILO - Modelled Estimates;Output per worker (GDP constant 2021 international $ at PPP) -- ILO modelled estimates, Nov. 2024;2021;72415.46
Latin America and the Caribbean: High income;ILO - Modelled Estimates;Output per worker (GDP constant 2021 international $ at PPP) -- ILO modelled estimates, Nov. 2024;2020;68534.35
Latin America and the Caribbean: High income;ILO - Modelled Estimates;Output per worker (GDP constant 2021 international $ at PPP) -- ILO modelled estimates, Nov. 2024;2019;66537.43
Latin America and the Caribbean: High income;ILO - Modelled Estimates;Output per worker (GDP constant 2021 international $ at PPP) -- ILO modelled estimates, Nov. 2024;2018;66805.75
Latin America and the Caribbean: High income;ILO - Modelled Estimates;Output per worker (GDP constant 2021 international $ at PPP) -- ILO modelled estimates, Nov. 2024;2017;66830.84
Latin America and the Caribbean: High income;ILO - Modelled Estimates;Output per worker (GDP constant 2021 international $ at PPP) -- ILO modelled estimates, Nov. 2024;2016;67233.25
Latin America and the Caribbean: High income;ILO - Modelled Estimates;Output per worker (GDP constant 2021 international $ at PPP) -- ILO modelled estimates, Nov. 2024;2015;67144.35
Caribbean;ILO - Modelled Estimates;Output per worker (GDP constant 2021 international $ at PPP) -- ILO modelled estimates, Nov. 2024;2023;42427.06
Caribbean;ILO - Modelled Estimates;Output per worker (GDP constant 2021 international $ at PPP) -- ILO modelled estimates, Nov. 2024;2022;42708.98
Caribbean;ILO - Modelled Estimates;Output per worker (GDP constant 2021 international $ at PPP) -- ILO modelled estimates, Nov. 2024;2021;42674.28
Caribbean;ILO - Modelled Estimates;Output per worker (GDP constant 2021 international $ at PPP) -- ILO modelled estimates, Nov. 2024;2020;41684.84
Caribbean;ILO - Modelled Estimates;Output per worker (GDP constant 2021 international $ at PPP) -- ILO modelled estimates, Nov. 2024;2019;43392.94
Caribbean;ILO - Modelled Estimates;Output per worker (GDP constant 2021 international $ at PPP) -- ILO modelled estimates, Nov. 2024;2018;43298.67
Caribbean;ILO - Modelled Estimates;Output per worker (GDP constant 2021 international $ at PPP) -- ILO modelled estimates, Nov. 2024;2017;43122.24
Caribbean;ILO - Modelled Estimates;Output per worker (GDP constant 2021 international $ at PPP) -- ILO modelled estimates, Nov. 2024;2016;43253.24
Caribbean;ILO - Modelled Estimates;Output per worker (GDP constant 2021 international $ at PPP) -- ILO modelled estimates, Nov. 2024;2015;43247.49
Central America;ILO - Modelled Estimates;Output per worker (GDP constant 2021 international $ at PPP) -- ILO modelled estimates, Nov. 2024;2023;44859.91
Central America;ILO - Modelled Estimates;Output per worker (GDP constant 2021 international $ at PPP) -- ILO modelled estimates, Nov. 2024;2022;44411.49
Central America;ILO - Modelled Estimates;Output per worker (GDP constant 2021 international $ at PPP) -- ILO modelled estimates, Nov. 2024;2021;44438.5
Central America;ILO - Modelled Estimates;Output per worker (GDP constant 2021 international $ at PPP) -- ILO modelled estimates, Nov. 2024;2020;44630.61
Central America;ILO - Modelled Estimates;Output per worker (GDP constant 2021 international $ at PPP) -- ILO modelled estimates, Nov. 2024;2019;45339.42
Central America;ILO - Modelled Estimates;Output per worker (GDP constant 2021 international $ at PPP) -- ILO modelled estimates, Nov. 2024;2018;46125.18
Central America;ILO - Modelled Estimates;Output per worker (GDP constant 2021 international $ at PPP) -- ILO modelled estimates, Nov. 2024;2017;46195.4
Central America;ILO - Modelled Estimates;Output per worker (GDP constant 2021 international $ at PPP) -- ILO modelled estimates, Nov. 2024;2016;46070.31
Central America;ILO - Modelled Estimates;Output per worker (GDP constant 2021 international $ at PPP) -- ILO modelled estimates, Nov. 2024;2015;45913.9
South America;ILO - Modelled Estimates;Output per worker (GDP constant 2021 international $ at PPP) -- ILO modelled estimates, Nov. 2024;2023;41421.95
South America;ILO - Modelled Estimates;Output per worker (GDP constant 2021 international $ at PPP) -- ILO modelled estimates, Nov. 2024;2022;41373.35
South America;ILO - Modelled Estimates;Output per worker (GDP constant 2021 international $ at PPP) -- ILO modelled estimates, Nov. 2024;2021;41965.11
South America;ILO - Modelled Estimates;Output per worker (GDP constant 2021 international $ at PPP) -- ILO modelled estimates, Nov. 2024;2020;41493.29
South America;ILO - Modelled Estimates;Output per worker (GDP constant 2021 international $ at PPP) -- ILO modelled estimates, Nov. 2024;2019;40955.76
South America;ILO - Modelled Estimates;Output per worker (GDP constant 2021 international $ at PPP) -- ILO modelled estimates, Nov. 2024;2018;41903.98
South America;ILO - Modelled Estimates;Output per worker (GDP constant 2021 international $ at PPP) -- ILO modelled estimates, Nov. 2024;2017;42600.51
South America;ILO - Modelled Estimates;Output per worker (GDP constant 2021 international $ at PPP) -- ILO modelled estimates, Nov. 2024;2016;42950.12
South America;ILO - Modelled Estimates;Output per worker (GDP constant 2021 international $ at PPP) -- ILO modelled estimates, Nov. 2024;2015;44147.45
Northern America;ILO - Modelled Estimates;Output per worker (GDP constant 2021 international $ at PPP) -- ILO modelled estimates, Nov. 2024;2023;142851.94
Northern America;ILO - Modelled Estimates;Output per worker (GDP constant 2021 international $ at PPP) -- ILO modelled estimates, Nov. 2024;2022;140998.7
Northern America;ILO - Modelled Estimates;Output per worker (GDP constant 2021 international $ at PPP) -- ILO modelled estimates, Nov. 2024;2021;141658.34
Northern America;ILO - Modelled Estimates;Output per worker (GDP constant 2021 international $ at PPP) -- ILO modelled estimates, Nov. 2024;2020;138713.41
Northern America;ILO - Modelled Estimates;Output per worker (GDP constant 2021 international $ at PPP) -- ILO modelled estimates, Nov. 2024;2019;133969.65
Northern America;ILO - Modelled Estimates;Output per worker (GDP constant 2021 international $ at PPP) -- ILO modelled estimates, Nov. 2024;2018;133059.6
Northern America;ILO - Modelled Estimates;Output per worker (GDP constant 2021 international $ at PPP) -- ILO modelled estimates, Nov. 2024;2017;131334.22
Northern America;ILO - Modelled Estimates;Output per worker (GDP constant 2021 international $ at PPP) -- ILO modelled estimates, Nov. 2024;2016;130502.98
Northern America;ILO - Modelled Estimates;Output per worker (GDP constant 2021 international $ at PPP) -- ILO modelled estimates, Nov. 2024;2015;130400.55
Northern America: High income;ILO - Modelled Estimates;Output per worker (GDP constant 2021 international $ at PPP) -- ILO modelled estimates, Nov. 2024;2023;142851.94
Northern America: High income;ILO - Modelled Estimates;Output per worker (GDP constant 2021 international $ at PPP) -- ILO modelled estimates, Nov. 2024;2022;140998.7
Northern America: High income;ILO - Modelled Estimates;Output per worker (GDP constant 2021 international $ at PPP) -- ILO modelled estimates, Nov. 2024;2021;141658.34
Northern America: High income;ILO - Modelled Estimates;Output per worker (GDP constant 2021 international $ at PPP) -- ILO modelled estimates, Nov. 2024;2020;138713.41
Northern America: High income;ILO - Modelled Estimates;Output per worker (GDP constant 2021 international $ at PPP) -- ILO modelled estimates, Nov. 2024;2019;133969.65
Northern America: High income;ILO - Modelled Estimates;Output per worker (GDP constant 2021 international $ at PPP) -- ILO modelled estimates, Nov. 2024;2018;133059.6
Northern America: High income;ILO - Modelled Estimates;Output per worker (GDP constant 2021 international $ at PPP) -- ILO modelled estimates, Nov. 2024;2017;131334.22
Northern America: High income;ILO - Modelled Estimates;Output per worker (GDP constant 2021 international $ at PPP) -- ILO modelled estimates, Nov. 2024;2016;130502.98
Northern America: High income;ILO - Modelled Estimates;Output per worker (GDP constant 2021 international $ at PPP) -- ILO modelled estimates, Nov. 2024;2015;130400.55
Arab States;ILO - Modelled Estimates;Output per worker (GDP constant 2021 international $ at PPP) -- ILO modelled estimates, Nov. 2024;2023;74799.76
Arab States;ILO - Modelled Estimates;Output per worker (GDP constant 2021 international $ at PPP) -- ILO modelled estimates, Nov. 2024;2022;78457.61
Arab States;ILO - Modelled Estimates;Output per worker (GDP constant 2021 international $ at PPP) -- ILO modelled estimates, Nov. 2024;2021;78208.92
Arab States;ILO - Modelled Estimates;Output per worker (GDP constant 2021 international $ at PPP) -- ILO modelled estimates, Nov. 2024;2020;77763.93
Arab States;ILO - Modelled Estimates;Output per worker (GDP constant 2021 international $ at PPP) -- ILO modelled estimates, Nov. 2024;2019;81218.32
Arab States;ILO - Modelled Estimates;Output per worker (GDP constant 2021 international $ at PPP) -- ILO modelled estimates, Nov. 2024;2018;82069.52
Arab States;ILO - Modelled Estimates;Output per worker (GDP constant 2021 international $ at PPP) -- ILO modelled estimates, Nov. 2024;2017;81346.22
Arab States;ILO - Modelled Estimates;Output per worker (GDP constant 2021 international $ at PPP) -- ILO modelled estimates, Nov. 2024;2016;81544.46
Arab States;ILO - Modelled Estimates;Output per worker (GDP constant 2021 international $ at PPP) -- ILO modelled estimates, Nov. 2024;2015;81479.26
Arab States: Lower-middle income;ILO - Modelled Estimates;Output per worker (GDP constant 2021 international $ at PPP) -- ILO modelled estimates, Nov. 2024;2023;37832.63
Arab States: Lower-middle income;ILO - Modelled Estimates;Output per worker (GDP constant 2021 international $ at PPP) -- ILO modelled estimates, Nov. 2024;2022;38111.04
Arab States: Lower-middle income;ILO - Modelled Estimates;Output per worker (GDP constant 2021 international $ at PPP) -- ILO modelled estimates, Nov. 2024;2021;39283.07
Arab States: Lower-middle income;ILO - Modelled Estimates;Output per worker (GDP constant 2021 international $ at PPP) -- ILO modelled estimates, Nov. 2024;2020;39883.7
Arab States: Lower-middle income;ILO - Modelled Estimates;Output per worker (GDP constant 2021 international $ at PPP) -- ILO modelled estimates, Nov. 2024;2019;42759.75
Arab States: Lower-middle income;ILO - Modelled Estimates;Output per worker (GDP constant 2021 international $ at PPP) -- ILO modelled estimates, Nov. 2024;2018;44461.45
Arab States: Lower-middle income;ILO - Modelled Estimates;Output per worker (GDP constant 2021 international $ at PPP) -- ILO modelled estimates, Nov. 2024;2017;43891.95
Arab States: Lower-middle income;ILO - Modelled Estimates;Output per worker (GDP constant 2021 international $ at PPP) -- ILO modelled estimates, Nov. 2024;2016;43252.96
Arab States: Lower-middle income;ILO - Modelled Estimates;Output per worker (GDP constant 2021 international $ at PPP) -- ILO modelled estimates, Nov. 2024;2015;42842.26
Arab States: High income;ILO - Modelled Estimates;Output per worker (GDP constant 2021 international $ at PPP) -- ILO modelled estimates, Nov. 2024;2023;109478.17
Arab States: High income;ILO - Modelled Estimates;Output per worker (GDP constant 2021 international $ at PPP) -- ILO modelled estimates, Nov. 2024;2022;115298.47
Arab States: High income;ILO - Modelled Estimates;Output per worker (GDP constant 2021 international $ at PPP) -- ILO modelled estimates, Nov. 2024;2021;114077.13
Arab States: High income;ILO - Modelled Estimates;Output per worker (GDP constant 2021 international $ at PPP) -- ILO modelled estimates, Nov. 2024;2020;112722.94
Arab States: High income;ILO - Modelled Estimates;Output per worker (GDP constant 2021 international $ at PPP) -- ILO modelled estimates, Nov. 2024;2019;115736.03
Arab States: High income;ILO - Modelled Estimates;Output per worker (GDP constant 2021 international $ at PPP) -- ILO modelled estimates, Nov. 2024;2018;116813.64
Arab States: High income;ILO - Modelled Estimates;Output per worker (GDP constant 2021 international $ at PPP) -- ILO modelled estimates, Nov. 2024;2017;114529.15
Arab States: High income;ILO - Modelled Estimates;Output per worker (GDP constant 2021 international $ at PPP) -- ILO modelled estimates, Nov. 2024;2016;114282.22
Arab States: High income;ILO - Modelled Estimates;Output per worker (GDP constant 2021 international $ at PPP) -- ILO modelled estimates, Nov. 2024;2015;116434.51
Asia and the Pacific;ILO - Modelled Estimates;Output per worker (GDP constant 2021 international $ at PPP) -- ILO modelled estimates, Nov. 2024;2023;35957.26
Asia and the Pacific;ILO - Modelled Estimates;Output per worker (GDP constant 2021 international $ at PPP) -- ILO modelled estimates, Nov. 2024;2022;34949.4
Asia and the Pacific;ILO - Modelled Estimates;Output per worker (GDP constant 2021 international $ at PPP) -- ILO modelled estimates, Nov. 2024;2021;34185.17
Asia and the Pacific;ILO - Modelled Estimates;Output per worker (GDP constant 2021 international $ at PPP) -- ILO modelled estimates, Nov. 2024;2020;32871.93
Asia and the Pacific;ILO - Modelled Estimates;Output per worker (GDP constant 2021 international $ at PPP) -- ILO modelled estimates, Nov. 2024;2019;32738.04
Asia and the Pacific;ILO - Modelled Estimates;Output per worker (GDP constant 2021 international $ at PPP) -- ILO modelled estimates, Nov. 2024;2018;31771.17
Asia and the Pacific;ILO - Modelled Estimates;Output per worker (GDP constant 2021 international $ at PPP) -- ILO modelled estimates, Nov. 2024;2017;30452.75
Asia and the Pacific;ILO - Modelled Estimates;Output per worker (GDP constant 2021 international $ at PPP) -- ILO modelled estimates, Nov. 2024;2016;29091.32
Asia and the Pacific;ILO - Modelled Estimates;Output per worker (GDP constant 2021 international $ at PPP) -- ILO modelled estimates, Nov. 2024;2015;27759.51
Asia and the Pacific: Low income;ILO - Modelled Estimates;Output per worker (GDP constant 2021 international $ at PPP) -- ILO modelled estimates, Nov. 2024;2023;5296.34
Asia and the Pacific: Low income;ILO - Modelled Estimates;Output per worker (GDP constant 2021 international $ at PPP) -- ILO modelled estimates, Nov. 2024;2022;5226.36
Asia and the Pacific: Low income;ILO - Modelled Estimates;Output per worker (GDP constant 2021 international $ at PPP) -- ILO modelled estimates, Nov. 2024;2021;5400.73
Asia and the Pacific: Low income;ILO - Modelled Estimates;Output per worker (GDP constant 2021 international $ at PPP) -- ILO modelled estimates, Nov. 2024;2020;6347.14
Asia and the Pacific: Low income;ILO - Modelled Estimates;Output per worker (GDP constant 2021 international $ at PPP) -- ILO modelled estimates, Nov. 2024;2019;6445.98
Asia and the Pacific: Low income;ILO - Modelled Estimates;Output per worker (GDP constant 2021 international $ at PPP) -- ILO modelled estimates, Nov. 2024;2018;6289.14
Asia and the Pacific: Low income;ILO - Modelled Estimates;Output per worker (GDP constant 2021 international $ at PPP) -- ILO modelled estimates, Nov. 2024;2017;6359.15
Asia and the Pacific: Low income;ILO - Modelled Estimates;Output per worker (GDP constant 2021 international $ at PPP) -- ILO modelled estimates, Nov. 2024;2016;6417.82
Asia and the Pacific: Low income;ILO - Modelled Estimates;Output per worker (GDP constant 2021 international $ at PPP) -- ILO modelled estimates, Nov. 2024;2015;6318.29
Asia and the Pacific: Lower-middle income;ILO - Modelled Estimates;Output per worker (GDP constant 2021 international $ at PPP) -- ILO modelled estimates, Nov. 2024;2023;22115.87
Asia and the Pacific: Lower-middle income;ILO - Modelled Estimates;Output per worker (GDP constant 2021 international $ at PPP) -- ILO modelled estimates, Nov. 2024;2022;21418.54
Asia and the Pacific: Lower-middle income;ILO - Modelled Estimates;Output per worker (GDP constant 2021 international $ at PPP) -- ILO modelled estimates, Nov. 2024;2021;21062.01
Asia and the Pacific: Lower-middle income;ILO - Modelled Estimates;Output per worker (GDP constant 2021 international $ at PPP) -- ILO modelled estimates, Nov. 2024;2020;20278.87
Asia and the Pacific: Lower-middle income;ILO - Modelled Estimates;Output per worker (GDP constant 2021 international $ at PPP) -- ILO modelled estimates, Nov. 2024;2019;20970.56
Asia and the Pacific: Lower-middle income;ILO - Modelled Estimates;Output per worker (GDP constant 2021 international $ at PPP) -- ILO modelled estimates, Nov. 2024;2018;20522.97
Asia and the Pacific: Lower-middle income;ILO - Modelled Estimates;Output per worker (GDP constant 2021 international $ at PPP) -- ILO modelled estimates, Nov. 2024;2017;19563.63
Asia and the Pacific: Lower-middle income;ILO - Modelled Estimates;Output per worker (GDP constant 2021 international $ at PPP) -- ILO modelled estimates, Nov. 2024;2016;18616.52
Asia and the Pacific: Lower-middle income;ILO - Modelled Estimates;Output per worker (GDP constant 2021 international $ at PPP) -- ILO modelled estimates, Nov. 2024;2015;17561.97
Asia and the Pacific: Upper-middle income;ILO - Modelled Estimates;Output per worker (GDP constant 2021 international $ at PPP) -- ILO modelled estimates, Nov. 2024;2023;40679.98
Asia and the Pacific: Upper-middle income;ILO - Modelled Estimates;Output per worker (GDP constant 2021 international $ at PPP) -- ILO modelled estimates, Nov. 2024;2022;39082.44
Asia and the Pacific: Upper-middle income;ILO - Modelled Estimates;Output per worker (GDP constant 2021 international $ at PPP) -- ILO modelled estimates, Nov. 2024;2021;37455.44
Asia and the Pacific: Upper-middle income;ILO - Modelled Estimates;Output per worker (GDP constant 2021 international $ at PPP) -- ILO modelled estimates, Nov. 2024;2020;35592.75
Asia and the Pacific: Upper-middle income;ILO - Modelled Estimates;Output per worker (GDP constant 2021 international $ at PPP) -- ILO modelled estimates, Nov. 2024;2019;34545.45
Asia and the Pacific: Upper-middle income;ILO - Modelled Estimates;Output per worker (GDP constant 2021 international $ at PPP) -- ILO modelled estimates, Nov. 2024;2018;32868.93
Asia and the Pacific: Upper-middle income;ILO - Modelled Estimates;Output per worker (GDP constant 2021 international $ at PPP) -- ILO modelled estimates, Nov. 2024;2017;31098.19
Asia and the Pacific: Upper-middle income;ILO - Modelled Estimates;Output per worker (GDP constant 2021 international $ at PPP) -- ILO modelled estimates, Nov. 2024;2016;29328.4
Asia and the Pacific: Upper-middle income;ILO - Modelled Estimates;Output per worker (GDP constant 2021 international $ at PPP) -- ILO modelled estimates, Nov. 2024;2015;27616.59
Asia and the Pacific: High income;ILO - Modelled Estimates;Output per worker (GDP constant 2021 international $ at PPP) -- ILO modelled estimates, Nov. 2024;2023;98557.48
Asia and the Pacific: High income;ILO - Modelled Estimates;Output per worker (GDP constant 2021 international $ at PPP) -- ILO modelled estimates, Nov. 2024;2022;97453.79
Asia and the Pacific: High income;ILO - Modelled Estimates;Output per worker (GDP constant 2021 international $ at PPP) -- ILO modelled estimates, Nov. 2024;2021;97027.24
Asia and the Pacific: High income;ILO - Modelled Estimates;Output per worker (GDP constant 2021 international $ at PPP) -- ILO modelled estimates, Nov. 2024;2020;93977.96
Asia and the Pacific: High income;ILO - Modelled Estimates;Output per worker (GDP constant 2021 international $ at PPP) -- ILO modelled estimates, Nov. 2024;2019;95634.1
Asia and the Pacific: High income;ILO - Modelled Estimates;Output per worker (GDP constant 2021 international $ at PPP) -- ILO modelled estimates, Nov. 2024;2018;95837.07
Asia and the Pacific: High income;ILO - Modelled Estimates;Output per worker (GDP constant 2021 international $ at PPP) -- ILO modelled estimates, Nov. 2024;2017;95512.36
Asia and the Pacific: High income;ILO - Modelled Estimates;Output per worker (GDP constant 2021 international $ at PPP) -- ILO modelled estimates, Nov. 2024;2016;94343.85
Asia and the Pacific: High income;ILO - Modelled Estimates;Output per worker (GDP constant 2021 international $ at PPP) -- ILO modelled estimates, Nov. 2024;2015;93767.58
Eastern Asia;ILO - Modelled Estimates;Output per worker (GDP constant 2021 international $ at PPP) -- ILO modelled estimates, Nov. 2024;2023;47741.08
Eastern Asia;ILO - Modelled Estimates;Output per worker (GDP constant 2021 international $ at PPP) -- ILO modelled estimates, Nov. 2024;2022;46090.44
Eastern Asia;ILO - Modelled Estimates;Output per worker (GDP constant 2021 international $ at PPP) -- ILO modelled estimates, Nov. 2024;2021;44284.57
Eastern Asia;ILO - Modelled Estimates;Output per worker (GDP constant 2021 international $ at PPP) -- ILO modelled estimates, Nov. 2024;2020;42272.3
Eastern Asia;ILO - Modelled Estimates;Output per worker (GDP constant 2021 international $ at PPP) -- ILO modelled estimates, Nov. 2024;2019;41146.45
Eastern Asia;ILO - Modelled Estimates;Output per worker (GDP constant 2021 international $ at PPP) -- ILO modelled estimates, Nov. 2024;2018;39322.32
Eastern Asia;ILO - Modelled Estimates;Output per worker (GDP constant 2021 international $ at PPP) -- ILO modelled estimates, Nov. 2024;2017;37411.27
Eastern Asia;ILO - Modelled Estimates;Output per worker (GDP constant 2021 international $ at PPP) -- ILO modelled estimates, Nov. 2024;2016;35462.12
Eastern Asia;ILO - Modelled Estimates;Output per worker (GDP constant 2021 international $ at PPP) -- ILO modelled estimates, Nov. 2024;2015;33795.59
Eastern Asia: Upper-middle income;ILO - Modelled Estimates;Output per worker (GDP constant 2021 international $ at PPP) -- ILO modelled estimates, Nov. 2024;2023;41939.36
Eastern Asia: Upper-middle income;ILO - Modelled Estimates;Output per worker (GDP constant 2021 international $ at PPP) -- ILO modelled estimates, Nov. 2024;2022;40178.25
Eastern Asia: Upper-middle income;ILO - Modelled Estimates;Output per worker (GDP constant 2021 international $ at PPP) -- ILO modelled estimates, Nov. 2024;2021;38275.14
Eastern Asia: Upper-middle income;ILO - Modelled Estimates;Output per worker (GDP constant 2021 international $ at PPP) -- ILO modelled estimates, Nov. 2024;2020;36243.08
Eastern Asia: Upper-middle income;ILO - Modelled Estimates;Output per worker (GDP constant 2021 international $ at PPP) -- ILO modelled estimates, Nov. 2024;2019;34722.42
Eastern Asia: Upper-middle income;ILO - Modelled Estimates;Output per worker (GDP constant 2021 international $ at PPP) -- ILO modelled estimates, Nov. 2024;2018;32637.62
Eastern Asia: Upper-middle income;ILO - Modelled Estimates;Output per worker (GDP constant 2021 international $ at PPP) -- ILO modelled estimates, Nov. 2024;2017;30536.57
Eastern Asia: Upper-middle income;ILO - Modelled Estimates;Output per worker (GDP constant 2021 international $ at PPP) -- ILO modelled estimates, Nov. 2024;2016;28512.95
Eastern Asia: Upper-middle income;ILO - Modelled Estimates;Output per worker (GDP constant 2021 international $ at PPP) -- ILO modelled estimates, Nov. 2024;2015;26704.93
Eastern Asia: High income;ILO - Modelled Estimates;Output per worker (GDP constant 2021 international $ at PPP) -- ILO modelled estimates, Nov. 2024;2023;93256.22
Eastern Asia: High income;ILO - Modelled Estimates;Output per worker (GDP constant 2021 international $ at PPP) -- ILO modelled estimates, Nov. 2024;2022;92005.65
Eastern Asia: High income;ILO - Modelled Estimates;Output per worker (GDP constant 2021 international $ at PPP) -- ILO modelled estimates, Nov. 2024;2021;91717.56
Eastern Asia: High income;ILO - Modelled Estimates;Output per worker (GDP constant 2021 international $ at PPP) -- ILO modelled estimates, Nov. 2024;2020;88541.17
Eastern Asia: High income;ILO - Modelled Estimates;Output per worker (GDP constant 2021 international $ at PPP) -- ILO modelled estimates, Nov. 2024;2019;90454.53
Eastern Asia: High income;ILO - Modelled Estimates;Output per worker (GDP constant 2021 international $ at PPP) -- ILO modelled estimates, Nov. 2024;2018;90737.57
Eastern Asia: High income;ILO - Modelled Estimates;Output per worker (GDP constant 2021 international $ at PPP) -- ILO modelled estimates, Nov. 2024;2017;90564.15
Eastern Asia: High income;ILO - Modelled Estimates;Output per worker (GDP constant 2021 international $ at PPP) -- ILO modelled estimates, Nov. 2024;2016;89432.98
Eastern Asia: High income;ILO - Modelled Estimates;Output per worker (GDP constant 2021 international $ at PPP) -- ILO modelled estimates, Nov. 2024;2015;89023.54
South-Eastern Asia and the Pacific;ILO - Modelled Estimates;Output per worker (GDP constant 2021 international $ at PPP) -- ILO modelled estimates, Nov. 2024;2023;33858.32
South-Eastern Asia and the Pacific;ILO - Modelled Estimates;Output per worker (GDP constant 2021 international $ at PPP) -- ILO modelled estimates, Nov. 2024;2022;33056.82
South-Eastern Asia and the Pacific;ILO - Modelled Estimates;Output per worker (GDP constant 2021 international $ at PPP) -- ILO modelled estimates, Nov. 2024;2021;32681.68
South-Eastern Asia and the Pacific;ILO - Modelled Estimates;Output per worker (GDP constant 2021 international $ at PPP) -- ILO modelled estimates, Nov. 2024;2020;31654.33
South-Eastern Asia and the Pacific;ILO - Modelled Estimates;Output per worker (GDP constant 2021 international $ at PPP) -- ILO modelled estimates, Nov. 2024;2019;32231.44
South-Eastern Asia and the Pacific;ILO - Modelled Estimates;Output per worker (GDP constant 2021 international $ at PPP) -- ILO modelled estimates, Nov. 2024;2018;31398.55
South-Eastern Asia and the Pacific;ILO - Modelled Estimates;Output per worker (GDP constant 2021 international $ at PPP) -- ILO modelled estimates, Nov. 2024;2017;30554.01
South-Eastern Asia and the Pacific;ILO - Modelled Estimates;Output per worker (GDP constant 2021 international $ at PPP) -- ILO modelled estimates, Nov. 2024;2016;29427.34
South-Eastern Asia and the Pacific;ILO - Modelled Estimates;Output per worker (GDP constant 2021 international $ at PPP) -- ILO modelled estimates, Nov. 2024;2015;28418.25
South-Eastern Asia and the Pacific: Lower-middle income;ILO - Modelled Estimates;Output per worker (GDP constant 2021 international $ at PPP) -- ILO modelled estimates, Nov. 2024;2023;20508.98
South-Eastern Asia and the Pacific: Lower-middle income;ILO - Modelled Estimates;Output per worker (GDP constant 2021 international $ at PPP) -- ILO modelled estimates, Nov. 2024;2022;19801.93
South-Eastern Asia and the Pacific: Lower-middle income;ILO - Modelled Estimates;Output per worker (GDP constant 2021 international $ at PPP) -- ILO modelled estimates, Nov. 2024;2021;19683.12
South-Eastern Asia and the Pacific: Lower-middle income;ILO - Modelled Estimates;Output per worker (GDP constant 2021 international $ at PPP) -- ILO modelled estimates, Nov. 2024;2020;19234.47
South-Eastern Asia and the Pacific: Lower-middle income;ILO - Modelled Estimates;Output per worker (GDP constant 2021 international $ at PPP) -- ILO modelled estimates, Nov. 2024;2019;19418.26
South-Eastern Asia and the Pacific: Lower-middle income;ILO - Modelled Estimates;Output per worker (GDP constant 2021 international $ at PPP) -- ILO modelled estimates, Nov. 2024;2018;18323.24
South-Eastern Asia and the Pacific: Lower-middle income;ILO - Modelled Estimates;Output per worker (GDP constant 2021 international $ at PPP) -- ILO modelled estimates, Nov. 2024;2017;17543.94
South-Eastern Asia and the Pacific: Lower-middle income;ILO - Modelled Estimates;Output per worker (GDP constant 2021 international $ at PPP) -- ILO modelled estimates, Nov. 2024;2016;16423.31
South-Eastern Asia and the Pacific: Lower-middle income;ILO - Modelled Estimates;Output per worker (GDP constant 2021 international $ at PPP) -- ILO modelled estimates, Nov. 2024;2015;15581.93
South-Eastern Asia and the Pacific: Upper-middle income;ILO - Modelled Estimates;Output per worker (GDP constant 2021 international $ at PPP) -- ILO modelled estimates, Nov. 2024;2023;33831.37
South-Eastern Asia and the Pacific: Upper-middle income;ILO - Modelled Estimates;Output per worker (GDP constant 2021 international $ at PPP) -- ILO modelled estimates, Nov. 2024;2022;32900.23
South-Eastern Asia and the Pacific: Upper-middle income;ILO - Modelled Estimates;Output per worker (GDP constant 2021 international $ at PPP) -- ILO modelled estimates, Nov. 2024;2021;32124.41
South-Eastern Asia and the Pacific: Upper-middle income;ILO - Modelled Estimates;Output per worker (GDP constant 2021 international $ at PPP) -- ILO modelled estimates, Nov. 2024;2020;31064.82
South-Eastern Asia and the Pacific: Upper-middle income;ILO - Modelled Estimates;Output per worker (GDP constant 2021 international $ at PPP) -- ILO modelled estimates, Nov. 2024;2019;32115.19
South-Eastern Asia and the Pacific: Upper-middle income;ILO - Modelled Estimates;Output per worker (GDP constant 2021 international $ at PPP) -- ILO modelled estimates, Nov. 2024;2018;31511.12
South-Eastern Asia and the Pacific: Upper-middle income;ILO - Modelled Estimates;Output per worker (GDP constant 2021 international $ at PPP) -- ILO modelled estimates, Nov. 2024;2017;30641.74
South-Eastern Asia and the Pacific: Upper-middle income;ILO - Modelled Estimates;Output per worker (GDP constant 2021 international $ at PPP) -- ILO modelled estimates, Nov. 2024;2016;29719.4
South-Eastern Asia and the Pacific: Upper-middle income;ILO - Modelled Estimates;Output per worker (GDP constant 2021 international $ at PPP) -- ILO modelled estimates, Nov. 2024;2015;28669.31
South-Eastern Asia and the Pacific: High income;ILO - Modelled Estimates;Output per worker (GDP constant 2021 international $ at PPP) -- ILO modelled estimates, Nov. 2024;2023;127101.14
South-Eastern Asia and the Pacific: High income;ILO - Modelled Estimates;Output per worker (GDP constant 2021 international $ at PPP) -- ILO modelled estimates, Nov. 2024;2022;127073.54
South-Eastern Asia and the Pacific: High income;ILO - Modelled Estimates;Output per worker (GDP constant 2021 international $ at PPP) -- ILO modelled estimates, Nov. 2024;2021;126485.42
South-Eastern Asia and the Pacific: High income;ILO - Modelled Estimates;Output per worker (GDP constant 2021 international $ at PPP) -- ILO modelled estimates, Nov. 2024;2020;125009.02
South-Eastern Asia and the Pacific: High income;ILO - Modelled Estimates;Output per worker (GDP constant 2021 international $ at PPP) -- ILO modelled estimates, Nov. 2024;2019;125023.07
South-Eastern Asia and the Pacific: High income;ILO - Modelled Estimates;Output per worker (GDP constant 2021 international $ at PPP) -- ILO modelled estimates, Nov. 2024;2018;125093.19
South-Eastern Asia and the Pacific: High income;ILO - Modelled Estimates;Output per worker (GDP constant 2021 international $ at PPP) -- ILO modelled estimates, Nov. 2024;2017;124152.84
South-Eastern Asia and the Pacific: High income;ILO - Modelled Estimates;Output per worker (GDP constant 2021 international $ at PPP) -- ILO modelled estimates, Nov. 2024;2016;123042.83
South-Eastern Asia and the Pacific: High income;ILO - Modelled Estimates;Output per worker (GDP constant 2021 international $ at PPP) -- ILO modelled estimates, Nov. 2024;2015;121723.67
South-Eastern Asia;ILO - Modelled Estimates;Output per worker (GDP constant 2021 international $ at PPP) -- ILO modelled estimates, Nov. 2024;2023;30370.74
South-Eastern Asia;ILO - Modelled Estimates;Output per worker (GDP constant 2021 international $ at PPP) -- ILO modelled estimates, Nov. 2024;2022;29544.56
South-Eastern Asia;ILO - Modelled Estimates;Output per worker (GDP constant 2021 international $ at PPP) -- ILO modelled estimates, Nov. 2024;2021;29143.73
South-Eastern Asia;ILO - Modelled Estimates;Output per worker (GDP constant 2021 international $ at PPP) -- ILO modelled estimates, Nov. 2024;2020;28122.19
South-Eastern Asia;ILO - Modelled Estimates;Output per worker (GDP constant 2021 international $ at PPP) -- ILO modelled estimates, Nov. 2024;2019;28763.56
South-Eastern Asia;ILO - Modelled Estimates;Output per worker (GDP constant 2021 international $ at PPP) -- ILO modelled estimates, Nov. 2024;2018;27902.73
South-Eastern Asia;ILO - Modelled Estimates;Output per worker (GDP constant 2021 international $ at PPP) -- ILO modelled estimates, Nov. 2024;2017;27040.32
South-Eastern Asia;ILO - Modelled Estimates;Output per worker (GDP constant 2021 international $ at PPP) -- ILO modelled estimates, Nov. 2024;2016;25897.71
South-Eastern Asia;ILO - Modelled Estimates;Output per worker (GDP constant 2021 international $ at PPP) -- ILO modelled estimates, Nov. 2024;2015;24905.74
Pacific Islands;ILO - Modelled Estimates;Output per worker (GDP constant 2021 international $ at PPP) -- ILO modelled estimates, Nov. 2024;2023;88519.04
Pacific Islands;ILO - Modelled Estimates;Output per worker (GDP constant 2021 international $ at PPP) -- ILO modelled estimates, Nov. 2024;2022;88285.07
Pacific Islands;ILO - Modelled Estimates;Output per worker (GDP constant 2021 international $ at PPP) -- ILO modelled estimates, Nov. 2024;2021;88039.06
Pacific Islands;ILO - Modelled Estimates;Output per worker (GDP constant 2021 international $ at PPP) -- ILO modelled estimates, Nov. 2024;2020;89049.4
Pacific Islands;ILO - Modelled Estimates;Output per worker (GDP constant 2021 international $ at PPP) -- ILO modelled estimates, Nov. 2024;2019;89057.55
Pacific Islands;ILO - Modelled Estimates;Output per worker (GDP constant 2021 international $ at PPP) -- ILO modelled estimates, Nov. 2024;2018;89066.75
Pacific Islands;ILO - Modelled Estimates;Output per worker (GDP constant 2021 international $ at PPP) -- ILO modelled estimates, Nov. 2024;2017;88899.25
Pacific Islands;ILO - Modelled Estimates;Output per worker (GDP constant 2021 international $ at PPP) -- ILO modelled estimates, Nov. 2024;2016;89018.23
Pacific Islands;ILO - Modelled Estimates;Output per worker (GDP constant 2021 international $ at PPP) -- ILO modelled estimates, Nov. 2024;2015;88528.2
Southern Asia;ILO - Modelled Estimates;Output per worker (GDP constant 2021 international $ at PPP) -- ILO modelled estimates, Nov. 2024;2023;23455.99
Southern Asia;ILO - Modelled Estimates;Output per worker (GDP constant 2021 international $ at PPP) -- ILO modelled estimates, Nov. 2024;2022;22754.96
Southern Asia;ILO - Modelled Estimates;Output per worker (GDP constant 2021 international $ at PPP) -- ILO modelled estimates, Nov. 2024;2021;22332.69
Southern Asia;ILO - Modelled Estimates;Output per worker (GDP constant 2021 international $ at PPP) -- ILO modelled estimates, Nov. 2024;2020;21529.68
Southern Asia;ILO - Modelled Estimates;Output per worker (GDP constant 2021 international $ at PPP) -- ILO modelled estimates, Nov. 2024;2019;22197.48
Southern Asia;ILO - Modelled Estimates;Output per worker (GDP constant 2021 international $ at PPP) -- ILO modelled estimates, Nov. 2024;2018;22001.97
Southern Asia;ILO - Modelled Estimates;Output per worker (GDP constant 2021 international $ at PPP) -- ILO modelled estimates, Nov. 2024;2017;21109.49
Southern Asia;ILO - Modelled Estimates;Output per worker (GDP constant 2021 international $ at PPP) -- ILO modelled estimates, Nov. 2024;2016;20254.74
Southern Asia;ILO - Modelled Estimates;Output per worker (GDP constant 2021 international $ at PPP) -- ILO modelled estimates, Nov. 2024;2015;19088.04
Southern Asia: Lower-middle income;ILO - Modelled Estimates;Output per worker (GDP constant 2021 international $ at PPP) -- ILO modelled estimates, Nov. 2024;2023;22434.38
Southern Asia: Lower-middle income;ILO - Modelled Estimates;Output per worker (GDP constant 2021 international $ at PPP) -- ILO modelled estimates, Nov. 2024;2022;21746.42
Southern Asia: Lower-middle income;ILO - Modelled Estimates;Output per worker (GDP constant 2021 international $ at PPP) -- ILO modelled estimates, Nov. 2024;2021;21338.67
Southern Asia: Lower-middle income;ILO - Modelled Estimates;Output per worker (GDP constant 2021 international $ at PPP) -- ILO modelled estimates, Nov. 2024;2020;20499.15
Southern Asia: Lower-middle income;ILO - Modelled Estimates;Output per worker (GDP constant 2021 international $ at PPP) -- ILO modelled estimates, Nov. 2024;2019;21304.52
Southern Asia: Lower-middle income;ILO - Modelled Estimates;Output per worker (GDP constant 2021 international $ at PPP) -- ILO modelled estimates, Nov. 2024;2018;21004.86
Southern Asia: Lower-middle income;ILO - Modelled Estimates;Output per worker (GDP constant 2021 international $ at PPP) -- ILO modelled estimates, Nov. 2024;2017;20002.48
Southern Asia: Lower-middle income;ILO - Modelled Estimates;Output per worker (GDP constant 2021 international $ at PPP) -- ILO modelled estimates, Nov. 2024;2016;19101.89
Southern Asia: Lower-middle income;ILO - Modelled Estimates;Output per worker (GDP constant 2021 international $ at PPP) -- ILO modelled estimates, Nov. 2024;2015;18001.74
Southern Asia: Upper-middle income;ILO - Modelled Estimates;Output per worker (GDP constant 2021 international $ at PPP) -- ILO modelled estimates, Nov. 2024;2023;55819.62
Southern Asia: Upper-middle income;ILO - Modelled Estimates;Output per worker (GDP constant 2021 international $ at PPP) -- ILO modelled estimates, Nov. 2024;2022;53834.42
Southern Asia: Upper-middle income;ILO - Modelled Estimates;Output per worker (GDP constant 2021 international $ at PPP) -- ILO modelled estimates, Nov. 2024;2021;52399.64
Southern Asia: Upper-middle income;ILO - Modelled Estimates;Output per worker (GDP constant 2021 international $ at PPP) -- ILO modelled estimates, Nov. 2024;2020;50378.46
Southern Asia: Upper-middle income;ILO - Modelled Estimates;Output per worker (GDP constant 2021 international $ at PPP) -- ILO modelled estimates, Nov. 2024;2019;46947.59
Southern Asia: Upper-middle income;ILO - Modelled Estimates;Output per worker (GDP constant 2021 international $ at PPP) -- ILO modelled estimates, Nov. 2024;2018;49374.46
Southern Asia: Upper-middle income;ILO - Modelled Estimates;Output per worker (GDP constant 2021 international $ at PPP) -- ILO modelled estimates, Nov. 2024;2017;51084.33
Southern Asia: Upper-middle income;ILO - Modelled Estimates;Output per worker (GDP constant 2021 international $ at PPP) -- ILO modelled estimates, Nov. 2024;2016;51821.59
Southern Asia: Upper-middle income;ILO - Modelled Estimates;Output per worker (GDP constant 2021 international $ at PPP) -- ILO modelled estimates, Nov. 2024;2015;48817.52
Europe and Central Asia;ILO - Modelled Estimates;Output per worker (GDP constant 2021 international $ at PPP) -- ILO modelled estimates, Nov. 2024;2023;96803.59
Europe and Central Asia;ILO - Modelled Estimates;Output per worker (GDP constant 2021 international $ at PPP) -- ILO modelled estimates, Nov. 2024;2022;95953.92
Europe and Central Asia;ILO - Modelled Estimates;Output per worker (GDP constant 2021 international $ at PPP) -- ILO modelled estimates, Nov. 2024;2021;95214.36
Europe and Central Asia;ILO - Modelled Estimates;Output per worker (GDP constant 2021 international $ at PPP) -- ILO modelled estimates, Nov. 2024;2020;90503.35
Europe and Central Asia;ILO - Modelled Estimates;Output per worker (GDP constant 2021 international $ at PPP) -- ILO modelled estimates, Nov. 2024;2019;93480.85
Europe and Central Asia;ILO - Modelled Estimates;Output per worker (GDP constant 2021 international $ at PPP) -- ILO modelled estimates, Nov. 2024;2018;92039.8
Europe and Central Asia;ILO - Modelled Estimates;Output per worker (GDP constant 2021 international $ at PPP) -- ILO modelled estimates, Nov. 2024;2017;90894.12
Europe and Central Asia;ILO - Modelled Estimates;Output per worker (GDP constant 2021 international $ at PPP) -- ILO modelled estimates, Nov. 2024;2016;89228.35
Europe and Central Asia;ILO - Modelled Estimates;Output per worker (GDP constant 2021 international $ at PPP) -- ILO modelled estimates, Nov. 2024;2015;88702.47
Europe and Central Asia: Lower-middle income;ILO - Modelled Estimates;Output per worker (GDP constant 2021 international $ at PPP) -- ILO modelled estimates, Nov. 2024;2023;22213.54
Europe and Central Asia: Lower-middle income;ILO - Modelled Estimates;Output per worker (GDP constant 2021 international $ at PPP) -- ILO modelled estimates, Nov. 2024;2022;21216.12
Europe and Central Asia: Lower-middle income;ILO - Modelled Estimates;Output per worker (GDP constant 2021 international $ at PPP) -- ILO modelled estimates, Nov. 2024;2021;20416.27
Europe and Central Asia: Lower-middle income;ILO - Modelled Estimates;Output per worker (GDP constant 2021 international $ at PPP) -- ILO modelled estimates, Nov. 2024;2020;19499.58
Europe and Central Asia: Lower-middle income;ILO - Modelled Estimates;Output per worker (GDP constant 2021 international $ at PPP) -- ILO modelled estimates, Nov. 2024;2019;19256.65
Europe and Central Asia: Lower-middle income;ILO - Modelled Estimates;Output per worker (GDP constant 2021 international $ at PPP) -- ILO modelled estimates, Nov. 2024;2018;18444.45
Europe and Central Asia: Lower-middle income;ILO - Modelled Estimates;Output per worker (GDP constant 2021 international $ at PPP) -- ILO modelled estimates, Nov. 2024;2017;17745.18
Europe and Central Asia: Lower-middle income;ILO - Modelled Estimates;Output per worker (GDP constant 2021 international $ at PPP) -- ILO modelled estimates, Nov. 2024;2016;17029.05
Europe and Central Asia: Lower-middle income;ILO - Modelled Estimates;Output per worker (GDP constant 2021 international $ at PPP) -- ILO modelled estimates, Nov. 2024;2015;16300.2
Europe and Central Asia: Upper-middle income;ILO - Modelled Estimates;Output per worker (GDP constant 2021 international $ at PPP) -- ILO modelled estimates, Nov. 2024;2023;66245.13
Europe and Central Asia: Upper-middle income;ILO - Modelled Estimates;Output per worker (GDP constant 2021 international $ at PPP) -- ILO modelled estimates, Nov. 2024;2022;63005.52
Europe and Central Asia: Upper-middle income;ILO - Modelled Estimates;Output per worker (GDP constant 2021 international $ at PPP) -- ILO modelled estimates, Nov. 2024;2021;63735.99
Europe and Central Asia: Upper-middle income;ILO - Modelled Estimates;Output per worker (GDP constant 2021 international $ at PPP) -- ILO modelled estimates, Nov. 2024;2020;60055.94
Europe and Central Asia: Upper-middle income;ILO - Modelled Estimates;Output per worker (GDP constant 2021 international $ at PPP) -- ILO modelled estimates, Nov. 2024;2019;58404.94
Europe and Central Asia: Upper-middle income;ILO - Modelled Estimates;Output per worker (GDP constant 2021 international $ at PPP) -- ILO modelled estimates, Nov. 2024;2018;56894.96
Europe and Central Asia: Upper-middle income;ILO - Modelled Estimates;Output per worker (GDP constant 2021 international $ at PPP) -- ILO modelled estimates, Nov. 2024;2017;55729.48
Europe and Central Asia: Upper-middle income;ILO - Modelled Estimates;Output per worker (GDP constant 2021 international $ at PPP) -- ILO modelled estimates, Nov. 2024;2016;53761.51
Europe and Central Asia: Upper-middle income;ILO - Modelled Estimates;Output per worker (GDP constant 2021 international $ at PPP) -- ILO modelled estimates, Nov. 2024;2015;53316.23
Europe and Central Asia: High income;ILO - Modelled Estimates;Output per worker (GDP constant 2021 international $ at PPP) -- ILO modelled estimates, Nov. 2024;2023;108604.71
Europe and Central Asia: High income;ILO - Modelled Estimates;Output per worker (GDP constant 2021 international $ at PPP) -- ILO modelled estimates, Nov. 2024;2022;108428.77
Europe and Central Asia: High income;ILO - Modelled Estimates;Output per worker (GDP constant 2021 international $ at PPP) -- ILO modelled estimates, Nov. 2024;2021;107392.02
Europe and Central Asia: High income;ILO - Modelled Estimates;Output per worker (GDP constant 2021 international $ at PPP) -- ILO modelled estimates, Nov. 2024;2020;102072.73
Europe and Central Asia: High income;ILO - Modelled Estimates;Output per worker (GDP constant 2021 international $ at PPP) -- ILO modelled estimates, Nov. 2024;2019;106502.61
Europe and Central Asia: High income;ILO - Modelled Estimates;Output per worker (GDP constant 2021 international $ at PPP) -- ILO modelled estimates, Nov. 2024;2018;105101.83
Europe and Central Asia: High income;ILO - Modelled Estimates;Output per worker (GDP constant 2021 international $ at PPP) -- ILO modelled estimates, Nov. 2024;2017;103895.2
Europe and Central Asia: High income;ILO - Modelled Estimates;Output per worker (GDP constant 2021 international $ at PPP) -- ILO modelled estimates, Nov. 2024;2016;102244.35
Europe and Central Asia: High income;ILO - Modelled Estimates;Output per worker (GDP constant 2021 international $ at PPP) -- ILO modelled estimates, Nov. 2024;2015;101678.39
Northern, Southern and Western Europe;ILO - Modelled Estimates;Output per worker (GDP constant 2021 international $ at PPP) -- ILO modelled estimates, Nov. 2024;2023;120213.85
Northern, Southern and Western Europe;ILO - Modelled Estimates;Output per worker (GDP constant 2021 international $ at PPP) -- ILO modelled estimates, Nov. 2024;2022;120711.41
Northern, Southern and Western Europe;ILO - Modelled Estimates;Output per worker (GDP constant 2021 international $ at PPP) -- ILO modelled estimates, Nov. 2024;2021;119266.52
Northern, Southern and Western Europe;ILO - Modelled Estimates;Output per worker (GDP constant 2021 international $ at PPP) -- ILO modelled estimates, Nov. 2024;2020;113148.28
Northern, Southern and Western Europe;ILO - Modelled Estimates;Output per worker (GDP constant 2021 international $ at PPP) -- ILO modelled estimates, Nov. 2024;2019;119349.59
Northern, Southern and Western Europe;ILO - Modelled Estimates;Output per worker (GDP constant 2021 international $ at PPP) -- ILO modelled estimates, Nov. 2024;2018;118869.79
Northern, Southern and Western Europe;ILO - Modelled Estimates;Output per worker (GDP constant 2021 international $ at PPP) -- ILO modelled estimates, Nov. 2024;2017;118466.87
Northern, Southern and Western Europe;ILO - Modelled Estimates;Output per worker (GDP constant 2021 international $ at PPP) -- ILO modelled estimates, Nov. 2024;2016;117170.2
Northern, Southern and Western Europe;ILO - Modelled Estimates;Output per worker (GDP constant 2021 international $ at PPP) -- ILO modelled estimates, Nov. 2024;2015;116720.65
Northern, Southern and Western Europe: Upper-middle income;ILO - Modelled Estimates;Output per worker (GDP constant 2021 international $ at PPP) -- ILO modelled estimates, Nov. 2024;2023;52040.81
Northern, Southern and Western Europe: Upper-middle income;ILO - Modelled Estimates;Output per worker (GDP constant 2021 international $ at PPP) -- ILO modelled estimates, Nov. 2024;2022;50935.6
Northern, Southern and Western Europe: Upper-middle income;ILO - Modelled Estimates;Output per worker (GDP constant 2021 international $ at PPP) -- ILO modelled estimates, Nov. 2024;2021;50607.51
Northern, Southern and Western Europe: Upper-middle income;ILO - Modelled Estimates;Output per worker (GDP constant 2021 international $ at PPP) -- ILO modelled estimates, Nov. 2024;2020;47930.67
Northern, Southern and Western Europe: Upper-middle income;ILO - Modelled Estimates;Output per worker (GDP constant 2021 international $ at PPP) -- ILO modelled estimates, Nov. 2024;2019;48229.84
Northern, Southern and Western Europe: Upper-middle income;ILO - Modelled Estimates;Output per worker (GDP constant 2021 international $ at PPP) -- ILO modelled estimates, Nov. 2024;2018;47597.6
Northern, Southern and Western Europe: Upper-middle income;ILO - Modelled Estimates;Output per worker (GDP constant 2021 international $ at PPP) -- ILO modelled estimates, Nov. 2024;2017;46419.01
Northern, Southern and Western Europe: Upper-middle income;ILO - Modelled Estimates;Output per worker (GDP constant 2021 international $ at PPP) -- ILO modelled estimates, Nov. 2024;2016;46607.07
Northern, Southern and Western Europe: Upper-middle income;ILO - Modelled Estimates;Output per worker (GDP constant 2021 international $ at PPP) -- ILO modelled estimates, Nov. 2024;2015;47042.71
Northern, Southern and Western Europe: High income;ILO - Modelled Estimates;Output per worker (GDP constant 2021 international $ at PPP) -- ILO modelled estimates, Nov. 2024;2023;122327.26
Northern, Southern and Western Europe: High income;ILO - Modelled Estimates;Output per worker (GDP constant 2021 international $ at PPP) -- ILO modelled estimates, Nov. 2024;2022;122889.06
Northern, Southern and Western Europe: High income;ILO - Modelled Estimates;Output per worker (GDP constant 2021 international $ at PPP) -- ILO modelled estimates, Nov. 2024;2021;121403.2
Northern, Southern and Western Europe: High income;ILO - Modelled Estimates;Output per worker (GDP constant 2021 international $ at PPP) -- ILO modelled estimates, Nov. 2024;2020;115156.32
Northern, Southern and Western Europe: High income;ILO - Modelled Estimates;Output per worker (GDP constant 2021 international $ at PPP) -- ILO modelled estimates, Nov. 2024;2019;121561.44
Northern, Southern and Western Europe: High income;ILO - Modelled Estimates;Output per worker (GDP constant 2021 international $ at PPP) -- ILO modelled estimates, Nov. 2024;2018;121061.72
Northern, Southern and Western Europe: High income;ILO - Modelled Estimates;Output per worker (GDP constant 2021 international $ at PPP) -- ILO modelled estimates, Nov. 2024;2017;120680.15
Northern, Southern and Western Europe: High income;ILO - Modelled Estimates;Output per worker (GDP constant 2021 international $ at PPP) -- ILO modelled estimates, Nov. 2024;2016;119305.06
Northern, Southern and Western Europe: High income;ILO - Modelled Estimates;Output per worker (GDP constant 2021 international $ at PPP) -- ILO modelled estimates, Nov. 2024;2015;118773.11
Northern Europe;ILO - Modelled Estimates;Output per worker (GDP constant 2021 international $ at PPP) -- ILO modelled estimates, Nov. 2024;2023;122113.73
Northern Europe;ILO - Modelled Estimates;Output per worker (GDP constant 2021 international $ at PPP) -- ILO modelled estimates, Nov. 2024;2022;123306.48
Northern Europe;ILO - Modelled Estimates;Output per worker (GDP constant 2021 international $ at PPP) -- ILO modelled estimates, Nov. 2024;2021;121335.39
Northern Europe;ILO - Modelled Estimates;Output per worker (GDP constant 2021 international $ at PPP) -- ILO modelled estimates, Nov. 2024;2020;112448.87
Northern Europe;ILO - Modelled Estimates;Output per worker (GDP constant 2021 international $ at PPP) -- ILO modelled estimates, Nov. 2024;2019;119023.18
Northern Europe;ILO - Modelled Estimates;Output per worker (GDP constant 2021 international $ at PPP) -- ILO modelled estimates, Nov. 2024;2018;118050.8
Northern Europe;ILO - Modelled Estimates;Output per worker (GDP constant 2021 international $ at PPP) -- ILO modelled estimates, Nov. 2024;2017;117407.32
Northern Europe;ILO - Modelled Estimates;Output per worker (GDP constant 2021 international $ at PPP) -- ILO modelled estimates, Nov. 2024;2016;115096.02
Northern Europe;ILO - Modelled Estimates;Output per worker (GDP constant 2021 international $ at PPP) -- ILO modelled estimates, Nov. 2024;2015;114582.83
Southern Europe;ILO - Modelled Estimates;Output per worker (GDP constant 2021 international $ at PPP) -- ILO modelled estimates, Nov. 2024;2023;107103.65
Southern Europe;ILO - Modelled Estimates;Output per worker (GDP constant 2021 international $ at PPP) -- ILO modelled estimates, Nov. 2024;2022;106735.76
Southern Europe;ILO - Modelled Estimates;Output per worker (GDP constant 2021 international $ at PPP) -- ILO modelled estimates, Nov. 2024;2021;104420.23
Southern Europe;ILO - Modelled Estimates;Output per worker (GDP constant 2021 international $ at PPP) -- ILO modelled estimates, Nov. 2024;2020;98378.58
Southern Europe;ILO - Modelled Estimates;Output per worker (GDP constant 2021 international $ at PPP) -- ILO modelled estimates, Nov. 2024;2019;106110.88
Southern Europe;ILO - Modelled Estimates;Output per worker (GDP constant 2021 international $ at PPP) -- ILO modelled estimates, Nov. 2024;2018;106210.59
Southern Europe;ILO - Modelled Estimates;Output per worker (GDP constant 2021 international $ at PPP) -- ILO modelled estimates, Nov. 2024;2017;106091.7
Southern Europe;ILO - Modelled Estimates;Output per worker (GDP constant 2021 international $ at PPP) -- ILO modelled estimates, Nov. 2024;2016;106029.93
Southern Europe;ILO - Modelled Estimates;Output per worker (GDP constant 2021 international $ at PPP) -- ILO modelled estimates, Nov. 2024;2015;106098.87
Western Europe;ILO - Modelled Estimates;Output per worker (GDP constant 2021 international $ at PPP) -- ILO modelled estimates, Nov. 2024;2023;127745.9
Western Europe;ILO - Modelled Estimates;Output per worker (GDP constant 2021 international $ at PPP) -- ILO modelled estimates, Nov. 2024;2022;128376.45
Western Europe;ILO - Modelled Estimates;Output per worker (GDP constant 2021 international $ at PPP) -- ILO modelled estimates, Nov. 2024;2021;127692.02
Western Europe;ILO - Modelled Estimates;Output per worker (GDP constant 2021 international $ at PPP) -- ILO modelled estimates, Nov. 2024;2020;123008.66
Western Europe;ILO - Modelled Estimates;Output per worker (GDP constant 2021 international $ at PPP) -- ILO modelled estimates, Nov. 2024;2019;128113.56
Western Europe;ILO - Modelled Estimates;Output per worker (GDP constant 2021 international $ at PPP) -- ILO modelled estimates, Nov. 2024;2018;127482.01
Western Europe;ILO - Modelled Estimates;Output per worker (GDP constant 2021 international $ at PPP) -- ILO modelled estimates, Nov. 2024;2017;126989.77
Western Europe;ILO - Modelled Estimates;Output per worker (GDP constant 2021 international $ at PPP) -- ILO modelled estimates, Nov. 2024;2016;125375.62
Western Europe;ILO - Modelled Estimates;Output per worker (GDP constant 2021 international $ at PPP) -- ILO modelled estimates, Nov. 2024;2015;124569.32
Eastern Europe;ILO - Modelled Estimates;Output per worker (GDP constant 2021 international $ at PPP) -- ILO modelled estimates, Nov. 2024;2023;76720.25
Eastern Europe;ILO - Modelled Estimates;Output per worker (GDP constant 2021 international $ at PPP) -- ILO modelled estimates, Nov. 2024;2022;74449.31
Eastern Europe;ILO - Modelled Estimates;Output per worker (GDP constant 2021 international $ at PPP) -- ILO modelled estimates, Nov. 2024;2021;75096.09
Eastern Europe;ILO - Modelled Estimates;Output per worker (GDP constant 2021 international $ at PPP) -- ILO modelled estimates, Nov. 2024;2020;71600.84
Eastern Europe;ILO - Modelled Estimates;Output per worker (GDP constant 2021 international $ at PPP) -- ILO modelled estimates, Nov. 2024;2019;72371.73
Eastern Europe;ILO - Modelled Estimates;Output per worker (GDP constant 2021 international $ at PPP) -- ILO modelled estimates, Nov. 2024;2018;70151.62
Eastern Europe;ILO - Modelled Estimates;Output per worker (GDP constant 2021 international $ at PPP) -- ILO modelled estimates, Nov. 2024;2017;67952.41
Eastern Europe;ILO - Modelled Estimates;Output per worker (GDP constant 2021 international $ at PPP) -- ILO modelled estimates, Nov. 2024;2016;66123.17
Eastern Europe;ILO - Modelled Estimates;Output per worker (GDP constant 2021 international $ at PPP) -- ILO modelled estimates, Nov. 2024;2015;65624.79
Eastern Europe: Upper-middle income;ILO - Modelled Estimates;Output per worker (GDP constant 2021 international $ at PPP) -- ILO modelled estimates, Nov. 2024;2023;39233.17
Eastern Europe: Upper-middle income;ILO - Modelled Estimates;Output per worker (GDP constant 2021 international $ at PPP) -- ILO modelled estimates, Nov. 2024;2022;35328.15
Eastern Europe: Upper-middle income;ILO - Modelled Estimates;Output per worker (GDP constant 2021 international $ at PPP) -- ILO modelled estimates, Nov. 2024;2021;41804.1
Eastern Europe: Upper-middle income;ILO - Modelled Estimates;Output per worker (GDP constant 2021 international $ at PPP) -- ILO modelled estimates, Nov. 2024;2020;39797.6
Eastern Europe: Upper-middle income;ILO - Modelled Estimates;Output per worker (GDP constant 2021 international $ at PPP) -- ILO modelled estimates, Nov. 2024;2019;39738.82
Eastern Europe: Upper-middle income;ILO - Modelled Estimates;Output per worker (GDP constant 2021 international $ at PPP) -- ILO modelled estimates, Nov. 2024;2018;38732.26
Eastern Europe: Upper-middle income;ILO - Modelled Estimates;Output per worker (GDP constant 2021 international $ at PPP) -- ILO modelled estimates, Nov. 2024;2017;37472.82
Eastern Europe: Upper-middle income;ILO - Modelled Estimates;Output per worker (GDP constant 2021 international $ at PPP) -- ILO modelled estimates, Nov. 2024;2016;36276.47
Eastern Europe: Upper-middle income;ILO - Modelled Estimates;Output per worker (GDP constant 2021 international $ at PPP) -- ILO modelled estimates, Nov. 2024;2015;35555.5
Eastern Europe: High income;ILO - Modelled Estimates;Output per worker (GDP constant 2021 international $ at PPP) -- ILO modelled estimates, Nov. 2024;2023;83846.8
Eastern Europe: High income;ILO - Modelled Estimates;Output per worker (GDP constant 2021 international $ at PPP) -- ILO modelled estimates, Nov. 2024;2022;82391.2
Eastern Europe: High income;ILO - Modelled Estimates;Output per worker (GDP constant 2021 international $ at PPP) -- ILO modelled estimates, Nov. 2024;2021;82488.39
Eastern Europe: High income;ILO - Modelled Estimates;Output per worker (GDP constant 2021 international $ at PPP) -- ILO modelled estimates, Nov. 2024;2020;78844.05
Eastern Europe: High income;ILO - Modelled Estimates;Output per worker (GDP constant 2021 international $ at PPP) -- ILO modelled estimates, Nov. 2024;2019;79938.56
Eastern Europe: High income;ILO - Modelled Estimates;Output per worker (GDP constant 2021 international $ at PPP) -- ILO modelled estimates, Nov. 2024;2018;77395.96
Eastern Europe: High income;ILO - Modelled Estimates;Output per worker (GDP constant 2021 international $ at PPP) -- ILO modelled estimates, Nov. 2024;2017;75010.38
Eastern Europe: High income;ILO - Modelled Estimates;Output per worker (GDP constant 2021 international $ at PPP) -- ILO modelled estimates, Nov. 2024;2016;73127.99
Eastern Europe: High income;ILO - Modelled Estimates;Output per worker (GDP constant 2021 international $ at PPP) -- ILO modelled estimates, Nov. 2024;2015;72780.64
Central Asia;ILO - Modelled Estimates;Output per worker (GDP constant 2021 international $ at PPP) -- ILO modelled estimates, Nov. 2024;2023;41652.89
Central Asia;ILO - Modelled Estimates;Output per worker (GDP constant 2021 international $ at PPP) -- ILO modelled estimates, Nov. 2024;2022;40194.14
Central Asia;ILO - Modelled Estimates;Output per worker (GDP constant 2021 international $ at PPP) -- ILO modelled estimates, Nov. 2024;2021;39382.1
Central Asia;ILO - Modelled Estimates;Output per worker (GDP constant 2021 international $ at PPP) -- ILO modelled estimates, Nov. 2024;2020;38121.59
Central Asia;ILO - Modelled Estimates;Output per worker (GDP constant 2021 international $ at PPP) -- ILO modelled estimates, Nov. 2024;2019;38079.58
Central Asia;ILO - Modelled Estimates;Output per worker (GDP constant 2021 international $ at PPP) -- ILO modelled estimates, Nov. 2024;2018;36724.11
Central Asia;ILO - Modelled Estimates;Output per worker (GDP constant 2021 international $ at PPP) -- ILO modelled estimates, Nov. 2024;2017;35576.26
Central Asia;ILO - Modelled Estimates;Output per worker (GDP constant 2021 international $ at PPP) -- ILO modelled estimates, Nov. 2024;2016;34291.24
Central Asia;ILO - Modelled Estimates;Output per worker (GDP constant 2021 international $ at PPP) -- ILO modelled estimates, Nov. 2024;2015;33680.13
Central and Western Asia: Lower-middle income;ILO - Modelled Estimates;Output per worker (GDP constant 2021 international $ at PPP) -- ILO modelled estimates, Nov. 2024;2023;22213.54
Central and Western Asia: Lower-middle income;ILO - Modelled Estimates;Output per worker (GDP constant 2021 international $ at PPP) -- ILO modelled estimates, Nov. 2024;2022;21216.12
Central and Western Asia: Lower-middle income;ILO - Modelled Estimates;Output per worker (GDP constant 2021 international $ at PPP) -- ILO modelled estimates, Nov. 2024;2021;20416.27
Central and Western Asia: Lower-middle income;ILO - Modelled Estimates;Output per worker (GDP constant 2021 international $ at PPP) -- ILO modelled estimates, Nov. 2024;2020;19499.58
Central and Western Asia: Lower-middle income;ILO - Modelled Estimates;Output per worker (GDP constant 2021 international $ at PPP) -- ILO modelled estimates, Nov. 2024;2019;19256.65
Central and Western Asia: Lower-middle income;ILO - Modelled Estimates;Output per worker (GDP constant 2021 international $ at PPP) -- ILO modelled estimates, Nov. 2024;2018;18444.45
Central and Western Asia: Lower-middle income;ILO - Modelled Estimates;Output per worker (GDP constant 2021 international $ at PPP) -- ILO modelled estimates, Nov. 2024;2017;17745.18
Central and Western Asia: Lower-middle income;ILO - Modelled Estimates;Output per worker (GDP constant 2021 international $ at PPP) -- ILO modelled estimates, Nov. 2024;2016;17029.05
Central and Western Asia: Lower-middle income;ILO - Modelled Estimates;Output per worker (GDP constant 2021 international $ at PPP) -- ILO modelled estimates, Nov. 2024;2015;16300.2
Central and Western Asia: Upper-middle income;ILO - Modelled Estimates;Output per worker (GDP constant 2021 international $ at PPP) -- ILO modelled estimates, Nov. 2024;2023;79121.84
Central and Western Asia: Upper-middle income;ILO - Modelled Estimates;Output per worker (GDP constant 2021 international $ at PPP) -- ILO modelled estimates, Nov. 2024;2022;76834.97
Central and Western Asia: Upper-middle income;ILO - Modelled Estimates;Output per worker (GDP constant 2021 international $ at PPP) -- ILO modelled estimates, Nov. 2024;2021;76481.41
Central and Western Asia: Upper-middle income;ILO - Modelled Estimates;Output per worker (GDP constant 2021 international $ at PPP) -- ILO modelled estimates, Nov. 2024;2020;72379.44
Central and Western Asia: Upper-middle income;ILO - Modelled Estimates;Output per worker (GDP constant 2021 international $ at PPP) -- ILO modelled estimates, Nov. 2024;2019;69622.59
Central and Western Asia: Upper-middle income;ILO - Modelled Estimates;Output per worker (GDP constant 2021 international $ at PPP) -- ILO modelled estimates, Nov. 2024;2018;67577.93
Central and Western Asia: Upper-middle income;ILO - Modelled Estimates;Output per worker (GDP constant 2021 international $ at PPP) -- ILO modelled estimates, Nov. 2024;2017;66642.02
Central and Western Asia: Upper-middle income;ILO - Modelled Estimates;Output per worker (GDP constant 2021 international $ at PPP) -- ILO modelled estimates, Nov. 2024;2016;64314.53
Central and Western Asia: Upper-middle income;ILO - Modelled Estimates;Output per worker (GDP constant 2021 international $ at PPP) -- ILO modelled estimates, Nov. 2024;2015;64209.87
Central and Western Asia: High income;ILO - Modelled Estimates;Output per worker (GDP constant 2021 international $ at PPP) -- ILO modelled estimates, Nov. 2024;2023;105008.46
Central and Western Asia: High income;ILO - Modelled Estimates;Output per worker (GDP constant 2021 international $ at PPP) -- ILO modelled estimates, Nov. 2024;2022;105293.23
Central and Western Asia: High income;ILO - Modelled Estimates;Output per worker (GDP constant 2021 international $ at PPP) -- ILO modelled estimates, Nov. 2024;2021;104267.46
Central and Western Asia: High income;ILO - Modelled Estimates;Output per worker (GDP constant 2021 international $ at PPP) -- ILO modelled estimates, Nov. 2024;2020;97009.02
Central and Western Asia: High income;ILO - Modelled Estimates;Output per worker (GDP constant 2021 international $ at PPP) -- ILO modelled estimates, Nov. 2024;2019;98001.67
Central and Western Asia: High income;ILO - Modelled Estimates;Output per worker (GDP constant 2021 international $ at PPP) -- ILO modelled estimates, Nov. 2024;2018;95596.29
Central and Western Asia: High income;ILO - Modelled Estimates;Output per worker (GDP constant 2021 international $ at PPP) -- ILO modelled estimates, Nov. 2024;2017;94056.59
Central and Western Asia: High income;ILO - Modelled Estimates;Output per worker (GDP constant 2021 international $ at PPP) -- ILO modelled estimates, Nov. 2024;2016;92396.97
Central and Western Asia: High income;ILO - Modelled Estimates;Output per worker (GDP constant 2021 international $ at PPP) -- ILO modelled estimates, Nov. 2024;2015;90589.5
Central and Western Asia;ILO - Modelled Estimates;Output per worker (GDP constant 2021 international $ at PPP) -- ILO modelled estimates, Nov. 2024;2023;66913.49
Central and Western Asia;ILO - Modelled Estimates;Output per worker (GDP constant 2021 international $ at PPP) -- ILO modelled estimates, Nov. 2024;2022;65080.89
Central and Western Asia;ILO - Modelled Estimates;Output per worker (GDP constant 2021 international $ at PPP) -- ILO modelled estimates, Nov. 2024;2021;64327.22
Central and Western Asia;ILO - Modelled Estimates;Output per worker (GDP constant 2021 international $ at PPP) -- ILO modelled estimates, Nov. 2024;2020;60765.66
Central and Western Asia;ILO - Modelled Estimates;Output per worker (GDP constant 2021 international $ at PPP) -- ILO modelled estimates, Nov. 2024;2019;59138.22
Central and Western Asia;ILO - Modelled Estimates;Output per worker (GDP constant 2021 international $ at PPP) -- ILO modelled estimates, Nov. 2024;2018;57542.9
Central and Western Asia;ILO - Modelled Estimates;Output per worker (GDP constant 2021 international $ at PPP) -- ILO modelled estimates, Nov. 2024;2017;56601.37
Central and Western Asia;ILO - Modelled Estimates;Output per worker (GDP constant 2021 international $ at PPP) -- ILO modelled estimates, Nov. 2024;2016;54512.03
Central and Western Asia;ILO - Modelled Estimates;Output per worker (GDP constant 2021 international $ at PPP) -- ILO modelled estimates, Nov. 2024;2015;54045.45
Western Asia;ILO - Modelled Estimates;Output per worker (GDP constant 2021 international $ at PPP) -- ILO modelled estimates, Nov. 2024;2023;83868.46
Western Asia;ILO - Modelled Estimates;Output per worker (GDP constant 2021 international $ at PPP) -- ILO modelled estimates, Nov. 2024;2022;81886.53
Western Asia;ILO - Modelled Estimates;Output per worker (GDP constant 2021 international $ at PPP) -- ILO modelled estimates, Nov. 2024;2021;81675.24
Western Asia;ILO - Modelled Estimates;Output per worker (GDP constant 2021 international $ at PPP) -- ILO modelled estimates, Nov. 2024;2020;76805
Western Asia;ILO - Modelled Estimates;Output per worker (GDP constant 2021 international $ at PPP) -- ILO modelled estimates, Nov. 2024;2019;73588.76
Western Asia;ILO - Modelled Estimates;Output per worker (GDP constant 2021 international $ at PPP) -- ILO modelled estimates, Nov. 2024;2018;71438.94
Western Asia;ILO - Modelled Estimates;Output per worker (GDP constant 2021 international $ at PPP) -- ILO modelled estimates, Nov. 2024;2017;70711.96
Western Asia;ILO - Modelled Estimates;Output per worker (GDP constant 2021 international $ at PPP) -- ILO modelled estimates, Nov. 2024;2016;68382.69
Western Asia;ILO - Modelled Estimates;Output per worker (GDP constant 2021 international $ at PPP) -- ILO modelled estimates, Nov. 2024;2015;68233.61
European Union 28;ILO - Modelled Estimates;Output per worker (GDP constant 2021 international $ at PPP) -- ILO modelled estimates, Nov. 2024;2023;114831.63
European Union 28;ILO - Modelled Estimates;Output per worker (GDP constant 2021 international $ at PPP) -- ILO modelled estimates, Nov. 2024;2022;115318.51
European Union 28;ILO - Modelled Estimates;Output per worker (GDP constant 2021 international $ at PPP) -- ILO modelled estimates, Nov. 2024;2021;113680.4
European Union 28;ILO - Modelled Estimates;Output per worker (GDP constant 2021 international $ at PPP) -- ILO modelled estimates, Nov. 2024;2020;107751.94
European Union 28;ILO - Modelled Estimates;Output per worker (GDP constant 2021 international $ at PPP) -- ILO modelled estimates, Nov. 2024;2019;113481.52
European Union 28;ILO - Modelled Estimates;Output per worker (GDP constant 2021 international $ at PPP) -- ILO modelled estimates, Nov. 2024;2018;112506.3
European Union 28;ILO - Modelled Estimates;Output per worker (GDP constant 2021 international $ at PPP) -- ILO modelled estimates, Nov. 2024;2017;111599.81
European Union 28;ILO - Modelled Estimates;Output per worker (GDP constant 2021 international $ at PPP) -- ILO modelled estimates, Nov. 2024;2016;110073.43
European Union 28;ILO - Modelled Estimates;Output per worker (GDP constant 2021 international $ at PPP) -- ILO modelled estimates, Nov. 2024;2015;109472
G20;ILO - Modelled Estimates;Output per worker (GDP constant 2021 international $ at PPP) -- ILO modelled estimates, Nov. 2024;2023;49779.89
G20;ILO - Modelled Estimates;Output per worker (GDP constant 2021 international $ at PPP) -- ILO modelled estimates, Nov. 2024;2022;49233.99
G20;ILO - Modelled Estimates;Output per worker (GDP constant 2021 international $ at PPP) -- ILO modelled estimates, Nov. 2024;2021;48672.92
G20;ILO - Modelled Estimates;Output per worker (GDP constant 2021 international $ at PPP) -- ILO modelled estimates, Nov. 2024;2020;47105.85
G20;ILO - Modelled Estimates;Output per worker (GDP constant 2021 international $ at PPP) -- ILO modelled estimates, Nov. 2024;2019;47536.93
G20;ILO - Modelled Estimates;Output per worker (GDP constant 2021 international $ at PPP) -- ILO modelled estimates, Nov. 2024;2018;46791.54
G20;ILO - Modelled Estimates;Output per worker (GDP constant 2021 international $ at PPP) -- ILO modelled estimates, Nov. 2024;2017;45679.67
G20;ILO - Modelled Estimates;Output per worker (GDP constant 2021 international $ at PPP) -- ILO modelled estimates, Nov. 2024;2016;44439.01
G20;ILO - Modelled Estimates;Output per worker (GDP constant 2021 international $ at PPP) -- ILO modelled estimates, Nov. 2024;2015;43582.63
ASEAN;ILO - Modelled Estimates;Output per worker (GDP constant 2021 international $ at PPP) -- ILO modelled estimates, Nov. 2024;2023;30395.08
ASEAN;ILO - Modelled Estimates;Output per worker (GDP constant 2021 international $ at PPP) -- ILO modelled estimates, Nov. 2024;2022;29567.64
ASEAN;ILO - Modelled Estimates;Output per worker (GDP constant 2021 international $ at PPP) -- ILO modelled estimates, Nov. 2024;2021;29165.7
ASEAN;ILO - Modelled Estimates;Output per worker (GDP constant 2021 international $ at PPP) -- ILO modelled estimates, Nov. 2024;2020;28142.46
ASEAN;ILO - Modelled Estimates;Output per worker (GDP constant 2021 international $ at PPP) -- ILO modelled estimates, Nov. 2024;2019;28789.97
ASEAN;ILO - Modelled Estimates;Output per worker (GDP constant 2021 international $ at PPP) -- ILO modelled estimates, Nov. 2024;2018;27930.97
ASEAN;ILO - Modelled Estimates;Output per worker (GDP constant 2021 international $ at PPP) -- ILO modelled estimates, Nov. 2024;2017;27066.02
ASEAN;ILO - Modelled Estimates;Output per worker (GDP constant 2021 international $ at PPP) -- ILO modelled estimates, Nov. 2024;2016;25919.74
ASEAN;ILO - Modelled Estimates;Output per worker (GDP constant 2021 international $ at PPP) -- ILO modelled estimates, Nov. 2024;2015;24926.32
BRICS;ILO - Modelled Estimates;Output per worker (GDP constant 2021 international $ at PPP) -- ILO modelled estimates, Nov. 2024;2023;36833.83
BRICS;ILO - Modelled Estimates;Output per worker (GDP constant 2021 international $ at PPP) -- ILO modelled estimates, Nov. 2024;2022;35667.43
BRICS;ILO - Modelled Estimates;Output per worker (GDP constant 2021 international $ at PPP) -- ILO modelled estimates, Nov. 2024;2021;34966.53
BRICS;ILO - Modelled Estimates;Output per worker (GDP constant 2021 international $ at PPP) -- ILO modelled estimates, Nov. 2024;2020;33494.39
BRICS;ILO - Modelled Estimates;Output per worker (GDP constant 2021 international $ at PPP) -- ILO modelled estimates, Nov. 2024;2019;33028.96
BRICS;ILO - Modelled Estimates;Output per worker (GDP constant 2021 international $ at PPP) -- ILO modelled estimates, Nov. 2024;2018;31843.33
BRICS;ILO - Modelled Estimates;Output per worker (GDP constant 2021 international $ at PPP) -- ILO modelled estimates, Nov. 2024;2017;30300.9
BRICS;ILO - Modelled Estimates;Output per worker (GDP constant 2021 international $ at PPP) -- ILO modelled estimates, Nov. 2024;2016;28815.43
BRICS;ILO - Modelled Estimates;Output per worker (GDP constant 2021 international $ at PPP) -- ILO modelled estimates, Nov. 2024;2015;27524.5
World excluding BRICS;ILO - Modelled Estimates;Output per worker (GDP constant 2021 international $ at PPP) -- ILO modelled estimates, Nov. 2024;2023;55012.71
World excluding BRICS;ILO - Modelled Estimates;Output per worker (GDP constant 2021 international $ at PPP) -- ILO modelled estimates, Nov. 2024;2022;54890.3
World excluding BRICS;ILO - Modelled Estimates;Output per worker (GDP constant 2021 international $ at PPP) -- ILO modelled estimates, Nov. 2024;2021;54773.21
World excluding BRICS;ILO - Modelled Estimates;Output per worker (GDP constant 2021 international $ at PPP) -- ILO modelled estimates, Nov. 2024;2020;53190.6
World excluding BRICS;ILO - Modelled Estimates;Output per worker (GDP constant 2021 international $ at PPP) -- ILO modelled estimates, Nov. 2024;2019;54377.6
World excluding BRICS;ILO - Modelled Estimates;Output per worker (GDP constant 2021 international $ at PPP) -- ILO modelled estimates, Nov. 2024;2018;54187.36
World excluding BRICS;ILO - Modelled Estimates;Output per worker (GDP constant 2021 international $ at PPP) -- ILO modelled estimates, Nov. 2024;2017;53749.73
World excluding BRICS;ILO - Modelled Estimates;Output per worker (GDP constant 2021 international $ at PPP) -- ILO modelled estimates, Nov. 2024;2016;53093.4
World excluding BRICS;ILO - Modelled Estimates;Output per worker (GDP constant 2021 international $ at PPP) -- ILO modelled estimates, Nov. 2024;2015;52815.82
G7;ILO - Modelled Estimates;Output per worker (GDP constant 2021 international $ at PPP) -- ILO modelled estimates, Nov. 2024;2023;125781.89
G7;ILO - Modelled Estimates;Output per worker (GDP constant 2021 international $ at PPP) -- ILO modelled estimates, Nov. 2024;2022;124794.68
G7;ILO - Modelled Estimates;Output per worker (GDP constant 2021 international $ at PPP) -- ILO modelled estimates, Nov. 2024;2021;124406.64
G7;ILO - Modelled Estimates;Output per worker (GDP constant 2021 international $ at PPP) -- ILO modelled estimates, Nov. 2024;2020;120130.19
G7;ILO - Modelled Estimates;Output per worker (GDP constant 2021 international $ at PPP) -- ILO modelled estimates, Nov. 2024;2019;121241.52
G7;ILO - Modelled Estimates;Output per worker (GDP constant 2021 international $ at PPP) -- ILO modelled estimates, Nov. 2024;2018;120811.29
G7;ILO - Modelled Estimates;Output per worker (GDP constant 2021 international $ at PPP) -- ILO modelled estimates, Nov. 2024;2017;120115.98
G7;ILO - Modelled Estimates;Output per worker (GDP constant 2021 international $ at PPP) -- ILO modelled estimates, Nov. 2024;2016;119065.09
G7;ILO - Modelled Estimates;Output per worker (GDP constant 2021 international $ at PPP) -- ILO modelled estimates, Nov. 2024;2015;118876.06
MENA;ILO - Modelled Estimates;Output per worker (GDP constant 2021 international $ at PPP) -- ILO modelled estimates, Nov. 2024;2023;59522.84
MENA;ILO - Modelled Estimates;Output per worker (GDP constant 2021 international $ at PPP) -- ILO modelled estimates, Nov. 2024;2022;60202.49
MENA;ILO - Modelled Estimates;Output per worker (GDP constant 2021 international $ at PPP) -- ILO modelled estimates, Nov. 2024;2021;59350.81
MENA;ILO - Modelled Estimates;Output per worker (GDP constant 2021 international $ at PPP) -- ILO modelled estimates, Nov. 2024;2020;58455.9
MENA;ILO - Modelled Estimates;Output per worker (GDP constant 2021 international $ at PPP) -- ILO modelled estimates, Nov. 2024;2019;59147.26
MENA;ILO - Modelled Estimates;Output per worker (GDP constant 2021 international $ at PPP) -- ILO modelled estimates, Nov. 2024;2018;59537.39
MENA;ILO - Modelled Estimates;Output per worker (GDP constant 2021 international $ at PPP) -- ILO modelled estimates, Nov. 2024;2017;59126.62
MENA;ILO - Modelled Estimates;Output per worker (GDP constant 2021 international $ at PPP) -- ILO modelled estimates, Nov. 2024;2016;58503.37
MENA;ILO - Modelled Estimates;Output per worker (GDP constant 2021 international $ at PPP) -- ILO modelled estimates, Nov. 2024;2015;57420.84
Arab League;ILO - Modelled Estimates;Output per worker (GDP constant 2021 international $ at PPP) -- ILO modelled estimates, Nov. 2024;2023;58852.67
Arab League;ILO - Modelled Estimates;Output per worker (GDP constant 2021 international $ at PPP) -- ILO modelled estimates, Nov. 2024;2022;60049.19
Arab League;ILO - Modelled Estimates;Output per worker (GDP constant 2021 international $ at PPP) -- ILO modelled estimates, Nov. 2024;2021;59386.12
Arab League;ILO - Modelled Estimates;Output per worker (GDP constant 2021 international $ at PPP) -- ILO modelled estimates, Nov. 2024;2020;58792.23
Arab League;ILO - Modelled Estimates;Output per worker (GDP constant 2021 international $ at PPP) -- ILO modelled estimates, Nov. 2024;2019;60503.91
Arab League;ILO - Modelled Estimates;Output per worker (GDP constant 2021 international $ at PPP) -- ILO modelled estimates, Nov. 2024;2018;60454.18
Arab League;ILO - Modelled Estimates;Output per worker (GDP constant 2021 international $ at PPP) -- ILO modelled estimates, Nov. 2024;2017;59607.07
Arab League;ILO - Modelled Estimates;Output per worker (GDP constant 2021 international $ at PPP) -- ILO modelled estimates, Nov. 2024;2016;58670.94
Arab League;ILO - Modelled Estimates;Output per worker (GDP constant 2021 international $ at PPP) -- ILO modelled estimates, Nov. 2024;2015;58033.94
CARICOM;ILO - Modelled Estimates;Output per worker (GDP constant 2021 international $ at PPP) -- ILO modelled estimates, Nov. 2024;2023;24269.55
CARICOM;ILO - Modelled Estimates;Output per worker (GDP constant 2021 international $ at PPP) -- ILO modelled estimates, Nov. 2024;2022;23090.27
CARICOM;ILO - Modelled Estimates;Output per worker (GDP constant 2021 international $ at PPP) -- ILO modelled estimates, Nov. 2024;2021;21550.92
CARICOM;ILO - Modelled Estimates;Output per worker (GDP constant 2021 international $ at PPP) -- ILO modelled estimates, Nov. 2024;2020;21326.31
CARICOM;ILO - Modelled Estimates;Output per worker (GDP constant 2021 international $ at PPP) -- ILO modelled estimates, Nov. 2024;2019;22193.15
CARICOM;ILO - Modelled Estimates;Output per worker (GDP constant 2021 international $ at PPP) -- ILO modelled estimates, Nov. 2024;2018;22485.53
CARICOM;ILO - Modelled Estimates;Output per worker (GDP constant 2021 international $ at PPP) -- ILO modelled estimates, Nov. 2024;2017;22605.53
CARICOM;ILO - Modelled Estimates;Output per worker (GDP constant 2021 international $ at PPP) -- ILO modelled estimates, Nov. 2024;2016;23082.4
CARICOM;ILO - Modelled Estimates;Output per worker (GDP constant 2021 international $ at PPP) -- ILO modelled estimates, Nov. 2024;2015;23804.37
European Union 27;ILO - Modelled Estimates;Output per worker (GDP constant 2021 international $ at PPP) -- ILO modelled estimates, Nov. 2024;2023;115492.69
European Union 27;ILO - Modelled Estimates;Output per worker (GDP constant 2021 international $ at PPP) -- ILO modelled estimates, Nov. 2024;2022;116024.89
European Union 27;ILO - Modelled Estimates;Output per worker (GDP constant 2021 international $ at PPP) -- ILO modelled estimates, Nov. 2024;2021;114592.27
European Union 27;ILO - Modelled Estimates;Output per worker (GDP constant 2021 international $ at PPP) -- ILO modelled estimates, Nov. 2024;2020;109238.21
European Union 27;ILO - Modelled Estimates;Output per worker (GDP constant 2021 international $ at PPP) -- ILO modelled estimates, Nov. 2024;2019;114126.39
European Union 27;ILO - Modelled Estimates;Output per worker (GDP constant 2021 international $ at PPP) -- ILO modelled estimates, Nov. 2024;2018;113087.85
European Union 27;ILO - Modelled Estimates;Output per worker (GDP constant 2021 international $ at PPP) -- ILO modelled estimates, Nov. 2024;2017;112056.93
European Union 27;ILO - Modelled Estimates;Output per worker (GDP constant 2021 international $ at PPP) -- ILO modelled estimates, Nov. 2024;2016;110561.51
European Union 27;ILO - Modelled Estimates;Output per worker (GDP constant 2021 international $ at PPP) -- ILO modelled estimates, Nov. 2024;2015;109908.91
Arab States: Low income;ILO - Modelled Estimates;Output per worker (GDP constant 2021 international $ at PPP) -- ILO modelled estimates, Nov. 2024;2023;15030.05
Arab States: Low income;ILO - Modelled Estimates;Output per worker (GDP constant 2021 international $ at PPP) -- ILO modelled estimates, Nov. 2024;2022;15795.6
Arab States: Low income;ILO - Modelled Estimates;Output per worker (GDP constant 2021 international $ at PPP) -- ILO modelled estimates, Nov. 2024;2021;16438.17
Arab States: Low income;ILO - Modelled Estimates;Output per worker (GDP constant 2021 international $ at PPP) -- ILO modelled estimates, Nov. 2024;2020;17034.21
Arab States: Low income;ILO - Modelled Estimates;Output per worker (GDP constant 2021 international $ at PPP) -- ILO modelled estimates, Nov. 2024;2019;18400.88
Arab States: Low income;ILO - Modelled Estimates;Output per worker (GDP constant 2021 international $ at PPP) -- ILO modelled estimates, Nov. 2024;2018;19093.74
Arab States: Low income;ILO - Modelled Estimates;Output per worker (GDP constant 2021 international $ at PPP) -- ILO modelled estimates, Nov. 2024;2017;19824.63
Arab States: Low income;ILO - Modelled Estimates;Output per worker (GDP constant 2021 international $ at PPP) -- ILO modelled estimates, Nov. 2024;2016;21193.72
Arab States: Low income;ILO - Modelled Estimates;Output per worker (GDP constant 2021 international $ at PPP) -- ILO modelled estimates, Nov. 2024;2015;23589.49
APEC;ILO - Modelled Estimates;Output per worker (GDP constant 2021 international $ at PPP) -- ILO modelled estimates, Nov. 2024;2023;59134.27
APEC;ILO - Modelled Estimates;Output per worker (GDP constant 2021 international $ at PPP) -- ILO modelled estimates, Nov. 2024;2022;57646.49
APEC;ILO - Modelled Estimates;Output per worker (GDP constant 2021 international $ at PPP) -- ILO modelled estimates, Nov. 2024;2021;56456.52
APEC;ILO - Modelled Estimates;Output per worker (GDP constant 2021 international $ at PPP) -- ILO modelled estimates, Nov. 2024;2020;54420.43
APEC;ILO - Modelled Estimates;Output per worker (GDP constant 2021 international $ at PPP) -- ILO modelled estimates, Nov. 2024;2019;53649.46
APEC;ILO - Modelled Estimates;Output per worker (GDP constant 2021 international $ at PPP) -- ILO modelled estimates, Nov. 2024;2018;52151.81
APEC;ILO - Modelled Estimates;Output per worker (GDP constant 2021 international $ at PPP) -- ILO modelled estimates, Nov. 2024;2017;50464.28
APEC;ILO - Modelled Estimates;Output per worker (GDP constant 2021 international $ at PPP) -- ILO modelled estimates, Nov. 2024;2016;48787.25
APEC;ILO - Modelled Estimates;Output per worker (GDP constant 2021 international $ at PPP) -- ILO modelled estimates, Nov. 2024;2015;47452.9
World excluding India and China;ILO - Modelled Estimates;Output per worker (GDP constant 2021 international $ at PPP) -- ILO modelled estimates, Nov. 2024;2023;55148.54
World excluding India and China;ILO - Modelled Estimates;Output per worker (GDP constant 2021 international $ at PPP) -- ILO modelled estimates, Nov. 2024;2022;54955.79
World excluding India and China;ILO - Modelled Estimates;Output per worker (GDP constant 2021 international $ at PPP) -- ILO modelled estimates, Nov. 2024;2021;55025.45
World excluding India and China;ILO - Modelled Estimates;Output per worker (GDP constant 2021 international $ at PPP) -- ILO modelled estimates, Nov. 2024;2020;53456.33
World excluding India and China;ILO - Modelled Estimates;Output per worker (GDP constant 2021 international $ at PPP) -- ILO modelled estimates, Nov. 2024;2019;54445.22
World excluding India and China;ILO - Modelled Estimates;Output per worker (GDP constant 2021 international $ at PPP) -- ILO modelled estimates, Nov. 2024;2018;54229.02
World excluding India and China;ILO - Modelled Estimates;Output per worker (GDP constant 2021 international $ at PPP) -- ILO modelled estimates, Nov. 2024;2017;53770.79
World excluding India and China;ILO - Modelled Estimates;Output per worker (GDP constant 2021 international $ at PPP) -- ILO modelled estimates, Nov. 2024;2016;53104.26
World excluding India and China;ILO - Modelled Estimates;Output per worker (GDP constant 2021 international $ at PPP) -- ILO modelled estimates, Nov. 2024;2015;52856.83
World: Lower-middle income excluding India;ILO - Modelled Estimates;Output per worker (GDP constant 2021 international $ at PPP) -- ILO modelled estimates, Nov. 2024;2023;19643.83
World: Lower-middle income excluding India;ILO - Modelled Estimates;Output per worker (GDP constant 2021 international $ at PPP) -- ILO modelled estimates, Nov. 2024;2022;19438.77
World: Lower-middle income excluding India;ILO - Modelled Estimates;Output per worker (GDP constant 2021 international $ at PPP) -- ILO modelled estimates, Nov. 2024;2021;19188.07
World: Lower-middle income excluding India;ILO - Modelled Estimates;Output per worker (GDP constant 2021 international $ at PPP) -- ILO modelled estimates, Nov. 2024;2020;18940.15
World: Lower-middle income excluding India;ILO - Modelled Estimates;Output per worker (GDP constant 2021 international $ at PPP) -- ILO modelled estimates, Nov. 2024;2019;19160.15
World: Lower-middle income excluding India;ILO - Modelled Estimates;Output per worker (GDP constant 2021 international $ at PPP) -- ILO modelled estimates, Nov. 2024;2018;18676.18
World: Lower-middle income excluding India;ILO - Modelled Estimates;Output per worker (GDP constant 2021 international $ at PPP) -- ILO modelled estimates, Nov. 2024;2017;18121.43
World: Lower-middle income excluding India;ILO - Modelled Estimates;Output per worker (GDP constant 2021 international $ at PPP) -- ILO modelled estimates, Nov. 2024;2016;17558.3
World: Lower-middle income excluding India;ILO - Modelled Estimates;Output per worker (GDP constant 2021 international $ at PPP) -- ILO modelled estimates, Nov. 2024;2015;17190.44
World: Upper-middle income excluding China;ILO - Modelled Estimates;Output per worker (GDP constant 2021 international $ at PPP) -- ILO modelled estimates, Nov. 2024;2023;44287.51
World: Upper-middle income excluding China;ILO - Modelled Estimates;Output per worker (GDP constant 2021 international $ at PPP) -- ILO modelled estimates, Nov. 2024;2022;43566.19
World: Upper-middle income excluding China;ILO - Modelled Estimates;Output per worker (GDP constant 2021 international $ at PPP) -- ILO modelled estimates, Nov. 2024;2021;43695.92
World: Upper-middle income excluding China;ILO - Modelled Estimates;Output per worker (GDP constant 2021 international $ at PPP) -- ILO modelled estimates, Nov. 2024;2020;42343.98
World: Upper-middle income excluding China;ILO - Modelled Estimates;Output per worker (GDP constant 2021 international $ at PPP) -- ILO modelled estimates, Nov. 2024;2019;42598.01
World: Upper-middle income excluding China;ILO - Modelled Estimates;Output per worker (GDP constant 2021 international $ at PPP) -- ILO modelled estimates, Nov. 2024;2018;42735.96
World: Upper-middle income excluding China;ILO - Modelled Estimates;Output per worker (GDP constant 2021 international $ at PPP) -- ILO modelled estimates, Nov. 2024;2017;42573.74
World: Upper-middle income excluding China;ILO - Modelled Estimates;Output per worker (GDP constant 2021 international $ at PPP) -- ILO modelled estimates, Nov. 2024;2016;42072.8
World: Upper-middle income excluding China;ILO - Modelled Estimates;Output per worker (GDP constant 2021 international $ at PPP) -- ILO modelled estimates, Nov. 2024;2015;41786.12
Yemen;ILO - Modelled Estimates;Output per worker (GDP constant 2021 international $ at PPP) -- ILO modelled estimates, Nov. 2024;2023;17093.03
Yemen;ILO - Modelled Estimates;Output per worker (GDP constant 2021 international $ at PPP) -- ILO modelled estimates, Nov. 2024;2022;18093.97
Yemen;ILO - Modelled Estimates;Output per worker (GDP constant 2021 international $ at PPP) -- ILO modelled estimates, Nov. 2024;2021;18850.08
Yemen;ILO - Modelled Estimates;Output per worker (GDP constant 2021 international $ at PPP) -- ILO modelled estimates, Nov. 2024;2020;19429.38
Yemen;ILO - Modelled Estimates;Output per worker (GDP constant 2021 international $ at PPP) -- ILO modelled estimates, Nov. 2024;2019;21509.39
Yemen;ILO - Modelled Estimates;Output per worker (GDP constant 2021 international $ at PPP) -- ILO modelled estimates, Nov. 2024;2018;21911.2
Yemen;ILO - Modelled Estimates;Output per worker (GDP constant 2021 international $ at PPP) -- ILO modelled estimates, Nov. 2024;2017;22816.54
Yemen;ILO - Modelled Estimates;Output per worker (GDP constant 2021 international $ at PPP) -- ILO modelled estimates, Nov. 2024;2016;24914.47
Yemen;ILO - Modelled Estimates;Output per worker (GDP constant 2021 international $ at PPP) -- ILO modelled estimates, Nov. 2024;2015;28425.22
South Africa;ILO - Modelled Estimates;Output per worker (GDP constant 2021 international $ at PPP) -- ILO modelled estimates, Nov. 2024;2023;46519.81
South Africa;ILO - Modelled Estimates;Output per worker (GDP constant 2021 international $ at PPP) -- ILO modelled estimates, Nov. 2024;2022;49119.61
South Africa;ILO - Modelled Estimates;Output per worker (GDP constant 2021 international $ at PPP) -- ILO modelled estimates, Nov. 2024;2021;50681.29
South Africa;ILO - Modelled Estimates;Output per worker (GDP constant 2021 international $ at PPP) -- ILO modelled estimates, Nov. 2024;2020;46963.79
South Africa;ILO - Modelled Estimates;Output per worker (GDP constant 2021 international $ at PPP) -- ILO modelled estimates, Nov. 2024;2019;47384.48
South Africa;ILO - Modelled Estimates;Output per worker (GDP constant 2021 international $ at PPP) -- ILO modelled estimates, Nov. 2024;2018;47458.36
South Africa;ILO - Modelled Estimates;Output per worker (GDP constant 2021 international $ at PPP) -- ILO modelled estimates, Nov. 2024;2017;47353.31
South Africa;ILO - Modelled Estimates;Output per worker (GDP constant 2021 international $ at PPP) -- ILO modelled estimates, Nov. 2024;2016;47494.33
South Africa;ILO - Modelled Estimates;Output per worker (GDP constant 2021 international $ at PPP) -- ILO modelled estimates, Nov. 2024;2015;46952.27
Zambia;ILO - Modelled Estimates;Output per worker (GDP constant 2021 international $ at PPP) -- ILO modelled estimates, Nov. 2024;2023;11326.65
Zambia;ILO - Modelled Estimates;Output per worker (GDP constant 2021 international $ at PPP) -- ILO modelled estimates, Nov. 2024;2022;11133.51
Zambia;ILO - Modelled Estimates;Output per worker (GDP constant 2021 international $ at PPP) -- ILO modelled estimates, Nov. 2024;2021;10762.97
Zambia;ILO - Modelled Estimates;Output per worker (GDP constant 2021 international $ at PPP) -- ILO modelled estimates, Nov. 2024;2020;10463.85
Zambia;ILO - Modelled Estimates;Output per worker (GDP constant 2021 international $ at PPP) -- ILO modelled estimates, Nov. 2024;2019;11354.63
Zambia;ILO - Modelled Estimates;Output per worker (GDP constant 2021 international $ at PPP) -- ILO modelled estimates, Nov. 2024;2018;11756.6
Zambia;ILO - Modelled Estimates;Output per worker (GDP constant 2021 international $ at PPP) -- ILO modelled estimates, Nov. 2024;2017;11634.52
Zambia;ILO - Modelled Estimates;Output per worker (GDP constant 2021 international $ at PPP) -- ILO modelled estimates, Nov. 2024;2016;11724.54
Zambia;ILO - Modelled Estimates;Output per worker (GDP constant 2021 international $ at PPP) -- ILO modelled estimates, Nov. 2024;2015;11788.35
Zimbabwe;ILO - Modelled Estimates;Output per worker (GDP constant 2021 international $ at PPP) -- ILO modelled estimates, Nov. 2024;2023;10302.37
Zimbabwe;ILO - Modelled Estimates;Output per worker (GDP constant 2021 international $ at PPP) -- ILO modelled estimates, Nov. 2024;2022;10109.23
Zimbabwe;ILO - Modelled Estimates;Output per worker (GDP constant 2021 international $ at PPP) -- ILO modelled estimates, Nov. 2024;2021;9645.75
Zimbabwe;ILO - Modelled Estimates;Output per worker (GDP constant 2021 international $ at PPP) -- ILO modelled estimates, Nov. 2024;2020;9093.08
Zimbabwe;ILO - Modelled Estimates;Output per worker (GDP constant 2021 international $ at PPP) -- ILO modelled estimates, Nov. 2024;2019;9799.72
Zimbabwe;ILO - Modelled Estimates;Output per worker (GDP constant 2021 international $ at PPP) -- ILO modelled estimates, Nov. 2024;2018;10610.75
Zimbabwe;ILO - Modelled Estimates;Output per worker (GDP constant 2021 international $ at PPP) -- ILO modelled estimates, Nov. 2024;2017;10253.26
Zimbabwe;ILO - Modelled Estimates;Output per worker (GDP constant 2021 international $ at PPP) -- ILO modelled estimates, Nov. 2024;2016;9985.34
Zimbabwe;ILO - Modelled Estimates;Output per worker (GDP constant 2021 international $ at PPP) -- ILO modelled estimates, Nov. 2024;2015;10009.57