ref_area.label;source.label;indicator.label;sex.label;time;obs_value_NEET;obs_status.label;note_indicator.label;note_source.label
Afghanistan;LFS - Labour Force Survey;Share of youth not in employment, education or training (NEET) by sex (%);Total;2021;43.769;;;Repository: ILO-STATISTICS - Micro data processing | Data reference period: First quarter
Afghanistan;LFS - Labour Force Survey;Share of youth not in employment, education or training (NEET) by sex (%);Male;2021;19.632;;;Repository: ILO-STATISTICS - Micro data processing | Data reference period: First quarter
Afghanistan;LFS - Labour Force Survey;Share of youth not in employment, education or training (NEET) by sex (%);Female;2021;65.079;;;Repository: ILO-STATISTICS - Micro data processing | Data reference period: First quarter
Afghanistan;LFS - Labour Force Survey;Share of youth not in employment, education or training (NEET) by sex (%);Total;2020;53.764;Break in series;Break in series: Methodology revised;Repository: ILO-STATISTICS - Micro data processing
Afghanistan;LFS - Labour Force Survey;Share of youth not in employment, education or training (NEET) by sex (%);Male;2020;32.164;Break in series;Break in series: Methodology revised;Repository: ILO-STATISTICS - Micro data processing
Afghanistan;LFS - Labour Force Survey;Share of youth not in employment, education or training (NEET) by sex (%);Female;2020;74.011;Break in series;Break in series: Methodology revised;Repository: ILO-STATISTICS - Micro data processing
Afghanistan;HIES - Households Living Conditions Survey;Share of youth not in employment, education or training (NEET) by sex (%);Total;2017;42.84;;;Repository: ILO-STATISTICS - Micro data processing
Afghanistan;HIES - Households Living Conditions Survey;Share of youth not in employment, education or training (NEET) by sex (%);Male;2017;18.638;;;Repository: ILO-STATISTICS - Micro data processing
Afghanistan;HIES - Households Living Conditions Survey;Share of youth not in employment, education or training (NEET) by sex (%);Female;2017;67.177;;;Repository: ILO-STATISTICS - Micro data processing
Angola;LFS - Employment Survey;Share of youth not in employment, education or training (NEET) by sex (%);Total;2022;24.766;;;Repository: ILO-STATISTICS - Micro data processing
Angola;LFS - Employment Survey;Share of youth not in employment, education or training (NEET) by sex (%);Male;2022;23.492;;;Repository: ILO-STATISTICS - Micro data processing
Angola;LFS - Employment Survey;Share of youth not in employment, education or training (NEET) by sex (%);Female;2022;25.999;;;Repository: ILO-STATISTICS - Micro data processing
Angola;LFS - Employment Survey;Share of youth not in employment, education or training (NEET) by sex (%);Total;2021;21.639;;;Repository: ILO-STATISTICS - Micro data processing
Angola;LFS - Employment Survey;Share of youth not in employment, education or training (NEET) by sex (%);Male;2021;20.753;;;Repository: ILO-STATISTICS - Micro data processing
Angola;LFS - Employment Survey;Share of youth not in employment, education or training (NEET) by sex (%);Female;2021;22.491;;;Repository: ILO-STATISTICS - Micro data processing
Angola;LFS - Employment Survey;Share of youth not in employment, education or training (NEET) by sex (%);Total;2019;22.922;Break in series;Break in series: Methodology revised;Repository: ILO-STATISTICS - Micro data processing
Angola;LFS - Employment Survey;Share of youth not in employment, education or training (NEET) by sex (%);Male;2019;19.636;Break in series;Break in series: Methodology revised;Repository: ILO-STATISTICS - Micro data processing
Angola;LFS - Employment Survey;Share of youth not in employment, education or training (NEET) by sex (%);Female;2019;26.067;Break in series;Break in series: Methodology revised;Repository: ILO-STATISTICS - Micro data processing
Albania;LFS - Labour Force Survey;Share of youth not in employment, education or training (NEET) by sex (%);Total;2023;23.16;;;Repository: ILO-STATISTICS - Micro data processing
Albania;LFS - Labour Force Survey;Share of youth not in employment, education or training (NEET) by sex (%);Male;2023;22.275;;;Repository: ILO-STATISTICS - Micro data processing
Albania;LFS - Labour Force Survey;Share of youth not in employment, education or training (NEET) by sex (%);Female;2023;24.048;;;Repository: ILO-STATISTICS - Micro data processing
Albania;LFS - Labour Force Survey;Share of youth not in employment, education or training (NEET) by sex (%);Total;2022;23.714;;;Repository: ILO-STATISTICS - Micro data processing
Albania;LFS - Labour Force Survey;Share of youth not in employment, education or training (NEET) by sex (%);Male;2022;21.727;;;Repository: ILO-STATISTICS - Micro data processing
Albania;LFS - Labour Force Survey;Share of youth not in employment, education or training (NEET) by sex (%);Female;2022;25.656;;;Repository: ILO-STATISTICS - Micro data processing
Albania;LFS - Labour Force Survey;Share of youth not in employment, education or training (NEET) by sex (%);Total;2021;24.084;;;Repository: ILO-STATISTICS - Micro data processing
Albania;LFS - Labour Force Survey;Share of youth not in employment, education or training (NEET) by sex (%);Male;2021;22.19;;;Repository: ILO-STATISTICS - Micro data processing
Albania;LFS - Labour Force Survey;Share of youth not in employment, education or training (NEET) by sex (%);Female;2021;25.96;;;Repository: ILO-STATISTICS - Micro data processing
Albania;LFS - Labour Force Survey;Share of youth not in employment, education or training (NEET) by sex (%);Total;2020;26.943;;;Repository: ILO-STATISTICS - Micro data processing
Albania;LFS - Labour Force Survey;Share of youth not in employment, education or training (NEET) by sex (%);Male;2020;27.414;;;Repository: ILO-STATISTICS - Micro data processing
Albania;LFS - Labour Force Survey;Share of youth not in employment, education or training (NEET) by sex (%);Female;2020;26.47;;;Repository: ILO-STATISTICS - Micro data processing
Albania;LFS - Labour Force Survey;Share of youth not in employment, education or training (NEET) by sex (%);Total;2019;25.824;;;Repository: ILO-STATISTICS - Micro data processing
Albania;LFS - Labour Force Survey;Share of youth not in employment, education or training (NEET) by sex (%);Male;2019;26.196;;;Repository: ILO-STATISTICS - Micro data processing
Albania;LFS - Labour Force Survey;Share of youth not in employment, education or training (NEET) by sex (%);Female;2019;25.454;;;Repository: ILO-STATISTICS - Micro data processing
Albania;LFS - Labour Force Survey;Share of youth not in employment, education or training (NEET) by sex (%);Total;2018;26.614;;;Repository: ILO-STATISTICS - Micro data processing
Albania;LFS - Labour Force Survey;Share of youth not in employment, education or training (NEET) by sex (%);Male;2018;25.531;;;Repository: ILO-STATISTICS - Micro data processing
Albania;LFS - Labour Force Survey;Share of youth not in employment, education or training (NEET) by sex (%);Female;2018;27.772;;;Repository: ILO-STATISTICS - Micro data processing
Albania;LFS - Labour Force Survey;Share of youth not in employment, education or training (NEET) by sex (%);Total;2017;26.227;;;Repository: ILO-STATISTICS - Micro data processing
Albania;LFS - Labour Force Survey;Share of youth not in employment, education or training (NEET) by sex (%);Male;2017;25.084;;;Repository: ILO-STATISTICS - Micro data processing
Albania;LFS - Labour Force Survey;Share of youth not in employment, education or training (NEET) by sex (%);Female;2017;27.608;;;Repository: ILO-STATISTICS - Micro data processing
Albania;LFS - Labour Force Survey;Share of youth not in employment, education or training (NEET) by sex (%);Total;2016;27.391;;;Repository: ILO-STATISTICS - Micro data processing
Albania;LFS - Labour Force Survey;Share of youth not in employment, education or training (NEET) by sex (%);Male;2016;27.192;;;Repository: ILO-STATISTICS - Micro data processing
Albania;LFS - Labour Force Survey;Share of youth not in employment, education or training (NEET) by sex (%);Female;2016;27.622;;;Repository: ILO-STATISTICS - Micro data processing
Albania;LFS - Labour Force Survey;Share of youth not in employment, education or training (NEET) by sex (%);Total;2015;29.816;;;Repository: ILO-STATISTICS - Micro data processing
Albania;LFS - Labour Force Survey;Share of youth not in employment, education or training (NEET) by sex (%);Male;2015;28.485;;;Repository: ILO-STATISTICS - Micro data processing
Albania;LFS - Labour Force Survey;Share of youth not in employment, education or training (NEET) by sex (%);Female;2015;31.283;;;Repository: ILO-STATISTICS - Micro data processing
United Arab Emirates;LFS - Labour Force Survey;Share of youth not in employment, education or training (NEET) by sex (%);Total;2023;8.917;;;Repository: ILO-STATISTICS - Micro data processing
United Arab Emirates;LFS - Labour Force Survey;Share of youth not in employment, education or training (NEET) by sex (%);Male;2023;5.95;;;Repository: ILO-STATISTICS - Micro data processing
United Arab Emirates;LFS - Labour Force Survey;Share of youth not in employment, education or training (NEET) by sex (%);Female;2023;14.891;;;Repository: ILO-STATISTICS - Micro data processing
Argentina;LFS - Permanent Household Survey, Urban;Share of youth not in employment, education or training (NEET) by sex (%);Total;2023;15.028;;;Repository: ILO-STATISTICS - Micro data processing | Geographical coverage: Main cities or metropolitan areas
Argentina;LFS - Permanent Household Survey, Urban;Share of youth not in employment, education or training (NEET) by sex (%);Male;2023;13.397;;;Repository: ILO-STATISTICS - Micro data processing | Geographical coverage: Main cities or metropolitan areas
Argentina;LFS - Permanent Household Survey, Urban;Share of youth not in employment, education or training (NEET) by sex (%);Female;2023;16.734;;;Repository: ILO-STATISTICS - Micro data processing | Geographical coverage: Main cities or metropolitan areas
Argentina;LFS - Permanent Household Survey, Urban;Share of youth not in employment, education or training (NEET) by sex (%);Total;2022;15.872;;;Repository: ILO-STATISTICS - Micro data processing | Geographical coverage: Main cities or metropolitan areas
Argentina;LFS - Permanent Household Survey, Urban;Share of youth not in employment, education or training (NEET) by sex (%);Male;2022;13.994;;;Repository: ILO-STATISTICS - Micro data processing | Geographical coverage: Main cities or metropolitan areas
Argentina;LFS - Permanent Household Survey, Urban;Share of youth not in employment, education or training (NEET) by sex (%);Female;2022;17.848;;;Repository: ILO-STATISTICS - Micro data processing | Geographical coverage: Main cities or metropolitan areas
Argentina;LFS - Permanent Household Survey, Urban;Share of youth not in employment, education or training (NEET) by sex (%);Total;2021;16.118;;;Repository: ILO-STATISTICS - Micro data processing | Geographical coverage: Main cities or metropolitan areas
Argentina;LFS - Permanent Household Survey, Urban;Share of youth not in employment, education or training (NEET) by sex (%);Male;2021;13.767;;;Repository: ILO-STATISTICS - Micro data processing | Geographical coverage: Main cities or metropolitan areas
Argentina;LFS - Permanent Household Survey, Urban;Share of youth not in employment, education or training (NEET) by sex (%);Female;2021;18.558;;;Repository: ILO-STATISTICS - Micro data processing | Geographical coverage: Main cities or metropolitan areas
Argentina;LFS - Permanent Household Survey, Urban;Share of youth not in employment, education or training (NEET) by sex (%);Total;2020;22.328;;;Repository: ILO-STATISTICS - Micro data processing | Geographical coverage: Main cities or metropolitan areas
Argentina;LFS - Permanent Household Survey, Urban;Share of youth not in employment, education or training (NEET) by sex (%);Male;2020;21.004;;;Repository: ILO-STATISTICS - Micro data processing | Geographical coverage: Main cities or metropolitan areas
Argentina;LFS - Permanent Household Survey, Urban;Share of youth not in employment, education or training (NEET) by sex (%);Female;2020;23.67;;;Repository: ILO-STATISTICS - Micro data processing | Geographical coverage: Main cities or metropolitan areas
Argentina;LFS - Permanent Household Survey, Urban;Share of youth not in employment, education or training (NEET) by sex (%);Total;2019;19.228;;;Repository: ILO-STATISTICS - Micro data processing | Geographical coverage: Main cities or metropolitan areas
Argentina;LFS - Permanent Household Survey, Urban;Share of youth not in employment, education or training (NEET) by sex (%);Male;2019;16.833;;;Repository: ILO-STATISTICS - Micro data processing | Geographical coverage: Main cities or metropolitan areas
Argentina;LFS - Permanent Household Survey, Urban;Share of youth not in employment, education or training (NEET) by sex (%);Female;2019;21.694;;;Repository: ILO-STATISTICS - Micro data processing | Geographical coverage: Main cities or metropolitan areas
Argentina;LFS - Permanent Household Survey, Urban;Share of youth not in employment, education or training (NEET) by sex (%);Total;2018;19.023;;;Repository: ILO-STATISTICS - Micro data processing | Geographical coverage: Main cities or metropolitan areas
Argentina;LFS - Permanent Household Survey, Urban;Share of youth not in employment, education or training (NEET) by sex (%);Male;2018;15.527;;;Repository: ILO-STATISTICS - Micro data processing | Geographical coverage: Main cities or metropolitan areas
Argentina;LFS - Permanent Household Survey, Urban;Share of youth not in employment, education or training (NEET) by sex (%);Female;2018;22.49;;;Repository: ILO-STATISTICS - Micro data processing | Geographical coverage: Main cities or metropolitan areas
Argentina;LFS - Permanent Household Survey, Urban;Share of youth not in employment, education or training (NEET) by sex (%);Total;2017;19.246;;;Repository: ILO-STATISTICS - Micro data processing | Geographical coverage: Main cities or metropolitan areas
Argentina;LFS - Permanent Household Survey, Urban;Share of youth not in employment, education or training (NEET) by sex (%);Male;2017;15.777;;;Repository: ILO-STATISTICS - Micro data processing | Geographical coverage: Main cities or metropolitan areas
Argentina;LFS - Permanent Household Survey, Urban;Share of youth not in employment, education or training (NEET) by sex (%);Female;2017;22.781;;;Repository: ILO-STATISTICS - Micro data processing | Geographical coverage: Main cities or metropolitan areas
Armenia;HIES - Households Living Conditions Survey;Share of youth not in employment, education or training (NEET) by sex (%);Total;2023;20.177;;;Repository: ILO-STATISTICS - Micro data processing | Age coverage - maximum age: 75 years old
Armenia;HIES - Households Living Conditions Survey;Share of youth not in employment, education or training (NEET) by sex (%);Male;2023;16.985;;;Repository: ILO-STATISTICS - Micro data processing | Age coverage - maximum age: 75 years old
Armenia;HIES - Households Living Conditions Survey;Share of youth not in employment, education or training (NEET) by sex (%);Female;2023;23.02;;;Repository: ILO-STATISTICS - Micro data processing | Age coverage - maximum age: 75 years old
Armenia;HIES - Households Living Conditions Survey;Share of youth not in employment, education or training (NEET) by sex (%);Total;2022;24.533;;;Repository: ILO-STATISTICS - Micro data processing | Age coverage - maximum age: 75 years old
Armenia;HIES - Households Living Conditions Survey;Share of youth not in employment, education or training (NEET) by sex (%);Male;2022;20.974;;;Repository: ILO-STATISTICS - Micro data processing | Age coverage - maximum age: 75 years old
Armenia;HIES - Households Living Conditions Survey;Share of youth not in employment, education or training (NEET) by sex (%);Female;2022;27.731;;;Repository: ILO-STATISTICS - Micro data processing | Age coverage - maximum age: 75 years old
Armenia;HIES - Households Living Conditions Survey;Share of youth not in employment, education or training (NEET) by sex (%);Total;2021;21.892;;;Repository: ILO-STATISTICS - Micro data processing | Age coverage - maximum age: 75 years old
Armenia;HIES - Households Living Conditions Survey;Share of youth not in employment, education or training (NEET) by sex (%);Male;2021;18.16;;;Repository: ILO-STATISTICS - Micro data processing | Age coverage - maximum age: 75 years old
Armenia;HIES - Households Living Conditions Survey;Share of youth not in employment, education or training (NEET) by sex (%);Female;2021;25.142;;;Repository: ILO-STATISTICS - Micro data processing | Age coverage - maximum age: 75 years old
Armenia;HIES - Households Living Conditions Survey;Share of youth not in employment, education or training (NEET) by sex (%);Total;2020;25.984;;;Repository: ILO-STATISTICS - Micro data processing | Age coverage - maximum age: 75 years old
Armenia;HIES - Households Living Conditions Survey;Share of youth not in employment, education or training (NEET) by sex (%);Male;2020;21.117;;;Repository: ILO-STATISTICS - Micro data processing | Age coverage - maximum age: 75 years old
Armenia;HIES - Households Living Conditions Survey;Share of youth not in employment, education or training (NEET) by sex (%);Female;2020;30.601;;;Repository: ILO-STATISTICS - Micro data processing | Age coverage - maximum age: 75 years old
Armenia;HIES - Households Living Conditions Survey;Share of youth not in employment, education or training (NEET) by sex (%);Total;2019;25.461;;;Repository: ILO-STATISTICS - Micro data processing | Age coverage - maximum age: 75 years old
Armenia;HIES - Households Living Conditions Survey;Share of youth not in employment, education or training (NEET) by sex (%);Male;2019;21.206;;;Repository: ILO-STATISTICS - Micro data processing | Age coverage - maximum age: 75 years old
Armenia;HIES - Households Living Conditions Survey;Share of youth not in employment, education or training (NEET) by sex (%);Female;2019;29.165;;;Repository: ILO-STATISTICS - Micro data processing | Age coverage - maximum age: 75 years old
Armenia;HIES - Households Living Conditions Survey;Share of youth not in employment, education or training (NEET) by sex (%);Total;2018;24.746;;;Repository: ILO-STATISTICS - Micro data processing | Age coverage - maximum age: 75 years old
Armenia;HIES - Households Living Conditions Survey;Share of youth not in employment, education or training (NEET) by sex (%);Male;2018;18.689;;;Repository: ILO-STATISTICS - Micro data processing | Age coverage - maximum age: 75 years old
Armenia;HIES - Households Living Conditions Survey;Share of youth not in employment, education or training (NEET) by sex (%);Female;2018;29.647;;;Repository: ILO-STATISTICS - Micro data processing | Age coverage - maximum age: 75 years old
Armenia;LFS - Household Labour Force Survey;Share of youth not in employment, education or training (NEET) by sex (%);Total;2017;36.586;;;Repository: ILO-STATISTICS - Micro data processing | Age coverage - maximum age: 75 years old
Armenia;LFS - Household Labour Force Survey;Share of youth not in employment, education or training (NEET) by sex (%);Male;2017;35.722;;;Repository: ILO-STATISTICS - Micro data processing | Age coverage - maximum age: 75 years old
Armenia;LFS - Household Labour Force Survey;Share of youth not in employment, education or training (NEET) by sex (%);Female;2017;37.528;;;Repository: ILO-STATISTICS - Micro data processing | Age coverage - maximum age: 75 years old
Armenia;LFS - Household Labour Force Survey;Share of youth not in employment, education or training (NEET) by sex (%);Total;2016;36.584;;;Repository: ILO-STATISTICS - Micro data processing | Age coverage - maximum age: 75 years old
Armenia;LFS - Household Labour Force Survey;Share of youth not in employment, education or training (NEET) by sex (%);Male;2016;35.393;;;Repository: ILO-STATISTICS - Micro data processing | Age coverage - maximum age: 75 years old
Armenia;LFS - Household Labour Force Survey;Share of youth not in employment, education or training (NEET) by sex (%);Female;2016;37.83;;;Repository: ILO-STATISTICS - Micro data processing | Age coverage - maximum age: 75 years old
Armenia;LFS - Household Labour Force Survey;Share of youth not in employment, education or training (NEET) by sex (%);Total;2015;35.56;;;Repository: ILO-STATISTICS - Micro data processing | Age coverage - maximum age: 75 years old
Armenia;LFS - Household Labour Force Survey;Share of youth not in employment, education or training (NEET) by sex (%);Male;2015;36.35;;;Repository: ILO-STATISTICS - Micro data processing | Age coverage - maximum age: 75 years old
Armenia;LFS - Household Labour Force Survey;Share of youth not in employment, education or training (NEET) by sex (%);Female;2015;34.797;;;Repository: ILO-STATISTICS - Micro data processing | Age coverage - maximum age: 75 years old
Antigua and Barbuda;LFS - Labour Force Survey;Share of youth not in employment, education or training (NEET) by sex (%);Total;2023;17.864;;;Repository: ILO-STATISTICS - Micro data processing
Antigua and Barbuda;LFS - Labour Force Survey;Share of youth not in employment, education or training (NEET) by sex (%);Male;2023;18.236;;;Repository: ILO-STATISTICS - Micro data processing
Antigua and Barbuda;LFS - Labour Force Survey;Share of youth not in employment, education or training (NEET) by sex (%);Female;2023;17.486;;;Repository: ILO-STATISTICS - Micro data processing
Antigua and Barbuda;LFS - Labour Force Survey;Share of youth not in employment, education or training (NEET) by sex (%);Total;2018;20.78;;;Repository: ILO-STATISTICS - Micro data processing
Antigua and Barbuda;LFS - Labour Force Survey;Share of youth not in employment, education or training (NEET) by sex (%);Male;2018;17.982;;;Repository: ILO-STATISTICS - Micro data processing
Antigua and Barbuda;LFS - Labour Force Survey;Share of youth not in employment, education or training (NEET) by sex (%);Female;2018;23.551;;;Repository: ILO-STATISTICS - Micro data processing
Australia;LFS - Labour Force Survey;Share of youth not in employment, education or training (NEET) by sex (%);Total;2023;7.913;;;Repository: ILO-STATISTICS - Micro data processing
Australia;LFS - Labour Force Survey;Share of youth not in employment, education or training (NEET) by sex (%);Male;2023;8.085;;;Repository: ILO-STATISTICS - Micro data processing
Australia;LFS - Labour Force Survey;Share of youth not in employment, education or training (NEET) by sex (%);Female;2023;7.729;;;Repository: ILO-STATISTICS - Micro data processing
Australia;LFS - Labour Force Survey;Share of youth not in employment, education or training (NEET) by sex (%);Total;2022;8.389;;;Repository: ILO-STATISTICS - Micro data processing
Australia;LFS - Labour Force Survey;Share of youth not in employment, education or training (NEET) by sex (%);Male;2022;8.713;;;Repository: ILO-STATISTICS - Micro data processing
Australia;LFS - Labour Force Survey;Share of youth not in employment, education or training (NEET) by sex (%);Female;2022;8.046;;;Repository: ILO-STATISTICS - Micro data processing
Australia;LFS - Labour Force Survey;Share of youth not in employment, education or training (NEET) by sex (%);Total;2021;9.27;;;Repository: ILO-STATISTICS - Micro data processing
Australia;LFS - Labour Force Survey;Share of youth not in employment, education or training (NEET) by sex (%);Male;2021;10.083;;;Repository: ILO-STATISTICS - Micro data processing
Australia;LFS - Labour Force Survey;Share of youth not in employment, education or training (NEET) by sex (%);Female;2021;8.408;;;Repository: ILO-STATISTICS - Micro data processing
Australia;LFS - Labour Force Survey;Share of youth not in employment, education or training (NEET) by sex (%);Total;2020;10.706;;;Repository: ILO-STATISTICS - Micro data processing
Australia;LFS - Labour Force Survey;Share of youth not in employment, education or training (NEET) by sex (%);Male;2020;11.698;;;Repository: ILO-STATISTICS - Micro data processing
Australia;LFS - Labour Force Survey;Share of youth not in employment, education or training (NEET) by sex (%);Female;2020;9.656;;;Repository: ILO-STATISTICS - Micro data processing
Australia;LFS - Labour Force Survey;Share of youth not in employment, education or training (NEET) by sex (%);Total;2019;9.361;;;Repository: ILO-STATISTICS - Micro data processing
Australia;LFS - Labour Force Survey;Share of youth not in employment, education or training (NEET) by sex (%);Male;2019;9.373;;;Repository: ILO-STATISTICS - Micro data processing
Australia;LFS - Labour Force Survey;Share of youth not in employment, education or training (NEET) by sex (%);Female;2019;9.349;;;Repository: ILO-STATISTICS - Micro data processing
Australia;LFS - Labour Force Survey;Share of youth not in employment, education or training (NEET) by sex (%);Total;2018;9.419;Break in series;Break in series: Methodology revised;Repository: ILO-STATISTICS - Micro data processing
Australia;LFS - Labour Force Survey;Share of youth not in employment, education or training (NEET) by sex (%);Male;2018;8.725;Break in series;Break in series: Methodology revised;Repository: ILO-STATISTICS - Micro data processing
Australia;LFS - Labour Force Survey;Share of youth not in employment, education or training (NEET) by sex (%);Female;2018;10.146;Break in series;Break in series: Methodology revised;Repository: ILO-STATISTICS - Micro data processing
Australia;LFS - Labour Force Survey;Share of youth not in employment, education or training (NEET) by sex (%);Total;2017;8.96;;;Employment definition: Other nonstandard definition | Geographical coverage: Total national, excluding overseas territories | Population coverage: Excluding both institutional population and armed forces and/or conscripts
Australia;LFS - Labour Force Survey;Share of youth not in employment, education or training (NEET) by sex (%);Male;2017;8.91;;;Employment definition: Other nonstandard definition | Geographical coverage: Total national, excluding overseas territories | Population coverage: Excluding both institutional population and armed forces and/or conscripts
Australia;LFS - Labour Force Survey;Share of youth not in employment, education or training (NEET) by sex (%);Female;2017;8.98;;;Employment definition: Other nonstandard definition | Geographical coverage: Total national, excluding overseas territories | Population coverage: Excluding both institutional population and armed forces and/or conscripts
Australia;LFS - Labour Force Survey;Share of youth not in employment, education or training (NEET) by sex (%);Total;2016;8.69;;;Data reference period: May | Geographical coverage: Total national, excluding overseas territories | Population coverage: Excluding both institutional population and armed forces and/or conscripts | Age coverage - minimum age: 16 years old
Australia;LFS - Labour Force Survey;Share of youth not in employment, education or training (NEET) by sex (%);Male;2016;8.42;;;Data reference period: May | Geographical coverage: Total national, excluding overseas territories | Population coverage: Excluding both institutional population and armed forces and/or conscripts | Age coverage - minimum age: 16 years old
Australia;LFS - Labour Force Survey;Share of youth not in employment, education or training (NEET) by sex (%);Female;2016;9.06;;;Data reference period: May | Geographical coverage: Total national, excluding overseas territories | Population coverage: Excluding both institutional population and armed forces and/or conscripts | Age coverage - minimum age: 16 years old
Australia;LFS - Labour Force Survey;Share of youth not in employment, education or training (NEET) by sex (%);Total;2015;9.8;;;Data reference period: May | Geographical coverage: Total national, excluding overseas territories | Population coverage: Excluding both institutional population and armed forces and/or conscripts
Australia;LFS - Labour Force Survey;Share of youth not in employment, education or training (NEET) by sex (%);Male;2015;9.45;;;Data reference period: May | Geographical coverage: Total national, excluding overseas territories | Population coverage: Excluding both institutional population and armed forces and/or conscripts
Australia;LFS - Labour Force Survey;Share of youth not in employment, education or training (NEET) by sex (%);Female;2015;10.2;;;Data reference period: May | Geographical coverage: Total national, excluding overseas territories | Population coverage: Excluding both institutional population and armed forces and/or conscripts
Austria;LFS - Labour Force Survey;Share of youth not in employment, education or training (NEET) by sex (%);Total;2023;13.118;;;Repository: ILO-STATISTICS - Micro data processing
Austria;LFS - Labour Force Survey;Share of youth not in employment, education or training (NEET) by sex (%);Male;2023;15.189;;;Repository: ILO-STATISTICS - Micro data processing
Austria;LFS - Labour Force Survey;Share of youth not in employment, education or training (NEET) by sex (%);Female;2023;10.912;;;Repository: ILO-STATISTICS - Micro data processing
Austria;LFS - Labour Force Survey;Share of youth not in employment, education or training (NEET) by sex (%);Total;2022;12.155;;;Repository: ILO-STATISTICS - Micro data processing
Austria;LFS - Labour Force Survey;Share of youth not in employment, education or training (NEET) by sex (%);Male;2022;14.061;;;Repository: ILO-STATISTICS - Micro data processing
Austria;LFS - Labour Force Survey;Share of youth not in employment, education or training (NEET) by sex (%);Female;2022;10.136;;;Repository: ILO-STATISTICS - Micro data processing
Austria;LFS - Labour Force Survey;Share of youth not in employment, education or training (NEET) by sex (%);Total;2021;12.257;;;Repository: ILO-STATISTICS - Micro data processing
Austria;LFS - Labour Force Survey;Share of youth not in employment, education or training (NEET) by sex (%);Male;2021;14.073;;;Repository: ILO-STATISTICS - Micro data processing
Austria;LFS - Labour Force Survey;Share of youth not in employment, education or training (NEET) by sex (%);Female;2021;10.343;;;Repository: ILO-STATISTICS - Micro data processing
Austria;LFS - Labour Force Survey;Share of youth not in employment, education or training (NEET) by sex (%);Total;2020;11.419;;;Repository: ILO-STATISTICS - Micro data processing
Austria;LFS - Labour Force Survey;Share of youth not in employment, education or training (NEET) by sex (%);Male;2020;14.206;;;Repository: ILO-STATISTICS - Micro data processing
Austria;LFS - Labour Force Survey;Share of youth not in employment, education or training (NEET) by sex (%);Female;2020;8.504;;;Repository: ILO-STATISTICS - Micro data processing
Austria;LFS - Labour Force Survey;Share of youth not in employment, education or training (NEET) by sex (%);Total;2019;11.008;;;Repository: ILO-STATISTICS - Micro data processing
Austria;LFS - Labour Force Survey;Share of youth not in employment, education or training (NEET) by sex (%);Male;2019;12.723;;;Repository: ILO-STATISTICS - Micro data processing
Austria;LFS - Labour Force Survey;Share of youth not in employment, education or training (NEET) by sex (%);Female;2019;9.221;;;Repository: ILO-STATISTICS - Micro data processing
Austria;LFS - Labour Force Survey;Share of youth not in employment, education or training (NEET) by sex (%);Total;2018;10.422;;;Repository: ILO-STATISTICS - Micro data processing
Austria;LFS - Labour Force Survey;Share of youth not in employment, education or training (NEET) by sex (%);Male;2018;12.013;;;Repository: ILO-STATISTICS - Micro data processing
Austria;LFS - Labour Force Survey;Share of youth not in employment, education or training (NEET) by sex (%);Female;2018;8.752;;;Repository: ILO-STATISTICS - Micro data processing
Austria;LFS - Labour Force Survey;Share of youth not in employment, education or training (NEET) by sex (%);Total;2017;10.454;;;Repository: ILO-STATISTICS - Micro data processing
Austria;LFS - Labour Force Survey;Share of youth not in employment, education or training (NEET) by sex (%);Male;2017;13.188;;;Repository: ILO-STATISTICS - Micro data processing
Austria;LFS - Labour Force Survey;Share of youth not in employment, education or training (NEET) by sex (%);Female;2017;7.541;;;Repository: ILO-STATISTICS - Micro data processing
Austria;LFS - Labour Force Survey;Share of youth not in employment, education or training (NEET) by sex (%);Total;2016;10.914;;;Repository: ILO-STATISTICS - Micro data processing
Austria;LFS - Labour Force Survey;Share of youth not in employment, education or training (NEET) by sex (%);Male;2016;12.601;;;Repository: ILO-STATISTICS - Micro data processing
Austria;LFS - Labour Force Survey;Share of youth not in employment, education or training (NEET) by sex (%);Female;2016;9.108;;;Repository: ILO-STATISTICS - Micro data processing
Austria;LFS - Labour Force Survey;Share of youth not in employment, education or training (NEET) by sex (%);Total;2015;11.038;;;Repository: ILO-STATISTICS - Micro data processing
Austria;LFS - Labour Force Survey;Share of youth not in employment, education or training (NEET) by sex (%);Male;2015;12.971;;;Repository: ILO-STATISTICS - Micro data processing
Austria;LFS - Labour Force Survey;Share of youth not in employment, education or training (NEET) by sex (%);Female;2015;9.007;;;Repository: ILO-STATISTICS - Micro data processing
Burundi;HIES - Living Standards Survey;Share of youth not in employment, education or training (NEET) by sex (%);Total;2020;11.167;;;Repository: ILO-STATISTICS - Micro data processing
Burundi;HIES - Living Standards Survey;Share of youth not in employment, education or training (NEET) by sex (%);Male;2020;11.458;;;Repository: ILO-STATISTICS - Micro data processing
Burundi;HIES - Living Standards Survey;Share of youth not in employment, education or training (NEET) by sex (%);Female;2020;10.942;;;Repository: ILO-STATISTICS - Micro data processing
Burundi;HIES - Living Standards Survey;Share of youth not in employment, education or training (NEET) by sex (%);Total;2017;6.19;;;Data reference period: Noncalendar year
Burundi;HIES - Living Standards Survey;Share of youth not in employment, education or training (NEET) by sex (%);Male;2017;6.44;;;Data reference period: Noncalendar year
Burundi;HIES - Living Standards Survey;Share of youth not in employment, education or training (NEET) by sex (%);Female;2017;5.98;;;Data reference period: Noncalendar year
Belgium;LFS - EU Labour Force Survey;Share of youth not in employment, education or training (NEET) by sex (%);Total;2023;6.765;;;Repository: ILO-STATISTICS - Micro data processing
Belgium;LFS - EU Labour Force Survey;Share of youth not in employment, education or training (NEET) by sex (%);Male;2023;7.962;;;Repository: ILO-STATISTICS - Micro data processing
Belgium;LFS - EU Labour Force Survey;Share of youth not in employment, education or training (NEET) by sex (%);Female;2023;5.523;;;Repository: ILO-STATISTICS - Micro data processing
Belgium;LFS - EU Labour Force Survey;Share of youth not in employment, education or training (NEET) by sex (%);Total;2022;7.107;;;Repository: ILO-STATISTICS - Micro data processing
Belgium;LFS - EU Labour Force Survey;Share of youth not in employment, education or training (NEET) by sex (%);Male;2022;7.869;;;Repository: ILO-STATISTICS - Micro data processing
Belgium;LFS - EU Labour Force Survey;Share of youth not in employment, education or training (NEET) by sex (%);Female;2022;6.316;;;Repository: ILO-STATISTICS - Micro data processing
Belgium;LFS - EU Labour Force Survey;Share of youth not in employment, education or training (NEET) by sex (%);Total;2021;6.654;;;Repository: ILO-STATISTICS - Micro data processing
Belgium;LFS - EU Labour Force Survey;Share of youth not in employment, education or training (NEET) by sex (%);Male;2021;7.602;;;Repository: ILO-STATISTICS - Micro data processing
Belgium;LFS - EU Labour Force Survey;Share of youth not in employment, education or training (NEET) by sex (%);Female;2021;5.669;;;Repository: ILO-STATISTICS - Micro data processing
Belgium;LFS - EU Labour Force Survey;Share of youth not in employment, education or training (NEET) by sex (%);Total;2020;9.994;;;Repository: ILO-STATISTICS - Micro data processing
Belgium;LFS - EU Labour Force Survey;Share of youth not in employment, education or training (NEET) by sex (%);Male;2020;10.445;;;Repository: ILO-STATISTICS - Micro data processing
Belgium;LFS - EU Labour Force Survey;Share of youth not in employment, education or training (NEET) by sex (%);Female;2020;9.525;;;Repository: ILO-STATISTICS - Micro data processing
Belgium;LFS - EU Labour Force Survey;Share of youth not in employment, education or training (NEET) by sex (%);Total;2019;9.25;;;Repository: ILO-STATISTICS - Micro data processing
Belgium;LFS - EU Labour Force Survey;Share of youth not in employment, education or training (NEET) by sex (%);Male;2019;9.762;;;Repository: ILO-STATISTICS - Micro data processing
Belgium;LFS - EU Labour Force Survey;Share of youth not in employment, education or training (NEET) by sex (%);Female;2019;8.719;;;Repository: ILO-STATISTICS - Micro data processing
Belgium;LFS - EU Labour Force Survey;Share of youth not in employment, education or training (NEET) by sex (%);Total;2018;9.801;;;Repository: ILO-STATISTICS - Micro data processing
Belgium;LFS - EU Labour Force Survey;Share of youth not in employment, education or training (NEET) by sex (%);Male;2018;9.59;;;Repository: ILO-STATISTICS - Micro data processing
Belgium;LFS - EU Labour Force Survey;Share of youth not in employment, education or training (NEET) by sex (%);Female;2018;10.021;;;Repository: ILO-STATISTICS - Micro data processing
Belgium;LFS - EU Labour Force Survey;Share of youth not in employment, education or training (NEET) by sex (%);Total;2017;9.855;;;Repository: ILO-STATISTICS - Micro data processing
Belgium;LFS - EU Labour Force Survey;Share of youth not in employment, education or training (NEET) by sex (%);Male;2017;10.265;;;Repository: ILO-STATISTICS - Micro data processing
Belgium;LFS - EU Labour Force Survey;Share of youth not in employment, education or training (NEET) by sex (%);Female;2017;9.431;;;Repository: ILO-STATISTICS - Micro data processing
Belgium;LFS - EU Labour Force Survey;Share of youth not in employment, education or training (NEET) by sex (%);Total;2016;9.886;;;Repository: ILO-STATISTICS - Micro data processing
Belgium;LFS - EU Labour Force Survey;Share of youth not in employment, education or training (NEET) by sex (%);Male;2016;10.055;;;Repository: ILO-STATISTICS - Micro data processing
Belgium;LFS - EU Labour Force Survey;Share of youth not in employment, education or training (NEET) by sex (%);Female;2016;9.712;;;Repository: ILO-STATISTICS - Micro data processing
Belgium;LFS - EU Labour Force Survey;Share of youth not in employment, education or training (NEET) by sex (%);Total;2015;12.182;;;Repository: ILO-STATISTICS - Micro data processing
Belgium;LFS - EU Labour Force Survey;Share of youth not in employment, education or training (NEET) by sex (%);Male;2015;12.537;;;Repository: ILO-STATISTICS - Micro data processing
Belgium;LFS - EU Labour Force Survey;Share of youth not in employment, education or training (NEET) by sex (%);Female;2015;11.816;;;Repository: ILO-STATISTICS - Micro data processing
Benin;HIES - Monitoring Survey of the Modular and Integrated Survey of Household Living Conditions;Share of youth not in employment, education or training (NEET) by sex (%);Total;2022;14.241;;;Repository: ILO-STATISTICS - Micro data processing
Benin;HIES - Monitoring Survey of the Modular and Integrated Survey of Household Living Conditions;Share of youth not in employment, education or training (NEET) by sex (%);Male;2022;11.766;;;Repository: ILO-STATISTICS - Micro data processing
Benin;HIES - Monitoring Survey of the Modular and Integrated Survey of Household Living Conditions;Share of youth not in employment, education or training (NEET) by sex (%);Female;2022;16.746;;;Repository: ILO-STATISTICS - Micro data processing
Benin;HIES - Monitoring Survey of the Modular and Integrated Survey of Household Living Conditions;Share of youth not in employment, education or training (NEET) by sex (%);Total;2019;15.863;;;Repository: ILO-STATISTICS - Micro data processing
Benin;HIES - Monitoring Survey of the Modular and Integrated Survey of Household Living Conditions;Share of youth not in employment, education or training (NEET) by sex (%);Male;2019;12.982;;;Repository: ILO-STATISTICS - Micro data processing
Benin;HIES - Monitoring Survey of the Modular and Integrated Survey of Household Living Conditions;Share of youth not in employment, education or training (NEET) by sex (%);Female;2019;18.639;;;Repository: ILO-STATISTICS - Micro data processing
Burkina Faso;LFS - Regional Integrated Survey on Employment and the Informal Sector;Share of youth not in employment, education or training (NEET) by sex (%);Total;2023;34.25;;;Repository: ILO-STATISTICS - Micro data processing
Burkina Faso;LFS - Regional Integrated Survey on Employment and the Informal Sector;Share of youth not in employment, education or training (NEET) by sex (%);Male;2023;27.038;;;Repository: ILO-STATISTICS - Micro data processing
Burkina Faso;LFS - Regional Integrated Survey on Employment and the Informal Sector;Share of youth not in employment, education or training (NEET) by sex (%);Female;2023;39.517;;;Repository: ILO-STATISTICS - Micro data processing
Burkina Faso;HIES - Harmonized Survey on Household Living Conditions;Share of youth not in employment, education or training (NEET) by sex (%);Total;2022;18.528;;;Repository: ILO-STATISTICS - Micro data processing
Burkina Faso;HIES - Harmonized Survey on Household Living Conditions;Share of youth not in employment, education or training (NEET) by sex (%);Male;2022;11.201;;;Repository: ILO-STATISTICS - Micro data processing
Burkina Faso;HIES - Harmonized Survey on Household Living Conditions;Share of youth not in employment, education or training (NEET) by sex (%);Female;2022;24.505;;;Repository: ILO-STATISTICS - Micro data processing
Burkina Faso;HIES - Harmonized Survey on Household Living Conditions;Share of youth not in employment, education or training (NEET) by sex (%);Total;2019;13.358;;;Repository: ILO-STATISTICS - Micro data processing
Burkina Faso;HIES - Harmonized Survey on Household Living Conditions;Share of youth not in employment, education or training (NEET) by sex (%);Male;2019;8.401;;;Repository: ILO-STATISTICS - Micro data processing
Burkina Faso;HIES - Harmonized Survey on Household Living Conditions;Share of youth not in employment, education or training (NEET) by sex (%);Female;2019;17.754;;;Repository: ILO-STATISTICS - Micro data processing
Burkina Faso;LFS - Regional Integrated Survey on Employment and the Informal Sector;Share of youth not in employment, education or training (NEET) by sex (%);Total;2018;41.004;;;Repository: ILO-STATISTICS - Micro data processing
Burkina Faso;LFS - Regional Integrated Survey on Employment and the Informal Sector;Share of youth not in employment, education or training (NEET) by sex (%);Male;2018;30.454;;;Repository: ILO-STATISTICS - Micro data processing
Burkina Faso;LFS - Regional Integrated Survey on Employment and the Informal Sector;Share of youth not in employment, education or training (NEET) by sex (%);Female;2018;49.099;;;Repository: ILO-STATISTICS - Micro data processing
Bangladesh;LFS - Labour Force Survey;Share of youth not in employment, education or training (NEET) by sex (%);Total;2023;14.338;;;Repository: ILO-STATISTICS - Micro data processing
Bangladesh;LFS - Labour Force Survey;Share of youth not in employment, education or training (NEET) by sex (%);Male;2023;9.642;;;Repository: ILO-STATISTICS - Micro data processing
Bangladesh;LFS - Labour Force Survey;Share of youth not in employment, education or training (NEET) by sex (%);Female;2023;18.804;;;Repository: ILO-STATISTICS - Micro data processing
Bangladesh;LFS - Labour Force Survey;Share of youth not in employment, education or training (NEET) by sex (%);Other;2023;57.673;Unreliable;;Repository: ILO-STATISTICS - Micro data processing
Bangladesh;LFS - Labour Force Survey;Share of youth not in employment, education or training (NEET) by sex (%);Total;2022;14.958;;;Repository: ILO-STATISTICS - Micro data processing
Bangladesh;LFS - Labour Force Survey;Share of youth not in employment, education or training (NEET) by sex (%);Male;2022;10.472;;;Repository: ILO-STATISTICS - Micro data processing
Bangladesh;LFS - Labour Force Survey;Share of youth not in employment, education or training (NEET) by sex (%);Female;2022;19.131;;;Repository: ILO-STATISTICS - Micro data processing
Bangladesh;LFS - Labour Force Survey;Share of youth not in employment, education or training (NEET) by sex (%);Total;2017;27.386;;;Repository: ILO-STATISTICS - Micro data processing
Bangladesh;LFS - Labour Force Survey;Share of youth not in employment, education or training (NEET) by sex (%);Male;2017;9.811;;;Repository: ILO-STATISTICS - Micro data processing
Bangladesh;LFS - Labour Force Survey;Share of youth not in employment, education or training (NEET) by sex (%);Female;2017;44.55;;;Repository: ILO-STATISTICS - Micro data processing
Bangladesh;LFS - Labour Force Survey;Share of youth not in employment, education or training (NEET) by sex (%);Total;2016;28.88;;;Population coverage: Excluding both institutional population and armed forces and/or conscripts
Bangladesh;LFS - Labour Force Survey;Share of youth not in employment, education or training (NEET) by sex (%);Male;2016;9.97;;;Population coverage: Excluding both institutional population and armed forces and/or conscripts
Bangladesh;LFS - Labour Force Survey;Share of youth not in employment, education or training (NEET) by sex (%);Female;2016;46.99;;;Population coverage: Excluding both institutional population and armed forces and/or conscripts
Bulgaria;LFS - EU Labour Force Survey;Share of youth not in employment, education or training (NEET) by sex (%);Total;2023;11.152;;;Repository: ILO-STATISTICS - Micro data processing
Bulgaria;LFS - EU Labour Force Survey;Share of youth not in employment, education or training (NEET) by sex (%);Male;2023;11.458;;;Repository: ILO-STATISTICS - Micro data processing
Bulgaria;LFS - EU Labour Force Survey;Share of youth not in employment, education or training (NEET) by sex (%);Female;2023;10.829;;;Repository: ILO-STATISTICS - Micro data processing
Bulgaria;LFS - EU Labour Force Survey;Share of youth not in employment, education or training (NEET) by sex (%);Total;2022;12.55;;;Repository: ILO-STATISTICS - Micro data processing
Bulgaria;LFS - EU Labour Force Survey;Share of youth not in employment, education or training (NEET) by sex (%);Male;2022;11.286;;;Repository: ILO-STATISTICS - Micro data processing
Bulgaria;LFS - EU Labour Force Survey;Share of youth not in employment, education or training (NEET) by sex (%);Female;2022;13.883;;;Repository: ILO-STATISTICS - Micro data processing
Bulgaria;LFS - EU Labour Force Survey;Share of youth not in employment, education or training (NEET) by sex (%);Total;2021;13.568;;;Repository: ILO-STATISTICS - Micro data processing
Bulgaria;LFS - EU Labour Force Survey;Share of youth not in employment, education or training (NEET) by sex (%);Male;2021;13.212;;;Repository: ILO-STATISTICS - Micro data processing
Bulgaria;LFS - EU Labour Force Survey;Share of youth not in employment, education or training (NEET) by sex (%);Female;2021;13.942;;;Repository: ILO-STATISTICS - Micro data processing
Bulgaria;LFS - EU Labour Force Survey;Share of youth not in employment, education or training (NEET) by sex (%);Total;2020;14.706;;;Repository: ILO-STATISTICS - Micro data processing
Bulgaria;LFS - EU Labour Force Survey;Share of youth not in employment, education or training (NEET) by sex (%);Male;2020;14.166;;;Repository: ILO-STATISTICS - Micro data processing
Bulgaria;LFS - EU Labour Force Survey;Share of youth not in employment, education or training (NEET) by sex (%);Female;2020;15.273;;;Repository: ILO-STATISTICS - Micro data processing
Bulgaria;LFS - EU Labour Force Survey;Share of youth not in employment, education or training (NEET) by sex (%);Total;2019;13.546;;;Repository: ILO-STATISTICS - Micro data processing
Bulgaria;LFS - EU Labour Force Survey;Share of youth not in employment, education or training (NEET) by sex (%);Male;2019;13.301;;;Repository: ILO-STATISTICS - Micro data processing
Bulgaria;LFS - EU Labour Force Survey;Share of youth not in employment, education or training (NEET) by sex (%);Female;2019;13.803;;;Repository: ILO-STATISTICS - Micro data processing
Bulgaria;LFS - EU Labour Force Survey;Share of youth not in employment, education or training (NEET) by sex (%);Total;2018;13.844;;;Repository: ILO-STATISTICS - Micro data processing
Bulgaria;LFS - EU Labour Force Survey;Share of youth not in employment, education or training (NEET) by sex (%);Male;2018;11.995;;;Repository: ILO-STATISTICS - Micro data processing
Bulgaria;LFS - EU Labour Force Survey;Share of youth not in employment, education or training (NEET) by sex (%);Female;2018;15.796;;;Repository: ILO-STATISTICS - Micro data processing
Bulgaria;LFS - EU Labour Force Survey;Share of youth not in employment, education or training (NEET) by sex (%);Total;2017;15.848;;;Repository: ILO-STATISTICS - Micro data processing
Bulgaria;LFS - EU Labour Force Survey;Share of youth not in employment, education or training (NEET) by sex (%);Male;2017;13.745;;;Repository: ILO-STATISTICS - Micro data processing
Bulgaria;LFS - EU Labour Force Survey;Share of youth not in employment, education or training (NEET) by sex (%);Female;2017;18.071;;;Repository: ILO-STATISTICS - Micro data processing
Bulgaria;LFS - EU Labour Force Survey;Share of youth not in employment, education or training (NEET) by sex (%);Total;2016;18.198;;;Repository: ILO-STATISTICS - Micro data processing
Bulgaria;LFS - EU Labour Force Survey;Share of youth not in employment, education or training (NEET) by sex (%);Male;2016;16.831;;;Repository: ILO-STATISTICS - Micro data processing
Bulgaria;LFS - EU Labour Force Survey;Share of youth not in employment, education or training (NEET) by sex (%);Female;2016;19.642;;;Repository: ILO-STATISTICS - Micro data processing
Bulgaria;LFS - EU Labour Force Survey;Share of youth not in employment, education or training (NEET) by sex (%);Total;2015;18.474;;;Repository: ILO-STATISTICS - Micro data processing
Bulgaria;LFS - EU Labour Force Survey;Share of youth not in employment, education or training (NEET) by sex (%);Male;2015;17.799;;;Repository: ILO-STATISTICS - Micro data processing
Bulgaria;LFS - EU Labour Force Survey;Share of youth not in employment, education or training (NEET) by sex (%);Female;2015;19.186;;;Repository: ILO-STATISTICS - Micro data processing
Bosnia and Herzegovina;LFS - Labour Force Survey;Share of youth not in employment, education or training (NEET) by sex (%);Total;2023;15.98;Break in series;Break in series: Methodology revised;Repository: ILO-STATISTICS - Micro data processing
Bosnia and Herzegovina;LFS - Labour Force Survey;Share of youth not in employment, education or training (NEET) by sex (%);Male;2023;16.909;Break in series;Break in series: Methodology revised;Repository: ILO-STATISTICS - Micro data processing
Bosnia and Herzegovina;LFS - Labour Force Survey;Share of youth not in employment, education or training (NEET) by sex (%);Female;2023;14.996;Break in series;Break in series: Methodology revised;Repository: ILO-STATISTICS - Micro data processing
Bosnia and Herzegovina;LFS - Labour Force Survey;Share of youth not in employment, education or training (NEET) by sex (%);Total;2022;17.623;Break in series;Break in series: Methodology revised;Repository: ILO-STATISTICS - Micro data processing
Bosnia and Herzegovina;LFS - Labour Force Survey;Share of youth not in employment, education or training (NEET) by sex (%);Male;2022;17.193;Break in series;Break in series: Methodology revised;Repository: ILO-STATISTICS - Micro data processing
Bosnia and Herzegovina;LFS - Labour Force Survey;Share of youth not in employment, education or training (NEET) by sex (%);Female;2022;18.08;Break in series;Break in series: Methodology revised;Repository: ILO-STATISTICS - Micro data processing
Bosnia and Herzegovina;LFS - Labour Force Survey;Share of youth not in employment, education or training (NEET) by sex (%);Total;2021;19.302;Break in series;Break in series: Methodology revised;Repository: ILO-STATISTICS - Micro data processing
Bosnia and Herzegovina;LFS - Labour Force Survey;Share of youth not in employment, education or training (NEET) by sex (%);Male;2021;18.773;Break in series;Break in series: Methodology revised;Repository: ILO-STATISTICS - Micro data processing
Bosnia and Herzegovina;LFS - Labour Force Survey;Share of youth not in employment, education or training (NEET) by sex (%);Female;2021;19.866;Break in series;Break in series: Methodology revised;Repository: ILO-STATISTICS - Micro data processing
Bosnia and Herzegovina;LFS - Labour Force Survey;Share of youth not in employment, education or training (NEET) by sex (%);Total;2020;21.805;Break in series;Break in series: Methodology revised;Repository: ILO-STATISTICS - Micro data processing | Employment definition: Excluding own-use production workers
Bosnia and Herzegovina;LFS - Labour Force Survey;Share of youth not in employment, education or training (NEET) by sex (%);Male;2020;20.412;Break in series;Break in series: Methodology revised;Repository: ILO-STATISTICS - Micro data processing | Employment definition: Excluding own-use production workers
Bosnia and Herzegovina;LFS - Labour Force Survey;Share of youth not in employment, education or training (NEET) by sex (%);Female;2020;23.272;Break in series;Break in series: Methodology revised;Repository: ILO-STATISTICS - Micro data processing | Employment definition: Excluding own-use production workers
Bosnia and Herzegovina;LFS - Labour Force Survey;Share of youth not in employment, education or training (NEET) by sex (%);Total;2019;22.598;;;Repository: ILO-STATISTICS - Micro data processing
Bosnia and Herzegovina;LFS - Labour Force Survey;Share of youth not in employment, education or training (NEET) by sex (%);Male;2019;22.501;;;Repository: ILO-STATISTICS - Micro data processing
Bosnia and Herzegovina;LFS - Labour Force Survey;Share of youth not in employment, education or training (NEET) by sex (%);Female;2019;22.718;;;Repository: ILO-STATISTICS - Micro data processing
Bosnia and Herzegovina;LFS - Labour Force Survey;Share of youth not in employment, education or training (NEET) by sex (%);Total;2018;22.605;;;Repository: ILO-STATISTICS - Micro data processing
Bosnia and Herzegovina;LFS - Labour Force Survey;Share of youth not in employment, education or training (NEET) by sex (%);Male;2018;23.006;;;Repository: ILO-STATISTICS - Micro data processing
Bosnia and Herzegovina;LFS - Labour Force Survey;Share of youth not in employment, education or training (NEET) by sex (%);Female;2018;22.154;;;Repository: ILO-STATISTICS - Micro data processing
Bosnia and Herzegovina;LFS - Labour Force Survey;Share of youth not in employment, education or training (NEET) by sex (%);Total;2017;25.506;;;Repository: ILO-STATISTICS - Micro data processing
Bosnia and Herzegovina;LFS - Labour Force Survey;Share of youth not in employment, education or training (NEET) by sex (%);Male;2017;25.857;;;Repository: ILO-STATISTICS - Micro data processing
Bosnia and Herzegovina;LFS - Labour Force Survey;Share of youth not in employment, education or training (NEET) by sex (%);Female;2017;25.084;;;Repository: ILO-STATISTICS - Micro data processing
Bosnia and Herzegovina;LFS - Labour Force Survey;Share of youth not in employment, education or training (NEET) by sex (%);Total;2016;27.09;;;Repository: ILO-STATISTICS - Micro data processing
Bosnia and Herzegovina;LFS - Labour Force Survey;Share of youth not in employment, education or training (NEET) by sex (%);Male;2016;28.598;;;Repository: ILO-STATISTICS - Micro data processing
Bosnia and Herzegovina;LFS - Labour Force Survey;Share of youth not in employment, education or training (NEET) by sex (%);Female;2016;25.383;;;Repository: ILO-STATISTICS - Micro data processing
Bosnia and Herzegovina;LFS - Labour Force Survey;Share of youth not in employment, education or training (NEET) by sex (%);Total;2015;28.348;;;Repository: ILO-STATISTICS - Micro data processing
Bosnia and Herzegovina;LFS - Labour Force Survey;Share of youth not in employment, education or training (NEET) by sex (%);Male;2015;29.944;;;Repository: ILO-STATISTICS - Micro data processing
Bosnia and Herzegovina;LFS - Labour Force Survey;Share of youth not in employment, education or training (NEET) by sex (%);Female;2015;26.539;;;Repository: ILO-STATISTICS - Micro data processing
Belarus;LFS - Labour Force Survey;Share of youth not in employment, education or training (NEET) by sex (%);Total;2022;5.149;;;Repository: ILO-STATISTICS - Micro data processing | Age coverage - maximum age: 74 years old
Belarus;LFS - Labour Force Survey;Share of youth not in employment, education or training (NEET) by sex (%);Male;2022;5.168;;;Repository: ILO-STATISTICS - Micro data processing | Age coverage - maximum age: 74 years old
Belarus;LFS - Labour Force Survey;Share of youth not in employment, education or training (NEET) by sex (%);Female;2022;5.13;;;Repository: ILO-STATISTICS - Micro data processing | Age coverage - maximum age: 74 years old
Belarus;LFS - Labour Force Survey;Share of youth not in employment, education or training (NEET) by sex (%);Total;2021;5.476;;;Repository: ILO-STATISTICS - Micro data processing | Age coverage - maximum age: 74 years old
Belarus;LFS - Labour Force Survey;Share of youth not in employment, education or training (NEET) by sex (%);Male;2021;6.086;;;Repository: ILO-STATISTICS - Micro data processing | Age coverage - maximum age: 74 years old
Belarus;LFS - Labour Force Survey;Share of youth not in employment, education or training (NEET) by sex (%);Female;2021;4.836;;;Repository: ILO-STATISTICS - Micro data processing | Age coverage - maximum age: 74 years old
Belarus;LFS - Labour Force Survey;Share of youth not in employment, education or training (NEET) by sex (%);Total;2020;6.79;;;Repository: ILO-STATISTICS - Micro data processing | Age coverage - maximum age: 74 years old
Belarus;LFS - Labour Force Survey;Share of youth not in employment, education or training (NEET) by sex (%);Male;2020;7.761;;;Repository: ILO-STATISTICS - Micro data processing | Age coverage - maximum age: 74 years old
Belarus;LFS - Labour Force Survey;Share of youth not in employment, education or training (NEET) by sex (%);Female;2020;5.764;;;Repository: ILO-STATISTICS - Micro data processing | Age coverage - maximum age: 74 years old
Belarus;LFS - Labour Force Survey;Share of youth not in employment, education or training (NEET) by sex (%);Total;2019;6.897;;;Repository: ILO-STATISTICS - Micro data processing | Age coverage - maximum age: 74 years old
Belarus;LFS - Labour Force Survey;Share of youth not in employment, education or training (NEET) by sex (%);Male;2019;8.07;;;Repository: ILO-STATISTICS - Micro data processing | Age coverage - maximum age: 74 years old
Belarus;LFS - Labour Force Survey;Share of youth not in employment, education or training (NEET) by sex (%);Female;2019;5.654;;;Repository: ILO-STATISTICS - Micro data processing | Age coverage - maximum age: 74 years old
Belarus;LFS - Labour Force Survey;Share of youth not in employment, education or training (NEET) by sex (%);Total;2018;6.203;;;Repository: ILO-STATISTICS - Micro data processing | Age coverage - maximum age: 74 years old
Belarus;LFS - Labour Force Survey;Share of youth not in employment, education or training (NEET) by sex (%);Male;2018;6.9;;;Repository: ILO-STATISTICS - Micro data processing | Age coverage - maximum age: 74 years old
Belarus;LFS - Labour Force Survey;Share of youth not in employment, education or training (NEET) by sex (%);Female;2018;5.466;;;Repository: ILO-STATISTICS - Micro data processing | Age coverage - maximum age: 74 years old
Belarus;LFS - Labour Force Survey;Share of youth not in employment, education or training (NEET) by sex (%);Total;2017;7.111;;;Repository: ILO-STATISTICS - Micro data processing | Age coverage - maximum age: 74 years old
Belarus;LFS - Labour Force Survey;Share of youth not in employment, education or training (NEET) by sex (%);Male;2017;7.601;;;Repository: ILO-STATISTICS - Micro data processing | Age coverage - maximum age: 74 years old
Belarus;LFS - Labour Force Survey;Share of youth not in employment, education or training (NEET) by sex (%);Female;2017;6.595;;;Repository: ILO-STATISTICS - Micro data processing | Age coverage - maximum age: 74 years old
Belarus;LFS - Labour Force Survey;Share of youth not in employment, education or training (NEET) by sex (%);Total;2016;8.052;;;Repository: ILO-STATISTICS - Micro data processing | Age coverage - maximum age: 74 years old
Belarus;LFS - Labour Force Survey;Share of youth not in employment, education or training (NEET) by sex (%);Male;2016;8.529;;;Repository: ILO-STATISTICS - Micro data processing | Age coverage - maximum age: 74 years old
Belarus;LFS - Labour Force Survey;Share of youth not in employment, education or training (NEET) by sex (%);Female;2016;7.55;;;Repository: ILO-STATISTICS - Micro data processing | Age coverage - maximum age: 74 years old
Belize;LFS - Labour Force Survey;Share of youth not in employment, education or training (NEET) by sex (%);Total;2019;24.884;;;Repository: ILO-STATISTICS - Micro data processing
Belize;LFS - Labour Force Survey;Share of youth not in employment, education or training (NEET) by sex (%);Male;2019;14.698;;;Repository: ILO-STATISTICS - Micro data processing
Belize;LFS - Labour Force Survey;Share of youth not in employment, education or training (NEET) by sex (%);Female;2019;34.817;;;Repository: ILO-STATISTICS - Micro data processing
Belize;LFS - Labour Force Survey;Share of youth not in employment, education or training (NEET) by sex (%);Total;2018;24.714;;;Repository: ILO-STATISTICS - Micro data processing
Belize;LFS - Labour Force Survey;Share of youth not in employment, education or training (NEET) by sex (%);Male;2018;13.508;;;Repository: ILO-STATISTICS - Micro data processing
Belize;LFS - Labour Force Survey;Share of youth not in employment, education or training (NEET) by sex (%);Female;2018;35.469;;;Repository: ILO-STATISTICS - Micro data processing
Belize;LFS - Labour Force Survey;Share of youth not in employment, education or training (NEET) by sex (%);Total;2017;27.378;;;Repository: ILO-STATISTICS - Micro data processing
Belize;LFS - Labour Force Survey;Share of youth not in employment, education or training (NEET) by sex (%);Male;2017;14.854;;;Repository: ILO-STATISTICS - Micro data processing
Belize;LFS - Labour Force Survey;Share of youth not in employment, education or training (NEET) by sex (%);Female;2017;39.51;;;Repository: ILO-STATISTICS - Micro data processing
Belize;LFS - Labour Force Survey;Share of youth not in employment, education or training (NEET) by sex (%);Total;2016;27.378;;;Repository: ILO-STATISTICS - Micro data processing
Belize;LFS - Labour Force Survey;Share of youth not in employment, education or training (NEET) by sex (%);Male;2016;15.033;;;Repository: ILO-STATISTICS - Micro data processing
Belize;LFS - Labour Force Survey;Share of youth not in employment, education or training (NEET) by sex (%);Female;2016;39.354;;;Repository: ILO-STATISTICS - Micro data processing
Belize;LFS - Labour Force Survey;Share of youth not in employment, education or training (NEET) by sex (%);Total;2015;27.679;;;Repository: ILO-STATISTICS - Micro data processing
Belize;LFS - Labour Force Survey;Share of youth not in employment, education or training (NEET) by sex (%);Male;2015;14.016;;;Repository: ILO-STATISTICS - Micro data processing
Belize;LFS - Labour Force Survey;Share of youth not in employment, education or training (NEET) by sex (%);Female;2015;40.986;;;Repository: ILO-STATISTICS - Micro data processing
Bolivia (Plurinational State of);LFS - Continuous Employment Survey;Share of youth not in employment, education or training (NEET) by sex (%);Total;2023;9.597;;;Repository: ILO-STATISTICS - Micro data processing
Bolivia (Plurinational State of);LFS - Continuous Employment Survey;Share of youth not in employment, education or training (NEET) by sex (%);Male;2023;5.656;;;Repository: ILO-STATISTICS - Micro data processing
Bolivia (Plurinational State of);LFS - Continuous Employment Survey;Share of youth not in employment, education or training (NEET) by sex (%);Female;2023;13.593;;;Repository: ILO-STATISTICS - Micro data processing
Bolivia (Plurinational State of);LFS - Continuous Employment Survey;Share of youth not in employment, education or training (NEET) by sex (%);Total;2022;9.969;;;Repository: ILO-STATISTICS - Micro data processing
Bolivia (Plurinational State of);LFS - Continuous Employment Survey;Share of youth not in employment, education or training (NEET) by sex (%);Male;2022;5.665;;;Repository: ILO-STATISTICS - Micro data processing
Bolivia (Plurinational State of);LFS - Continuous Employment Survey;Share of youth not in employment, education or training (NEET) by sex (%);Female;2022;14.288;;;Repository: ILO-STATISTICS - Micro data processing
Bolivia (Plurinational State of);LFS - Continuous Employment Survey;Share of youth not in employment, education or training (NEET) by sex (%);Total;2021;10.976;Break in series;Break in series: Methodology revised;Repository: ILO-STATISTICS - Micro data processing
Bolivia (Plurinational State of);LFS - Continuous Employment Survey;Share of youth not in employment, education or training (NEET) by sex (%);Male;2021;6.939;Break in series;Break in series: Methodology revised;Repository: ILO-STATISTICS - Micro data processing
Bolivia (Plurinational State of);LFS - Continuous Employment Survey;Share of youth not in employment, education or training (NEET) by sex (%);Female;2021;14.98;Break in series;Break in series: Methodology revised;Repository: ILO-STATISTICS - Micro data processing
Bolivia (Plurinational State of);HIES - Household Survey;Share of youth not in employment, education or training (NEET) by sex (%);Total;2020;13.702;;;Repository: ILO-STATISTICS - Micro data processing
Bolivia (Plurinational State of);HIES - Household Survey;Share of youth not in employment, education or training (NEET) by sex (%);Male;2020;9.434;;;Repository: ILO-STATISTICS - Micro data processing
Bolivia (Plurinational State of);HIES - Household Survey;Share of youth not in employment, education or training (NEET) by sex (%);Female;2020;17.894;;;Repository: ILO-STATISTICS - Micro data processing
Bolivia (Plurinational State of);LFS - Continuous Employment Survey;Share of youth not in employment, education or training (NEET) by sex (%);Total;2019;11.606;;;Repository: ILO-STATISTICS - Micro data processing
Bolivia (Plurinational State of);LFS - Continuous Employment Survey;Share of youth not in employment, education or training (NEET) by sex (%);Male;2019;6.413;;;Repository: ILO-STATISTICS - Micro data processing
Bolivia (Plurinational State of);LFS - Continuous Employment Survey;Share of youth not in employment, education or training (NEET) by sex (%);Female;2019;16.751;;;Repository: ILO-STATISTICS - Micro data processing
Bolivia (Plurinational State of);HIES - Household Survey;Share of youth not in employment, education or training (NEET) by sex (%);Total;2018;10.834;;;Repository: ILO-STATISTICS - Micro data processing
Bolivia (Plurinational State of);HIES - Household Survey;Share of youth not in employment, education or training (NEET) by sex (%);Male;2018;4.108;;;Repository: ILO-STATISTICS - Micro data processing
Bolivia (Plurinational State of);HIES - Household Survey;Share of youth not in employment, education or training (NEET) by sex (%);Female;2018;17.548;;;Repository: ILO-STATISTICS - Micro data processing
Bolivia (Plurinational State of);HIES - Household Survey;Share of youth not in employment, education or training (NEET) by sex (%);Total;2017;11.577;;;Repository: ILO-STATISTICS - Micro data processing
Bolivia (Plurinational State of);HIES - Household Survey;Share of youth not in employment, education or training (NEET) by sex (%);Male;2017;5.014;;;Repository: ILO-STATISTICS - Micro data processing
Bolivia (Plurinational State of);HIES - Household Survey;Share of youth not in employment, education or training (NEET) by sex (%);Female;2017;18.083;;;Repository: ILO-STATISTICS - Micro data processing
Bolivia (Plurinational State of);HIES - Household Survey;Share of youth not in employment, education or training (NEET) by sex (%);Total;2016;10.791;;;Repository: ILO-STATISTICS - Micro data processing
Bolivia (Plurinational State of);HIES - Household Survey;Share of youth not in employment, education or training (NEET) by sex (%);Male;2016;4.704;;;Repository: ILO-STATISTICS - Micro data processing
Bolivia (Plurinational State of);HIES - Household Survey;Share of youth not in employment, education or training (NEET) by sex (%);Female;2016;16.479;;;Repository: ILO-STATISTICS - Micro data processing
Bolivia (Plurinational State of);HIES - Household Survey;Share of youth not in employment, education or training (NEET) by sex (%);Total;2015;14.561;;;Repository: ILO-STATISTICS - Micro data processing
Bolivia (Plurinational State of);HIES - Household Survey;Share of youth not in employment, education or training (NEET) by sex (%);Male;2015;6.785;;;Repository: ILO-STATISTICS - Micro data processing
Bolivia (Plurinational State of);HIES - Household Survey;Share of youth not in employment, education or training (NEET) by sex (%);Female;2015;22.183;;;Repository: ILO-STATISTICS - Micro data processing
Brazil;HS - Continuous National Household Sample Survey;Share of youth not in employment, education or training (NEET) by sex (%);Total;2023;20.621;;;Repository: ILO-STATISTICS - Micro data processing
Brazil;HS - Continuous National Household Sample Survey;Share of youth not in employment, education or training (NEET) by sex (%);Male;2023;15.927;;;Repository: ILO-STATISTICS - Micro data processing
Brazil;HS - Continuous National Household Sample Survey;Share of youth not in employment, education or training (NEET) by sex (%);Female;2023;25.469;;;Repository: ILO-STATISTICS - Micro data processing
Brazil;HS - Continuous National Household Sample Survey;Share of youth not in employment, education or training (NEET) by sex (%);Total;2022;20.975;;;Repository: ILO-STATISTICS - Micro data processing
Brazil;HS - Continuous National Household Sample Survey;Share of youth not in employment, education or training (NEET) by sex (%);Male;2022;16.25;;;Repository: ILO-STATISTICS - Micro data processing
Brazil;HS - Continuous National Household Sample Survey;Share of youth not in employment, education or training (NEET) by sex (%);Female;2022;25.825;;;Repository: ILO-STATISTICS - Micro data processing
Brazil;HS - Continuous National Household Sample Survey;Share of youth not in employment, education or training (NEET) by sex (%);Total;2021;23.377;;;Repository: ILO-STATISTICS - Micro data processing
Brazil;HS - Continuous National Household Sample Survey;Share of youth not in employment, education or training (NEET) by sex (%);Male;2021;18.627;;;Repository: ILO-STATISTICS - Micro data processing
Brazil;HS - Continuous National Household Sample Survey;Share of youth not in employment, education or training (NEET) by sex (%);Female;2021;28.272;;;Repository: ILO-STATISTICS - Micro data processing
Brazil;HS - Continuous National Household Sample Survey;Share of youth not in employment, education or training (NEET) by sex (%);Total;2020;25.991;;;Repository: ILO-STATISTICS - Micro data processing
Brazil;HS - Continuous National Household Sample Survey;Share of youth not in employment, education or training (NEET) by sex (%);Male;2020;20.879;;;Repository: ILO-STATISTICS - Micro data processing
Brazil;HS - Continuous National Household Sample Survey;Share of youth not in employment, education or training (NEET) by sex (%);Female;2020;31.251;;;Repository: ILO-STATISTICS - Micro data processing
Brazil;HS - Continuous National Household Sample Survey;Share of youth not in employment, education or training (NEET) by sex (%);Total;2019;23.986;;;Repository: ILO-STATISTICS - Micro data processing
Brazil;HS - Continuous National Household Sample Survey;Share of youth not in employment, education or training (NEET) by sex (%);Male;2019;18.643;;;Repository: ILO-STATISTICS - Micro data processing
Brazil;HS - Continuous National Household Sample Survey;Share of youth not in employment, education or training (NEET) by sex (%);Female;2019;29.471;;;Repository: ILO-STATISTICS - Micro data processing
Brazil;HS - Continuous National Household Sample Survey;Share of youth not in employment, education or training (NEET) by sex (%);Total;2018;24.605;;;Repository: ILO-STATISTICS - Micro data processing
Brazil;HS - Continuous National Household Sample Survey;Share of youth not in employment, education or training (NEET) by sex (%);Male;2018;19.302;;;Repository: ILO-STATISTICS - Micro data processing
Brazil;HS - Continuous National Household Sample Survey;Share of youth not in employment, education or training (NEET) by sex (%);Female;2018;30.047;;;Repository: ILO-STATISTICS - Micro data processing
Brazil;HS - Continuous National Household Sample Survey;Share of youth not in employment, education or training (NEET) by sex (%);Total;2017;24.866;;;Repository: ILO-STATISTICS - Micro data processing
Brazil;HS - Continuous National Household Sample Survey;Share of youth not in employment, education or training (NEET) by sex (%);Male;2017;19.362;;;Repository: ILO-STATISTICS - Micro data processing
Brazil;HS - Continuous National Household Sample Survey;Share of youth not in employment, education or training (NEET) by sex (%);Female;2017;30.491;;;Repository: ILO-STATISTICS - Micro data processing
Brazil;HS - Continuous National Household Sample Survey;Share of youth not in employment, education or training (NEET) by sex (%);Total;2016;23.803;;;Repository: ILO-STATISTICS - Micro data processing
Brazil;HS - Continuous National Household Sample Survey;Share of youth not in employment, education or training (NEET) by sex (%);Male;2016;18.125;;;Repository: ILO-STATISTICS - Micro data processing
Brazil;HS - Continuous National Household Sample Survey;Share of youth not in employment, education or training (NEET) by sex (%);Female;2016;29.589;;;Repository: ILO-STATISTICS - Micro data processing
Brazil;HS - Continuous National Household Sample Survey;Share of youth not in employment, education or training (NEET) by sex (%);Total;2015;22.103;;;Repository: ILO-STATISTICS - Micro data processing
Brazil;HS - Continuous National Household Sample Survey;Share of youth not in employment, education or training (NEET) by sex (%);Male;2015;15.74;;;Repository: ILO-STATISTICS - Micro data processing
Brazil;HS - Continuous National Household Sample Survey;Share of youth not in employment, education or training (NEET) by sex (%);Female;2015;28.581;;;Repository: ILO-STATISTICS - Micro data processing
Barbados;HIES - Survey on Living Conditions;Share of youth not in employment, education or training (NEET) by sex (%);Total;2016;28.993;;;Repository: ILO-STATISTICS - Micro data processing
Barbados;HIES - Survey on Living Conditions;Share of youth not in employment, education or training (NEET) by sex (%);Male;2016;32.151;;;Repository: ILO-STATISTICS - Micro data processing
Barbados;HIES - Survey on Living Conditions;Share of youth not in employment, education or training (NEET) by sex (%);Female;2016;25.882;;;Repository: ILO-STATISTICS - Micro data processing
Brunei Darussalam;LFS - Labour Force Survey;Share of youth not in employment, education or training (NEET) by sex (%);Total;2023;16.524;;;Repository: ILO-STATISTICS - Micro data processing
Brunei Darussalam;LFS - Labour Force Survey;Share of youth not in employment, education or training (NEET) by sex (%);Male;2023;14.356;;;Repository: ILO-STATISTICS - Micro data processing
Brunei Darussalam;LFS - Labour Force Survey;Share of youth not in employment, education or training (NEET) by sex (%);Female;2023;18.913;;;Repository: ILO-STATISTICS - Micro data processing
Brunei Darussalam;LFS - Labour Force Survey;Share of youth not in employment, education or training (NEET) by sex (%);Total;2022;20.004;;;Repository: ILO-STATISTICS - Micro data processing
Brunei Darussalam;LFS - Labour Force Survey;Share of youth not in employment, education or training (NEET) by sex (%);Male;2022;19.191;;;Repository: ILO-STATISTICS - Micro data processing
Brunei Darussalam;LFS - Labour Force Survey;Share of youth not in employment, education or training (NEET) by sex (%);Female;2022;20.926;;;Repository: ILO-STATISTICS - Micro data processing
Brunei Darussalam;LFS - Labour Force Survey;Share of youth not in employment, education or training (NEET) by sex (%);Total;2021;18.679;;;Repository: ILO-STATISTICS - Micro data processing
Brunei Darussalam;LFS - Labour Force Survey;Share of youth not in employment, education or training (NEET) by sex (%);Male;2021;17.494;;;Repository: ILO-STATISTICS - Micro data processing
Brunei Darussalam;LFS - Labour Force Survey;Share of youth not in employment, education or training (NEET) by sex (%);Female;2021;19.982;;;Repository: ILO-STATISTICS - Micro data processing
Brunei Darussalam;LFS - Labour Force Survey;Share of youth not in employment, education or training (NEET) by sex (%);Total;2020;21.433;;;Repository: ILO-STATISTICS - Micro data processing
Brunei Darussalam;LFS - Labour Force Survey;Share of youth not in employment, education or training (NEET) by sex (%);Male;2020;20.3;;;Repository: ILO-STATISTICS - Micro data processing
Brunei Darussalam;LFS - Labour Force Survey;Share of youth not in employment, education or training (NEET) by sex (%);Female;2020;22.763;;;Repository: ILO-STATISTICS - Micro data processing
Brunei Darussalam;LFS - Labour Force Survey;Share of youth not in employment, education or training (NEET) by sex (%);Total;2019;20.092;;;Repository: ILO-STATISTICS - Micro data processing
Brunei Darussalam;LFS - Labour Force Survey;Share of youth not in employment, education or training (NEET) by sex (%);Male;2019;18.603;;;Repository: ILO-STATISTICS - Micro data processing
Brunei Darussalam;LFS - Labour Force Survey;Share of youth not in employment, education or training (NEET) by sex (%);Female;2019;21.968;;;Repository: ILO-STATISTICS - Micro data processing
Brunei Darussalam;LFS - Labour Force Survey;Share of youth not in employment, education or training (NEET) by sex (%);Total;2018;20.716;;;Repository: ILO-STATISTICS - Micro data processing
Brunei Darussalam;LFS - Labour Force Survey;Share of youth not in employment, education or training (NEET) by sex (%);Male;2018;18.627;;;Repository: ILO-STATISTICS - Micro data processing
Brunei Darussalam;LFS - Labour Force Survey;Share of youth not in employment, education or training (NEET) by sex (%);Female;2018;23.259;;;Repository: ILO-STATISTICS - Micro data processing
Brunei Darussalam;LFS - Labour Force Survey;Share of youth not in employment, education or training (NEET) by sex (%);Total;2017;19.966;;;Repository: ILO-STATISTICS - Micro data processing
Brunei Darussalam;LFS - Labour Force Survey;Share of youth not in employment, education or training (NEET) by sex (%);Male;2017;19.986;;;Repository: ILO-STATISTICS - Micro data processing
Brunei Darussalam;LFS - Labour Force Survey;Share of youth not in employment, education or training (NEET) by sex (%);Female;2017;19.945;;;Repository: ILO-STATISTICS - Micro data processing
Bhutan;LFS - Labour Force Survey;Share of youth not in employment, education or training (NEET) by sex (%);Total;2023;19.723;;;Repository: ILO-STATISTICS - Micro data processing
Bhutan;LFS - Labour Force Survey;Share of youth not in employment, education or training (NEET) by sex (%);Male;2023;16.851;;;Repository: ILO-STATISTICS - Micro data processing
Bhutan;LFS - Labour Force Survey;Share of youth not in employment, education or training (NEET) by sex (%);Female;2023;22.624;;;Repository: ILO-STATISTICS - Micro data processing
Bhutan;LFS - Labour Force Survey;Share of youth not in employment, education or training (NEET) by sex (%);Total;2022;18.624;;;Repository: ILO-STATISTICS - Micro data processing
Bhutan;LFS - Labour Force Survey;Share of youth not in employment, education or training (NEET) by sex (%);Male;2022;14.351;;;Repository: ILO-STATISTICS - Micro data processing
Bhutan;LFS - Labour Force Survey;Share of youth not in employment, education or training (NEET) by sex (%);Female;2022;22.512;;;Repository: ILO-STATISTICS - Micro data processing
Bhutan;LFS - Labour Force Survey;Share of youth not in employment, education or training (NEET) by sex (%);Total;2021;9.563;;;Repository: ILO-STATISTICS - Micro data processing
Bhutan;LFS - Labour Force Survey;Share of youth not in employment, education or training (NEET) by sex (%);Male;2021;6.932;;;Repository: ILO-STATISTICS - Micro data processing
Bhutan;LFS - Labour Force Survey;Share of youth not in employment, education or training (NEET) by sex (%);Female;2021;12.159;;;Repository: ILO-STATISTICS - Micro data processing
Bhutan;LFS - Labour Force Survey;Share of youth not in employment, education or training (NEET) by sex (%);Total;2020;11.968;;;Repository: ILO-STATISTICS - Micro data processing
Bhutan;LFS - Labour Force Survey;Share of youth not in employment, education or training (NEET) by sex (%);Male;2020;8.148;;;Repository: ILO-STATISTICS - Micro data processing
Bhutan;LFS - Labour Force Survey;Share of youth not in employment, education or training (NEET) by sex (%);Female;2020;15.441;;;Repository: ILO-STATISTICS - Micro data processing
Bhutan;LFS - Labour Force Survey;Share of youth not in employment, education or training (NEET) by sex (%);Total;2019;10.405;;;Repository: ILO-STATISTICS - Micro data processing
Bhutan;LFS - Labour Force Survey;Share of youth not in employment, education or training (NEET) by sex (%);Male;2019;7.804;;;Repository: ILO-STATISTICS - Micro data processing
Bhutan;LFS - Labour Force Survey;Share of youth not in employment, education or training (NEET) by sex (%);Female;2019;12.942;;;Repository: ILO-STATISTICS - Micro data processing
Bhutan;LFS - Labour Force Survey;Share of youth not in employment, education or training (NEET) by sex (%);Total;2018;15.188;;;Repository: ILO-STATISTICS - Micro data processing
Bhutan;LFS - Labour Force Survey;Share of youth not in employment, education or training (NEET) by sex (%);Male;2018;11.511;;;Repository: ILO-STATISTICS - Micro data processing
Bhutan;LFS - Labour Force Survey;Share of youth not in employment, education or training (NEET) by sex (%);Female;2018;18.616;;;Repository: ILO-STATISTICS - Micro data processing
Botswana;HS - Multi-Topic Household Survey;Share of youth not in employment, education or training (NEET) by sex (%);Total;2023;37.581;;;Repository: ILO-STATISTICS - Micro data processing
Botswana;HS - Multi-Topic Household Survey;Share of youth not in employment, education or training (NEET) by sex (%);Male;2023;34.76;;;Repository: ILO-STATISTICS - Micro data processing
Botswana;HS - Multi-Topic Household Survey;Share of youth not in employment, education or training (NEET) by sex (%);Female;2023;40.434;;;Repository: ILO-STATISTICS - Micro data processing
Botswana;HS - Multi-Topic Household Survey;Share of youth not in employment, education or training (NEET) by sex (%);Total;2022;37.003;;;Repository: ILO-STATISTICS - Micro data processing
Botswana;HS - Multi-Topic Household Survey;Share of youth not in employment, education or training (NEET) by sex (%);Male;2022;33.705;;;Repository: ILO-STATISTICS - Micro data processing
Botswana;HS - Multi-Topic Household Survey;Share of youth not in employment, education or training (NEET) by sex (%);Female;2022;40.39;;;Repository: ILO-STATISTICS - Micro data processing
Botswana;HS - Multi-Topic Household Survey;Share of youth not in employment, education or training (NEET) by sex (%);Total;2021;35.168;;;Repository: ILO-STATISTICS - Micro data processing
Botswana;HS - Multi-Topic Household Survey;Share of youth not in employment, education or training (NEET) by sex (%);Male;2021;30.12;;;Repository: ILO-STATISTICS - Micro data processing
Botswana;HS - Multi-Topic Household Survey;Share of youth not in employment, education or training (NEET) by sex (%);Female;2021;40.244;;;Repository: ILO-STATISTICS - Micro data processing
Botswana;HS - Multi-Topic Household Survey;Share of youth not in employment, education or training (NEET) by sex (%);Total;2020;37.144;;;Repository: ILO-STATISTICS - Micro data processing
Botswana;HS - Multi-Topic Household Survey;Share of youth not in employment, education or training (NEET) by sex (%);Male;2020;35.063;;;Repository: ILO-STATISTICS - Micro data processing
Botswana;HS - Multi-Topic Household Survey;Share of youth not in employment, education or training (NEET) by sex (%);Female;2020;39.268;;;Repository: ILO-STATISTICS - Micro data processing
Botswana;HS - Multi-Topic Household Survey;Share of youth not in employment, education or training (NEET) by sex (%);Total;2019;31.985;Break in series;Break in series: Methodology revised;Repository: ILO-STATISTICS - Micro data processing
Botswana;HS - Multi-Topic Household Survey;Share of youth not in employment, education or training (NEET) by sex (%);Male;2019;29.193;Break in series;Break in series: Methodology revised;Repository: ILO-STATISTICS - Micro data processing
Botswana;HS - Multi-Topic Household Survey;Share of youth not in employment, education or training (NEET) by sex (%);Female;2019;34.798;Break in series;Break in series: Methodology revised;Repository: ILO-STATISTICS - Micro data processing
Canada;LFS - Labour Force Survey;Share of youth not in employment, education or training (NEET) by sex (%);Total;2023;11.735;;;Repository: ILO-STATISTICS - Micro data processing
Canada;LFS - Labour Force Survey;Share of youth not in employment, education or training (NEET) by sex (%);Male;2023;12.578;;;Repository: ILO-STATISTICS - Micro data processing
Canada;LFS - Labour Force Survey;Share of youth not in employment, education or training (NEET) by sex (%);Female;2023;10.842;;;Repository: ILO-STATISTICS - Micro data processing
Canada;LFS - Labour Force Survey;Share of youth not in employment, education or training (NEET) by sex (%);Total;2022;11.599;;;Repository: ILO-STATISTICS - Micro data processing
Canada;LFS - Labour Force Survey;Share of youth not in employment, education or training (NEET) by sex (%);Male;2022;12.838;;;Repository: ILO-STATISTICS - Micro data processing
Canada;LFS - Labour Force Survey;Share of youth not in employment, education or training (NEET) by sex (%);Female;2022;10.286;;;Repository: ILO-STATISTICS - Micro data processing
Canada;LFS - Labour Force Survey;Share of youth not in employment, education or training (NEET) by sex (%);Total;2021;12.815;;;Repository: ILO-STATISTICS - Micro data processing
Canada;LFS - Labour Force Survey;Share of youth not in employment, education or training (NEET) by sex (%);Male;2021;14.178;;;Repository: ILO-STATISTICS - Micro data processing
Canada;LFS - Labour Force Survey;Share of youth not in employment, education or training (NEET) by sex (%);Female;2021;11.364;;;Repository: ILO-STATISTICS - Micro data processing
Canada;LFS - Labour Force Survey;Share of youth not in employment, education or training (NEET) by sex (%);Total;2020;17.865;;;Repository: ILO-STATISTICS - Micro data processing
Canada;LFS - Labour Force Survey;Share of youth not in employment, education or training (NEET) by sex (%);Male;2020;18.973;;;Repository: ILO-STATISTICS - Micro data processing
Canada;LFS - Labour Force Survey;Share of youth not in employment, education or training (NEET) by sex (%);Female;2020;16.681;;;Repository: ILO-STATISTICS - Micro data processing
Canada;LFS - Labour Force Survey;Share of youth not in employment, education or training (NEET) by sex (%);Total;2019;12.043;;;Repository: ILO-STATISTICS - Micro data processing
Canada;LFS - Labour Force Survey;Share of youth not in employment, education or training (NEET) by sex (%);Male;2019;12.813;;;Repository: ILO-STATISTICS - Micro data processing
Canada;LFS - Labour Force Survey;Share of youth not in employment, education or training (NEET) by sex (%);Female;2019;11.219;;;Repository: ILO-STATISTICS - Micro data processing
Canada;LFS - Labour Force Survey;Share of youth not in employment, education or training (NEET) by sex (%);Total;2018;12.211;;;Repository: ILO-STATISTICS - Micro data processing
Canada;LFS - Labour Force Survey;Share of youth not in employment, education or training (NEET) by sex (%);Male;2018;12.77;;;Repository: ILO-STATISTICS - Micro data processing
Canada;LFS - Labour Force Survey;Share of youth not in employment, education or training (NEET) by sex (%);Female;2018;11.613;;;Repository: ILO-STATISTICS - Micro data processing
Canada;LFS - Labour Force Survey;Share of youth not in employment, education or training (NEET) by sex (%);Total;2017;12.072;;;Repository: ILO-STATISTICS - Micro data processing
Canada;LFS - Labour Force Survey;Share of youth not in employment, education or training (NEET) by sex (%);Male;2017;12.564;;;Repository: ILO-STATISTICS - Micro data processing
Canada;LFS - Labour Force Survey;Share of youth not in employment, education or training (NEET) by sex (%);Female;2017;11.547;;;Repository: ILO-STATISTICS - Micro data processing
Canada;LFS - Labour Force Survey;Share of youth not in employment, education or training (NEET) by sex (%);Total;2016;12.889;;;Repository: ILO-STATISTICS - Micro data processing
Canada;LFS - Labour Force Survey;Share of youth not in employment, education or training (NEET) by sex (%);Male;2016;13.636;;;Repository: ILO-STATISTICS - Micro data processing
Canada;LFS - Labour Force Survey;Share of youth not in employment, education or training (NEET) by sex (%);Female;2016;12.089;;;Repository: ILO-STATISTICS - Micro data processing
Canada;LFS - Labour Force Survey;Share of youth not in employment, education or training (NEET) by sex (%);Total;2015;13.272;;;Repository: ILO-STATISTICS - Micro data processing
Canada;LFS - Labour Force Survey;Share of youth not in employment, education or training (NEET) by sex (%);Male;2015;13.858;;;Repository: ILO-STATISTICS - Micro data processing
Canada;LFS - Labour Force Survey;Share of youth not in employment, education or training (NEET) by sex (%);Female;2015;12.646;;;Repository: ILO-STATISTICS - Micro data processing
Switzerland;LFS - Labour Force Survey;Share of youth not in employment, education or training (NEET) by sex (%);Total;2023;6.611;;;Repository: ILO-STATISTICS - Micro data processing
Switzerland;LFS - Labour Force Survey;Share of youth not in employment, education or training (NEET) by sex (%);Male;2023;6.831;;;Repository: ILO-STATISTICS - Micro data processing
Switzerland;LFS - Labour Force Survey;Share of youth not in employment, education or training (NEET) by sex (%);Female;2023;6.377;;;Repository: ILO-STATISTICS - Micro data processing
Switzerland;LFS - Labour Force Survey;Share of youth not in employment, education or training (NEET) by sex (%);Total;2022;9.314;;;Repository: ILO-STATISTICS - Micro data processing
Switzerland;LFS - Labour Force Survey;Share of youth not in employment, education or training (NEET) by sex (%);Male;2022;9.607;;;Repository: ILO-STATISTICS - Micro data processing
Switzerland;LFS - Labour Force Survey;Share of youth not in employment, education or training (NEET) by sex (%);Female;2022;9.005;;;Repository: ILO-STATISTICS - Micro data processing
Switzerland;LFS - Labour Force Survey;Share of youth not in employment, education or training (NEET) by sex (%);Total;2021;9.578;;;Repository: ILO-STATISTICS - Micro data processing
Switzerland;LFS - Labour Force Survey;Share of youth not in employment, education or training (NEET) by sex (%);Male;2021;10.287;;;Repository: ILO-STATISTICS - Micro data processing
Switzerland;LFS - Labour Force Survey;Share of youth not in employment, education or training (NEET) by sex (%);Female;2021;8.831;;;Repository: ILO-STATISTICS - Micro data processing
Switzerland;LFS - Labour Force Survey;Share of youth not in employment, education or training (NEET) by sex (%);Total;2020;8.621;;;Repository: ILO-STATISTICS - Micro data processing
Switzerland;LFS - Labour Force Survey;Share of youth not in employment, education or training (NEET) by sex (%);Male;2020;10.031;;;Repository: ILO-STATISTICS - Micro data processing
Switzerland;LFS - Labour Force Survey;Share of youth not in employment, education or training (NEET) by sex (%);Female;2020;7.141;;;Repository: ILO-STATISTICS - Micro data processing
Switzerland;LFS - Labour Force Survey;Share of youth not in employment, education or training (NEET) by sex (%);Total;2019;7.707;;;Repository: ILO-STATISTICS - Micro data processing
Switzerland;LFS - Labour Force Survey;Share of youth not in employment, education or training (NEET) by sex (%);Male;2019;9.454;;;Repository: ILO-STATISTICS - Micro data processing
Switzerland;LFS - Labour Force Survey;Share of youth not in employment, education or training (NEET) by sex (%);Female;2019;5.873;;;Repository: ILO-STATISTICS - Micro data processing
Switzerland;LFS - Labour Force Survey;Share of youth not in employment, education or training (NEET) by sex (%);Total;2018;7.925;;;Repository: ILO-STATISTICS - Micro data processing
Switzerland;LFS - Labour Force Survey;Share of youth not in employment, education or training (NEET) by sex (%);Male;2018;8.845;;;Repository: ILO-STATISTICS - Micro data processing
Switzerland;LFS - Labour Force Survey;Share of youth not in employment, education or training (NEET) by sex (%);Female;2018;6.962;;;Repository: ILO-STATISTICS - Micro data processing
Switzerland;LFS - Labour Force Survey;Share of youth not in employment, education or training (NEET) by sex (%);Total;2017;8.133;;;Repository: ILO-STATISTICS - Micro data processing
Switzerland;LFS - Labour Force Survey;Share of youth not in employment, education or training (NEET) by sex (%);Male;2017;9.302;;;Repository: ILO-STATISTICS - Micro data processing
Switzerland;LFS - Labour Force Survey;Share of youth not in employment, education or training (NEET) by sex (%);Female;2017;6.911;;;Repository: ILO-STATISTICS - Micro data processing
Switzerland;LFS - Labour Force Survey;Share of youth not in employment, education or training (NEET) by sex (%);Total;2016;8.672;;;Repository: ILO-STATISTICS - Micro data processing
Switzerland;LFS - Labour Force Survey;Share of youth not in employment, education or training (NEET) by sex (%);Male;2016;9.287;;;Repository: ILO-STATISTICS - Micro data processing
Switzerland;LFS - Labour Force Survey;Share of youth not in employment, education or training (NEET) by sex (%);Female;2016;8.03;;;Repository: ILO-STATISTICS - Micro data processing
Switzerland;LFS - Labour Force Survey;Share of youth not in employment, education or training (NEET) by sex (%);Total;2015;9.351;;;Repository: ILO-STATISTICS - Micro data processing
Switzerland;LFS - Labour Force Survey;Share of youth not in employment, education or training (NEET) by sex (%);Male;2015;9.944;;;Repository: ILO-STATISTICS - Micro data processing
Switzerland;LFS - Labour Force Survey;Share of youth not in employment, education or training (NEET) by sex (%);Female;2015;8.733;;;Repository: ILO-STATISTICS - Micro data processing
Chile;LFS - National Employment Survey;Share of youth not in employment, education or training (NEET) by sex (%);Total;2023;15.321;;;Repository: ILO-STATISTICS - Micro data processing
Chile;LFS - National Employment Survey;Share of youth not in employment, education or training (NEET) by sex (%);Male;2023;13.986;;;Repository: ILO-STATISTICS - Micro data processing
Chile;LFS - National Employment Survey;Share of youth not in employment, education or training (NEET) by sex (%);Female;2023;16.7;;;Repository: ILO-STATISTICS - Micro data processing
Chile;LFS - National Employment Survey;Share of youth not in employment, education or training (NEET) by sex (%);Total;2022;14.42;;;Repository: ILO-STATISTICS - Micro data processing
Chile;LFS - National Employment Survey;Share of youth not in employment, education or training (NEET) by sex (%);Male;2022;12.849;;;Repository: ILO-STATISTICS - Micro data processing
Chile;LFS - National Employment Survey;Share of youth not in employment, education or training (NEET) by sex (%);Female;2022;16.042;;;Repository: ILO-STATISTICS - Micro data processing
Chile;LFS - National Employment Survey;Share of youth not in employment, education or training (NEET) by sex (%);Total;2021;15.335;;;Repository: ILO-STATISTICS - Micro data processing
Chile;LFS - National Employment Survey;Share of youth not in employment, education or training (NEET) by sex (%);Male;2021;13.485;;;Repository: ILO-STATISTICS - Micro data processing
Chile;LFS - National Employment Survey;Share of youth not in employment, education or training (NEET) by sex (%);Female;2021;17.246;;;Repository: ILO-STATISTICS - Micro data processing
Chile;LFS - National Employment Survey;Share of youth not in employment, education or training (NEET) by sex (%);Total;2020;19.222;Break in series;Break in series: Methodology revised;Repository: ILO-STATISTICS - Micro data processing
Chile;LFS - National Employment Survey;Share of youth not in employment, education or training (NEET) by sex (%);Male;2020;17.907;Break in series;Break in series: Methodology revised;Repository: ILO-STATISTICS - Micro data processing
Chile;LFS - National Employment Survey;Share of youth not in employment, education or training (NEET) by sex (%);Female;2020;20.58;Break in series;Break in series: Methodology revised;Repository: ILO-STATISTICS - Micro data processing
Chile;HS - National Survey on Socio-Economic Conditions;Share of youth not in employment, education or training (NEET) by sex (%);Total;2017;18.277;;;Repository: ILO-STATISTICS - Micro data processing
Chile;HS - National Survey on Socio-Economic Conditions;Share of youth not in employment, education or training (NEET) by sex (%);Male;2017;14.928;;;Repository: ILO-STATISTICS - Micro data processing
Chile;HS - National Survey on Socio-Economic Conditions;Share of youth not in employment, education or training (NEET) by sex (%);Female;2017;21.693;;;Repository: ILO-STATISTICS - Micro data processing
Chile;LFS - National Employment Survey;Share of youth not in employment, education or training (NEET) by sex (%);Total;2016;17.502;;;Repository: ILO-STATISTICS - Micro data processing
Chile;LFS - National Employment Survey;Share of youth not in employment, education or training (NEET) by sex (%);Male;2016;14.029;;;Repository: ILO-STATISTICS - Micro data processing
Chile;LFS - National Employment Survey;Share of youth not in employment, education or training (NEET) by sex (%);Female;2016;21.088;;;Repository: ILO-STATISTICS - Micro data processing
Chile;LFS - National Employment Survey;Share of youth not in employment, education or training (NEET) by sex (%);Total;2015;19.198;;;Repository: ILO-STATISTICS - Micro data processing
Chile;LFS - National Employment Survey;Share of youth not in employment, education or training (NEET) by sex (%);Male;2015;15.075;;;Repository: ILO-STATISTICS - Micro data processing
Chile;LFS - National Employment Survey;Share of youth not in employment, education or training (NEET) by sex (%);Female;2015;23.455;;;Repository: ILO-STATISTICS - Micro data processing
Côte d'Ivoire;HIES - Living Standards Measurement Survey;Share of youth not in employment, education or training (NEET) by sex (%);Total;2022;18.834;;;Repository: ILO-STATISTICS - Micro data processing
Côte d'Ivoire;HIES - Living Standards Measurement Survey;Share of youth not in employment, education or training (NEET) by sex (%);Male;2022;12.86;;;Repository: ILO-STATISTICS - Micro data processing
Côte d'Ivoire;HIES - Living Standards Measurement Survey;Share of youth not in employment, education or training (NEET) by sex (%);Female;2022;24.568;;;Repository: ILO-STATISTICS - Micro data processing
Côte d'Ivoire;LFS - National Survey on the Employment Situation;Share of youth not in employment, education or training (NEET) by sex (%);Total;2019;21.917;;;Repository: ILO-STATISTICS - Micro data processing
Côte d'Ivoire;LFS - National Survey on the Employment Situation;Share of youth not in employment, education or training (NEET) by sex (%);Male;2019;11.878;;;Repository: ILO-STATISTICS - Micro data processing
Côte d'Ivoire;LFS - National Survey on the Employment Situation;Share of youth not in employment, education or training (NEET) by sex (%);Female;2019;31.457;;;Repository: ILO-STATISTICS - Micro data processing
Côte d'Ivoire;LFS - Regional Integrated Survey on Employment and the Informal Sector;Share of youth not in employment, education or training (NEET) by sex (%);Total;2017;34.827;;;Repository: ILO-STATISTICS - Micro data processing
Côte d'Ivoire;LFS - Regional Integrated Survey on Employment and the Informal Sector;Share of youth not in employment, education or training (NEET) by sex (%);Male;2017;25.359;;;Repository: ILO-STATISTICS - Micro data processing
Côte d'Ivoire;LFS - Regional Integrated Survey on Employment and the Informal Sector;Share of youth not in employment, education or training (NEET) by sex (%);Female;2017;44.161;;;Repository: ILO-STATISTICS - Micro data processing
Côte d'Ivoire;LFS - National Survey on the Employment Situation;Share of youth not in employment, education or training (NEET) by sex (%);Total;2016;25.759;;;Repository: ILO-STATISTICS - Micro data processing
Côte d'Ivoire;LFS - National Survey on the Employment Situation;Share of youth not in employment, education or training (NEET) by sex (%);Male;2016;13.636;;;Repository: ILO-STATISTICS - Micro data processing
Côte d'Ivoire;LFS - National Survey on the Employment Situation;Share of youth not in employment, education or training (NEET) by sex (%);Female;2016;36.049;;;Repository: ILO-STATISTICS - Micro data processing
Cameroon;HS - Household Survey;Share of youth not in employment, education or training (NEET) by sex (%);Total;2021;23.223;;;Repository: ILO-STATISTICS - Micro data processing
Cameroon;HS - Household Survey;Share of youth not in employment, education or training (NEET) by sex (%);Male;2021;14.703;;;Repository: ILO-STATISTICS - Micro data processing
Cameroon;HS - Household Survey;Share of youth not in employment, education or training (NEET) by sex (%);Female;2021;30.418;;;Repository: ILO-STATISTICS - Micro data processing
Congo, Democratic Republic of the;HIES - Indicator Cluster Survey;Share of youth not in employment, education or training (NEET) by sex (%);Total;2020;31.372;;;Repository: ILO-STATISTICS - Micro data processing
Congo, Democratic Republic of the;HIES - Indicator Cluster Survey;Share of youth not in employment, education or training (NEET) by sex (%);Male;2020;28.66;;;Repository: ILO-STATISTICS - Micro data processing
Congo, Democratic Republic of the;HIES - Indicator Cluster Survey;Share of youth not in employment, education or training (NEET) by sex (%);Female;2020;33.88;;;Repository: ILO-STATISTICS - Micro data processing
Cook Islands;LFS - Labour Force Survey;Share of youth not in employment, education or training (NEET) by sex (%);Total;2023;20.303;;;Repository: ILO-STATISTICS - Micro data processing
Cook Islands;LFS - Labour Force Survey;Share of youth not in employment, education or training (NEET) by sex (%);Male;2023;22.655;;;Repository: ILO-STATISTICS - Micro data processing
Cook Islands;LFS - Labour Force Survey;Share of youth not in employment, education or training (NEET) by sex (%);Female;2023;18.052;;;Repository: ILO-STATISTICS - Micro data processing
Cook Islands;LFS - Labour Force Survey;Share of youth not in employment, education or training (NEET) by sex (%);Total;2019;12.485;Break in series;Break in series: Methodology revised;Repository: ILO-STATISTICS - Micro data processing
Cook Islands;LFS - Labour Force Survey;Share of youth not in employment, education or training (NEET) by sex (%);Male;2019;8.329;Unreliable;Break in series: Methodology revised;Repository: ILO-STATISTICS - Micro data processing
Cook Islands;LFS - Labour Force Survey;Share of youth not in employment, education or training (NEET) by sex (%);Female;2019;16.914;Break in series;Break in series: Methodology revised;Repository: ILO-STATISTICS - Micro data processing
Cook Islands;HIES - Household Income and Expenditure Survey;Share of youth not in employment, education or training (NEET) by sex (%);Total;2016;21.973;Break in series;Break in series: Methodology revised;Repository: ILO-STATISTICS - Micro data processing
Cook Islands;HIES - Household Income and Expenditure Survey;Share of youth not in employment, education or training (NEET) by sex (%);Male;2016;15.216;Break in series;Break in series: Methodology revised;Repository: ILO-STATISTICS - Micro data processing
Cook Islands;HIES - Household Income and Expenditure Survey;Share of youth not in employment, education or training (NEET) by sex (%);Female;2016;28.671;Break in series;Break in series: Methodology revised;Repository: ILO-STATISTICS - Micro data processing
Colombia;LFS - Integrated Household Survey;Share of youth not in employment, education or training (NEET) by sex (%);Total;2023;23.251;;;Repository: ILO-STATISTICS - Micro data processing
Colombia;LFS - Integrated Household Survey;Share of youth not in employment, education or training (NEET) by sex (%);Male;2023;16.648;;;Repository: ILO-STATISTICS - Micro data processing
Colombia;LFS - Integrated Household Survey;Share of youth not in employment, education or training (NEET) by sex (%);Female;2023;30.017;;;Repository: ILO-STATISTICS - Micro data processing
Colombia;LFS - Integrated Household Survey;Share of youth not in employment, education or training (NEET) by sex (%);Total;2022;24.423;Break in series;Break in series: Methodology revised;Repository: ILO-STATISTICS - Micro data processing
Colombia;LFS - Integrated Household Survey;Share of youth not in employment, education or training (NEET) by sex (%);Male;2022;17.306;Break in series;Break in series: Methodology revised;Repository: ILO-STATISTICS - Micro data processing
Colombia;LFS - Integrated Household Survey;Share of youth not in employment, education or training (NEET) by sex (%);Female;2022;31.714;Break in series;Break in series: Methodology revised;Repository: ILO-STATISTICS - Micro data processing
Colombia;LFS - Integrated Household Survey;Share of youth not in employment, education or training (NEET) by sex (%);Total;2021;27.264;;;Repository: ILO-STATISTICS - Micro data processing
Colombia;LFS - Integrated Household Survey;Share of youth not in employment, education or training (NEET) by sex (%);Male;2021;18.743;;;Repository: ILO-STATISTICS - Micro data processing
Colombia;LFS - Integrated Household Survey;Share of youth not in employment, education or training (NEET) by sex (%);Female;2021;35.7;;;Repository: ILO-STATISTICS - Micro data processing
Colombia;LFS - Integrated Household Survey;Share of youth not in employment, education or training (NEET) by sex (%);Total;2019;23.917;;;Repository: ILO-STATISTICS - Micro data processing
Colombia;LFS - Integrated Household Survey;Share of youth not in employment, education or training (NEET) by sex (%);Male;2019;16.106;;;Repository: ILO-STATISTICS - Micro data processing
Colombia;LFS - Integrated Household Survey;Share of youth not in employment, education or training (NEET) by sex (%);Female;2019;31.898;;;Repository: ILO-STATISTICS - Micro data processing
Colombia;LFS - Integrated Household Survey;Share of youth not in employment, education or training (NEET) by sex (%);Total;2018;22.841;;;Repository: ILO-STATISTICS - Micro data processing
Colombia;LFS - Integrated Household Survey;Share of youth not in employment, education or training (NEET) by sex (%);Male;2018;14.827;;;Repository: ILO-STATISTICS - Micro data processing
Colombia;LFS - Integrated Household Survey;Share of youth not in employment, education or training (NEET) by sex (%);Female;2018;31.024;;;Repository: ILO-STATISTICS - Micro data processing
Colombia;LFS - Integrated Household Survey;Share of youth not in employment, education or training (NEET) by sex (%);Total;2017;21.837;;;Repository: ILO-STATISTICS - Micro data processing
Colombia;LFS - Integrated Household Survey;Share of youth not in employment, education or training (NEET) by sex (%);Male;2017;13.869;;;Repository: ILO-STATISTICS - Micro data processing
Colombia;LFS - Integrated Household Survey;Share of youth not in employment, education or training (NEET) by sex (%);Female;2017;29.999;;;Repository: ILO-STATISTICS - Micro data processing
Colombia;LFS - Integrated Household Survey;Share of youth not in employment, education or training (NEET) by sex (%);Total;2016;21.131;;;Repository: ILO-STATISTICS - Micro data processing
Colombia;LFS - Integrated Household Survey;Share of youth not in employment, education or training (NEET) by sex (%);Male;2016;13.66;;;Repository: ILO-STATISTICS - Micro data processing
Colombia;LFS - Integrated Household Survey;Share of youth not in employment, education or training (NEET) by sex (%);Female;2016;28.779;;;Repository: ILO-STATISTICS - Micro data processing
Colombia;LFS - Integrated Household Survey;Share of youth not in employment, education or training (NEET) by sex (%);Total;2015;21.141;;;Repository: ILO-STATISTICS - Micro data processing
Colombia;LFS - Integrated Household Survey;Share of youth not in employment, education or training (NEET) by sex (%);Male;2015;12.778;;;Repository: ILO-STATISTICS - Micro data processing
Colombia;LFS - Integrated Household Survey;Share of youth not in employment, education or training (NEET) by sex (%);Female;2015;29.693;;;Repository: ILO-STATISTICS - Micro data processing
Comoros;LFS - National Survey on Employment and the Informal Sector;Share of youth not in employment, education or training (NEET) by sex (%);Total;2021;21.168;;;Repository: ILO-STATISTICS - Micro data processing
Comoros;LFS - National Survey on Employment and the Informal Sector;Share of youth not in employment, education or training (NEET) by sex (%);Male;2021;19.606;;;Repository: ILO-STATISTICS - Micro data processing
Comoros;LFS - National Survey on Employment and the Informal Sector;Share of youth not in employment, education or training (NEET) by sex (%);Female;2021;22.834;;;Repository: ILO-STATISTICS - Micro data processing
Cabo Verde;LFS - Continuous Multi-Objective Survey Employment and Labor Market Statistics;Share of youth not in employment, education or training (NEET) by sex (%);Total;2019;27.99;;;Employment definition: Including subsistence workers
Cabo Verde;LFS - Continuous Multi-Objective Survey Employment and Labor Market Statistics;Share of youth not in employment, education or training (NEET) by sex (%);Male;2019;27.1;;;Employment definition: Including subsistence workers
Cabo Verde;LFS - Continuous Multi-Objective Survey Employment and Labor Market Statistics;Share of youth not in employment, education or training (NEET) by sex (%);Female;2019;29;;;Employment definition: Including subsistence workers
Cabo Verde;LFS - Continuous Multi-Objective Survey Employment and Labor Market Statistics;Share of youth not in employment, education or training (NEET) by sex (%);Total;2018;30.25;;;Employment definition: Including subsistence workers
Cabo Verde;LFS - Continuous Multi-Objective Survey Employment and Labor Market Statistics;Share of youth not in employment, education or training (NEET) by sex (%);Male;2018;27.68;;;Employment definition: Including subsistence workers
Cabo Verde;LFS - Continuous Multi-Objective Survey Employment and Labor Market Statistics;Share of youth not in employment, education or training (NEET) by sex (%);Female;2018;32.83;;;Employment definition: Including subsistence workers
Cabo Verde;LFS - Continuous Multi-Objective Survey Employment and Labor Market Statistics;Share of youth not in employment, education or training (NEET) by sex (%);Total;2017;31.4;;;
Cabo Verde;LFS - Continuous Multi-Objective Survey Employment and Labor Market Statistics;Share of youth not in employment, education or training (NEET) by sex (%);Male;2017;29.9;;;
Cabo Verde;LFS - Continuous Multi-Objective Survey Employment and Labor Market Statistics;Share of youth not in employment, education or training (NEET) by sex (%);Female;2017;33;;;
Costa Rica;LFS - Continuous Employment Survey;Share of youth not in employment, education or training (NEET) by sex (%);Total;2023;20.883;;;Repository: ILO-STATISTICS - Micro data processing
Costa Rica;LFS - Continuous Employment Survey;Share of youth not in employment, education or training (NEET) by sex (%);Male;2023;18.58;;;Repository: ILO-STATISTICS - Micro data processing
Costa Rica;LFS - Continuous Employment Survey;Share of youth not in employment, education or training (NEET) by sex (%);Female;2023;23.746;;;Repository: ILO-STATISTICS - Micro data processing
Costa Rica;LFS - Continuous Employment Survey;Share of youth not in employment, education or training (NEET) by sex (%);Total;2022;17.181;;;Repository: ILO-STATISTICS - Micro data processing
Costa Rica;LFS - Continuous Employment Survey;Share of youth not in employment, education or training (NEET) by sex (%);Male;2022;13.596;;;Repository: ILO-STATISTICS - Micro data processing
Costa Rica;LFS - Continuous Employment Survey;Share of youth not in employment, education or training (NEET) by sex (%);Female;2022;21.492;;;Repository: ILO-STATISTICS - Micro data processing
Costa Rica;LFS - Continuous Employment Survey;Share of youth not in employment, education or training (NEET) by sex (%);Total;2021;18.991;;;Repository: ILO-STATISTICS - Micro data processing
Costa Rica;LFS - Continuous Employment Survey;Share of youth not in employment, education or training (NEET) by sex (%);Male;2021;16.023;;;Repository: ILO-STATISTICS - Micro data processing
Costa Rica;LFS - Continuous Employment Survey;Share of youth not in employment, education or training (NEET) by sex (%);Female;2021;22.626;;;Repository: ILO-STATISTICS - Micro data processing
Costa Rica;LFS - Continuous Employment Survey;Share of youth not in employment, education or training (NEET) by sex (%);Total;2020;19.946;;;Repository: ILO-STATISTICS - Micro data processing
Costa Rica;LFS - Continuous Employment Survey;Share of youth not in employment, education or training (NEET) by sex (%);Male;2020;16.403;;;Repository: ILO-STATISTICS - Micro data processing
Costa Rica;LFS - Continuous Employment Survey;Share of youth not in employment, education or training (NEET) by sex (%);Female;2020;24.001;;;Repository: ILO-STATISTICS - Micro data processing
Costa Rica;LFS - Continuous Employment Survey;Share of youth not in employment, education or training (NEET) by sex (%);Total;2019;17.582;;;Repository: ILO-STATISTICS - Micro data processing
Costa Rica;LFS - Continuous Employment Survey;Share of youth not in employment, education or training (NEET) by sex (%);Male;2019;14.41;;;Repository: ILO-STATISTICS - Micro data processing
Costa Rica;LFS - Continuous Employment Survey;Share of youth not in employment, education or training (NEET) by sex (%);Female;2019;21.241;;;Repository: ILO-STATISTICS - Micro data processing
Costa Rica;LFS - Continuous Employment Survey;Share of youth not in employment, education or training (NEET) by sex (%);Total;2018;18.678;;;Repository: ILO-STATISTICS - Micro data processing
Costa Rica;LFS - Continuous Employment Survey;Share of youth not in employment, education or training (NEET) by sex (%);Male;2018;14.387;;;Repository: ILO-STATISTICS - Micro data processing
Costa Rica;LFS - Continuous Employment Survey;Share of youth not in employment, education or training (NEET) by sex (%);Female;2018;23.526;;;Repository: ILO-STATISTICS - Micro data processing
Costa Rica;LFS - Continuous Employment Survey;Share of youth not in employment, education or training (NEET) by sex (%);Total;2017;19.96;;;Repository: ILO-STATISTICS - Micro data processing
Costa Rica;LFS - Continuous Employment Survey;Share of youth not in employment, education or training (NEET) by sex (%);Male;2017;15.486;;;Repository: ILO-STATISTICS - Micro data processing
Costa Rica;LFS - Continuous Employment Survey;Share of youth not in employment, education or training (NEET) by sex (%);Female;2017;24.886;;;Repository: ILO-STATISTICS - Micro data processing
Costa Rica;LFS - Continuous Employment Survey;Share of youth not in employment, education or training (NEET) by sex (%);Total;2016;20.447;;;Repository: ILO-STATISTICS - Micro data processing
Costa Rica;LFS - Continuous Employment Survey;Share of youth not in employment, education or training (NEET) by sex (%);Male;2016;15.898;;;Repository: ILO-STATISTICS - Micro data processing
Costa Rica;LFS - Continuous Employment Survey;Share of youth not in employment, education or training (NEET) by sex (%);Female;2016;25.887;;;Repository: ILO-STATISTICS - Micro data processing
Costa Rica;LFS - Continuous Employment Survey;Share of youth not in employment, education or training (NEET) by sex (%);Total;2015;18.648;;;Repository: ILO-STATISTICS - Micro data processing
Costa Rica;LFS - Continuous Employment Survey;Share of youth not in employment, education or training (NEET) by sex (%);Male;2015;13.294;;;Repository: ILO-STATISTICS - Micro data processing
Costa Rica;LFS - Continuous Employment Survey;Share of youth not in employment, education or training (NEET) by sex (%);Female;2015;24.749;;;Repository: ILO-STATISTICS - Micro data processing
Curaçao;LFS - Labour Force Survey;Share of youth not in employment, education or training (NEET) by sex (%);Total;2020;17.46;;;Employment definition: Including subsistence workers | Data reference period: Fourth quarter
Curaçao;LFS - Labour Force Survey;Share of youth not in employment, education or training (NEET) by sex (%);Male;2020;18.81;;;Employment definition: Including subsistence workers | Data reference period: Fourth quarter
Curaçao;LFS - Labour Force Survey;Share of youth not in employment, education or training (NEET) by sex (%);Female;2020;16.08;;;Employment definition: Including subsistence workers | Data reference period: Fourth quarter
Curaçao;LFS - Labour Force Survey;Share of youth not in employment, education or training (NEET) by sex (%);Total;2018;5.06;;;Employment definition: Including subsistence workers | Data reference period: Fourth quarter
Curaçao;LFS - Labour Force Survey;Share of youth not in employment, education or training (NEET) by sex (%);Male;2018;4.52;;;Employment definition: Including subsistence workers | Data reference period: Fourth quarter
Curaçao;LFS - Labour Force Survey;Share of youth not in employment, education or training (NEET) by sex (%);Female;2018;5.62;;;Employment definition: Including subsistence workers | Data reference period: Fourth quarter
Cyprus;LFS - Labour Force Survey;Share of youth not in employment, education or training (NEET) by sex (%);Total;2023;13.644;;;Repository: ILO-STATISTICS - Micro data processing
Cyprus;LFS - Labour Force Survey;Share of youth not in employment, education or training (NEET) by sex (%);Male;2023;12.68;;;Repository: ILO-STATISTICS - Micro data processing
Cyprus;LFS - Labour Force Survey;Share of youth not in employment, education or training (NEET) by sex (%);Female;2023;14.631;;;Repository: ILO-STATISTICS - Micro data processing
Cyprus;LFS - Labour Force Survey;Share of youth not in employment, education or training (NEET) by sex (%);Total;2022;14.721;;;Repository: ILO-STATISTICS - Micro data processing
Cyprus;LFS - Labour Force Survey;Share of youth not in employment, education or training (NEET) by sex (%);Male;2022;13.172;;;Repository: ILO-STATISTICS - Micro data processing
Cyprus;LFS - Labour Force Survey;Share of youth not in employment, education or training (NEET) by sex (%);Female;2022;16.143;;;Repository: ILO-STATISTICS - Micro data processing
Cyprus;LFS - Labour Force Survey;Share of youth not in employment, education or training (NEET) by sex (%);Total;2021;13.774;;;Repository: ILO-STATISTICS - Micro data processing
Cyprus;LFS - Labour Force Survey;Share of youth not in employment, education or training (NEET) by sex (%);Male;2021;13.846;;;Repository: ILO-STATISTICS - Micro data processing
Cyprus;LFS - Labour Force Survey;Share of youth not in employment, education or training (NEET) by sex (%);Female;2021;13.707;;;Repository: ILO-STATISTICS - Micro data processing
Cyprus;LFS - Labour Force Survey;Share of youth not in employment, education or training (NEET) by sex (%);Total;2020;14.357;;;Repository: ILO-STATISTICS - Micro data processing
Cyprus;LFS - Labour Force Survey;Share of youth not in employment, education or training (NEET) by sex (%);Male;2020;15.298;;;Repository: ILO-STATISTICS - Micro data processing
Cyprus;LFS - Labour Force Survey;Share of youth not in employment, education or training (NEET) by sex (%);Female;2020;13.53;;;Repository: ILO-STATISTICS - Micro data processing
Cyprus;LFS - Labour Force Survey;Share of youth not in employment, education or training (NEET) by sex (%);Total;2019;13.659;;;Repository: ILO-STATISTICS - Micro data processing
Cyprus;LFS - Labour Force Survey;Share of youth not in employment, education or training (NEET) by sex (%);Male;2019;14.222;;;Repository: ILO-STATISTICS - Micro data processing
Cyprus;LFS - Labour Force Survey;Share of youth not in employment, education or training (NEET) by sex (%);Female;2019;13.155;;;Repository: ILO-STATISTICS - Micro data processing
Cyprus;LFS - Labour Force Survey;Share of youth not in employment, education or training (NEET) by sex (%);Total;2018;13.21;;;Repository: ILO-STATISTICS - Micro data processing
Cyprus;LFS - Labour Force Survey;Share of youth not in employment, education or training (NEET) by sex (%);Male;2018;14.814;;;Repository: ILO-STATISTICS - Micro data processing
Cyprus;LFS - Labour Force Survey;Share of youth not in employment, education or training (NEET) by sex (%);Female;2018;11.694;;;Repository: ILO-STATISTICS - Micro data processing
Cyprus;LFS - Labour Force Survey;Share of youth not in employment, education or training (NEET) by sex (%);Total;2017;16.094;;;Repository: ILO-STATISTICS - Micro data processing
Cyprus;LFS - Labour Force Survey;Share of youth not in employment, education or training (NEET) by sex (%);Male;2017;16.15;;;Repository: ILO-STATISTICS - Micro data processing
Cyprus;LFS - Labour Force Survey;Share of youth not in employment, education or training (NEET) by sex (%);Female;2017;16.042;;;Repository: ILO-STATISTICS - Micro data processing
Cyprus;LFS - Labour Force Survey;Share of youth not in employment, education or training (NEET) by sex (%);Total;2016;16.02;;;Repository: ILO-STATISTICS - Micro data processing
Cyprus;LFS - Labour Force Survey;Share of youth not in employment, education or training (NEET) by sex (%);Male;2016;15.018;;;Repository: ILO-STATISTICS - Micro data processing
Cyprus;LFS - Labour Force Survey;Share of youth not in employment, education or training (NEET) by sex (%);Female;2016;16.924;;;Repository: ILO-STATISTICS - Micro data processing
Cyprus;LFS - Labour Force Survey;Share of youth not in employment, education or training (NEET) by sex (%);Total;2015;15.301;;;Repository: ILO-STATISTICS - Micro data processing
Cyprus;LFS - Labour Force Survey;Share of youth not in employment, education or training (NEET) by sex (%);Male;2015;15.931;;;Repository: ILO-STATISTICS - Micro data processing
Cyprus;LFS - Labour Force Survey;Share of youth not in employment, education or training (NEET) by sex (%);Female;2015;14.732;;;Repository: ILO-STATISTICS - Micro data processing
Czechia;LFS - Labour Force Sample Survey;Share of youth not in employment, education or training (NEET) by sex (%);Total;2023;7.034;;;Repository: ILO-STATISTICS - Micro data processing
Czechia;LFS - Labour Force Sample Survey;Share of youth not in employment, education or training (NEET) by sex (%);Male;2023;4.419;;;Repository: ILO-STATISTICS - Micro data processing
Czechia;LFS - Labour Force Sample Survey;Share of youth not in employment, education or training (NEET) by sex (%);Female;2023;9.572;;;Repository: ILO-STATISTICS - Micro data processing
Czechia;LFS - Labour Force Sample Survey;Share of youth not in employment, education or training (NEET) by sex (%);Total;2022;7.58;;;Repository: ILO-STATISTICS - Micro data processing
Czechia;LFS - Labour Force Sample Survey;Share of youth not in employment, education or training (NEET) by sex (%);Male;2022;5.877;;;Repository: ILO-STATISTICS - Micro data processing
Czechia;LFS - Labour Force Sample Survey;Share of youth not in employment, education or training (NEET) by sex (%);Female;2022;9.385;;;Repository: ILO-STATISTICS - Micro data processing
Czechia;LFS - Labour Force Sample Survey;Share of youth not in employment, education or training (NEET) by sex (%);Total;2021;6.61;;;Repository: ILO-STATISTICS - Micro data processing
Czechia;LFS - Labour Force Sample Survey;Share of youth not in employment, education or training (NEET) by sex (%);Male;2021;4.896;;;Repository: ILO-STATISTICS - Micro data processing
Czechia;LFS - Labour Force Sample Survey;Share of youth not in employment, education or training (NEET) by sex (%);Female;2021;8.424;;;Repository: ILO-STATISTICS - Micro data processing
Czechia;LFS - Labour Force Sample Survey;Share of youth not in employment, education or training (NEET) by sex (%);Total;2020;6.682;;;Repository: ILO-STATISTICS - Micro data processing
Czechia;LFS - Labour Force Sample Survey;Share of youth not in employment, education or training (NEET) by sex (%);Male;2020;4.333;;;Repository: ILO-STATISTICS - Micro data processing
Czechia;LFS - Labour Force Sample Survey;Share of youth not in employment, education or training (NEET) by sex (%);Female;2020;9.171;;;Repository: ILO-STATISTICS - Micro data processing
Czechia;LFS - Labour Force Sample Survey;Share of youth not in employment, education or training (NEET) by sex (%);Total;2019;5.824;;;Repository: ILO-STATISTICS - Micro data processing
Czechia;LFS - Labour Force Sample Survey;Share of youth not in employment, education or training (NEET) by sex (%);Male;2019;3.41;;;Repository: ILO-STATISTICS - Micro data processing
Czechia;LFS - Labour Force Sample Survey;Share of youth not in employment, education or training (NEET) by sex (%);Female;2019;8.373;;;Repository: ILO-STATISTICS - Micro data processing
Czechia;LFS - Labour Force Sample Survey;Share of youth not in employment, education or training (NEET) by sex (%);Total;2018;5.738;;;Repository: ILO-STATISTICS - Micro data processing
Czechia;LFS - Labour Force Sample Survey;Share of youth not in employment, education or training (NEET) by sex (%);Male;2018;3.627;;;Repository: ILO-STATISTICS - Micro data processing
Czechia;LFS - Labour Force Sample Survey;Share of youth not in employment, education or training (NEET) by sex (%);Female;2018;7.962;;;Repository: ILO-STATISTICS - Micro data processing
Czechia;LFS - Labour Force Sample Survey;Share of youth not in employment, education or training (NEET) by sex (%);Total;2017;6.405;;;Repository: ILO-STATISTICS - Micro data processing
Czechia;LFS - Labour Force Sample Survey;Share of youth not in employment, education or training (NEET) by sex (%);Male;2017;4.48;;;Repository: ILO-STATISTICS - Micro data processing
Czechia;LFS - Labour Force Sample Survey;Share of youth not in employment, education or training (NEET) by sex (%);Female;2017;8.427;;;Repository: ILO-STATISTICS - Micro data processing
Czechia;LFS - Labour Force Sample Survey;Share of youth not in employment, education or training (NEET) by sex (%);Total;2016;7.149;;;Repository: ILO-STATISTICS - Micro data processing
Czechia;LFS - Labour Force Sample Survey;Share of youth not in employment, education or training (NEET) by sex (%);Male;2016;5.667;;;Repository: ILO-STATISTICS - Micro data processing
Czechia;LFS - Labour Force Sample Survey;Share of youth not in employment, education or training (NEET) by sex (%);Female;2016;8.707;;;Repository: ILO-STATISTICS - Micro data processing
Czechia;LFS - Labour Force Sample Survey;Share of youth not in employment, education or training (NEET) by sex (%);Total;2015;7.718;;;Repository: ILO-STATISTICS - Micro data processing
Czechia;LFS - Labour Force Sample Survey;Share of youth not in employment, education or training (NEET) by sex (%);Male;2015;5.769;;;Repository: ILO-STATISTICS - Micro data processing
Czechia;LFS - Labour Force Sample Survey;Share of youth not in employment, education or training (NEET) by sex (%);Female;2015;9.761;;;Repository: ILO-STATISTICS - Micro data processing
Germany;LFS - EU Labour Force Survey;Share of youth not in employment, education or training (NEET) by sex (%);Total;2023;7.683;;;Repository: ILO-STATISTICS - Micro data processing
Germany;LFS - EU Labour Force Survey;Share of youth not in employment, education or training (NEET) by sex (%);Male;2023;7.508;;;Repository: ILO-STATISTICS - Micro data processing
Germany;LFS - EU Labour Force Survey;Share of youth not in employment, education or training (NEET) by sex (%);Female;2023;7.871;;;Repository: ILO-STATISTICS - Micro data processing
Germany;LFS - EU Labour Force Survey;Share of youth not in employment, education or training (NEET) by sex (%);Total;2022;7.223;;;Repository: ILO-STATISTICS - Micro data processing
Germany;LFS - EU Labour Force Survey;Share of youth not in employment, education or training (NEET) by sex (%);Male;2022;6.558;;;Repository: ILO-STATISTICS - Micro data processing
Germany;LFS - EU Labour Force Survey;Share of youth not in employment, education or training (NEET) by sex (%);Female;2022;7.931;;;Repository: ILO-STATISTICS - Micro data processing
Germany;LFS - EU Labour Force Survey;Share of youth not in employment, education or training (NEET) by sex (%);Total;2021;7.868;;;Repository: ILO-STATISTICS - Micro data processing
Germany;LFS - EU Labour Force Survey;Share of youth not in employment, education or training (NEET) by sex (%);Male;2021;7.566;;;Repository: ILO-STATISTICS - Micro data processing
Germany;LFS - EU Labour Force Survey;Share of youth not in employment, education or training (NEET) by sex (%);Female;2021;8.191;;;Repository: ILO-STATISTICS - Micro data processing
Germany;LFS - EU Labour Force Survey;Share of youth not in employment, education or training (NEET) by sex (%);Total;2020;7.295;;;Repository: ILO-STATISTICS - Micro data processing
Germany;LFS - EU Labour Force Survey;Share of youth not in employment, education or training (NEET) by sex (%);Male;2020;6.804;;;Repository: ILO-STATISTICS - Micro data processing
Germany;LFS - EU Labour Force Survey;Share of youth not in employment, education or training (NEET) by sex (%);Female;2020;7.821;;;Repository: ILO-STATISTICS - Micro data processing
Germany;LFS - EU Labour Force Survey;Share of youth not in employment, education or training (NEET) by sex (%);Total;2019;5.607;;;Repository: ILO-STATISTICS - Micro data processing
Germany;LFS - EU Labour Force Survey;Share of youth not in employment, education or training (NEET) by sex (%);Male;2019;5.095;;;Repository: ILO-STATISTICS - Micro data processing
Germany;LFS - EU Labour Force Survey;Share of youth not in employment, education or training (NEET) by sex (%);Female;2019;6.164;;;Repository: ILO-STATISTICS - Micro data processing
Germany;LFS - EU Labour Force Survey;Share of youth not in employment, education or training (NEET) by sex (%);Total;2018;6.011;;;Repository: ILO-STATISTICS - Micro data processing
Germany;LFS - EU Labour Force Survey;Share of youth not in employment, education or training (NEET) by sex (%);Male;2018;5.473;;;Repository: ILO-STATISTICS - Micro data processing
Germany;LFS - EU Labour Force Survey;Share of youth not in employment, education or training (NEET) by sex (%);Female;2018;6.596;;;Repository: ILO-STATISTICS - Micro data processing
Germany;LFS - EU Labour Force Survey;Share of youth not in employment, education or training (NEET) by sex (%);Total;2017;6.266;;;Repository: ILO-STATISTICS - Micro data processing
Germany;LFS - EU Labour Force Survey;Share of youth not in employment, education or training (NEET) by sex (%);Male;2017;5.836;;;Repository: ILO-STATISTICS - Micro data processing
Germany;LFS - EU Labour Force Survey;Share of youth not in employment, education or training (NEET) by sex (%);Female;2017;6.741;;;Repository: ILO-STATISTICS - Micro data processing
Germany;LFS - EU Labour Force Survey;Share of youth not in employment, education or training (NEET) by sex (%);Total;2016;6.701;;;Repository: ILO-STATISTICS - Micro data processing
Germany;LFS - EU Labour Force Survey;Share of youth not in employment, education or training (NEET) by sex (%);Male;2016;6.036;;;Repository: ILO-STATISTICS - Micro data processing
Germany;LFS - EU Labour Force Survey;Share of youth not in employment, education or training (NEET) by sex (%);Female;2016;7.427;;;Repository: ILO-STATISTICS - Micro data processing
Germany;LFS - EU Labour Force Survey;Share of youth not in employment, education or training (NEET) by sex (%);Total;2015;6.239;;;Repository: ILO-STATISTICS - Micro data processing
Germany;LFS - EU Labour Force Survey;Share of youth not in employment, education or training (NEET) by sex (%);Male;2015;5.413;;;Repository: ILO-STATISTICS - Micro data processing
Germany;LFS - EU Labour Force Survey;Share of youth not in employment, education or training (NEET) by sex (%);Female;2015;7.119;;;Repository: ILO-STATISTICS - Micro data processing
Djibouti;HS - Djiboutian Household Survey;Share of youth not in employment, education or training (NEET) by sex (%);Total;2017;51.027;Break in series;Break in series: Methodology revised;Repository: ILO-STATISTICS - Micro data processing
Djibouti;HS - Djiboutian Household Survey;Share of youth not in employment, education or training (NEET) by sex (%);Male;2017;47.691;Break in series;Break in series: Methodology revised;Repository: ILO-STATISTICS - Micro data processing
Djibouti;HS - Djiboutian Household Survey;Share of youth not in employment, education or training (NEET) by sex (%);Female;2017;54.314;Break in series;Break in series: Methodology revised;Repository: ILO-STATISTICS - Micro data processing
Denmark;LFS - EU Labour Force Survey;Share of youth not in employment, education or training (NEET) by sex (%);Total;2023;7.155;;;Repository: ILO-STATISTICS - Micro data processing
Denmark;LFS - EU Labour Force Survey;Share of youth not in employment, education or training (NEET) by sex (%);Male;2023;7.28;;;Repository: ILO-STATISTICS - Micro data processing
Denmark;LFS - EU Labour Force Survey;Share of youth not in employment, education or training (NEET) by sex (%);Female;2023;7.026;;;Repository: ILO-STATISTICS - Micro data processing
Denmark;LFS - EU Labour Force Survey;Share of youth not in employment, education or training (NEET) by sex (%);Total;2022;6.766;;;Repository: ILO-STATISTICS - Micro data processing
Denmark;LFS - EU Labour Force Survey;Share of youth not in employment, education or training (NEET) by sex (%);Male;2022;6.559;;;Repository: ILO-STATISTICS - Micro data processing
Denmark;LFS - EU Labour Force Survey;Share of youth not in employment, education or training (NEET) by sex (%);Female;2022;6.981;;;Repository: ILO-STATISTICS - Micro data processing
Denmark;LFS - EU Labour Force Survey;Share of youth not in employment, education or training (NEET) by sex (%);Total;2021;7.111;;;Repository: ILO-STATISTICS - Micro data processing
Denmark;LFS - EU Labour Force Survey;Share of youth not in employment, education or training (NEET) by sex (%);Male;2021;7.075;;;Repository: ILO-STATISTICS - Micro data processing
Denmark;LFS - EU Labour Force Survey;Share of youth not in employment, education or training (NEET) by sex (%);Female;2021;7.149;;;Repository: ILO-STATISTICS - Micro data processing
Denmark;LFS - EU Labour Force Survey;Share of youth not in employment, education or training (NEET) by sex (%);Total;2020;7.464;;;Repository: ILO-STATISTICS - Micro data processing
Denmark;LFS - EU Labour Force Survey;Share of youth not in employment, education or training (NEET) by sex (%);Male;2020;7.714;;;Repository: ILO-STATISTICS - Micro data processing
Denmark;LFS - EU Labour Force Survey;Share of youth not in employment, education or training (NEET) by sex (%);Female;2020;7.203;;;Repository: ILO-STATISTICS - Micro data processing
Denmark;LFS - EU Labour Force Survey;Share of youth not in employment, education or training (NEET) by sex (%);Total;2019;7.722;;;Repository: ILO-STATISTICS - Micro data processing
Denmark;LFS - EU Labour Force Survey;Share of youth not in employment, education or training (NEET) by sex (%);Male;2019;7.987;;;Repository: ILO-STATISTICS - Micro data processing
Denmark;LFS - EU Labour Force Survey;Share of youth not in employment, education or training (NEET) by sex (%);Female;2019;7.445;;;Repository: ILO-STATISTICS - Micro data processing
Denmark;LFS - EU Labour Force Survey;Share of youth not in employment, education or training (NEET) by sex (%);Total;2018;7.683;;;Repository: ILO-STATISTICS - Micro data processing
Denmark;LFS - EU Labour Force Survey;Share of youth not in employment, education or training (NEET) by sex (%);Male;2018;7.761;;;Repository: ILO-STATISTICS - Micro data processing
Denmark;LFS - EU Labour Force Survey;Share of youth not in employment, education or training (NEET) by sex (%);Female;2018;7.601;;;Repository: ILO-STATISTICS - Micro data processing
Denmark;LFS - EU Labour Force Survey;Share of youth not in employment, education or training (NEET) by sex (%);Total;2017;7.582;;;Repository: ILO-STATISTICS - Micro data processing
Denmark;LFS - EU Labour Force Survey;Share of youth not in employment, education or training (NEET) by sex (%);Male;2017;7.532;;;Repository: ILO-STATISTICS - Micro data processing
Denmark;LFS - EU Labour Force Survey;Share of youth not in employment, education or training (NEET) by sex (%);Female;2017;7.635;;;Repository: ILO-STATISTICS - Micro data processing
Denmark;LFS - EU Labour Force Survey;Share of youth not in employment, education or training (NEET) by sex (%);Total;2016;6.72;;;Repository: ILO-STATISTICS - Micro data processing
Denmark;LFS - EU Labour Force Survey;Share of youth not in employment, education or training (NEET) by sex (%);Male;2016;7.497;;;Repository: ILO-STATISTICS - Micro data processing
Denmark;LFS - EU Labour Force Survey;Share of youth not in employment, education or training (NEET) by sex (%);Female;2016;5.908;;;Repository: ILO-STATISTICS - Micro data processing
Denmark;LFS - EU Labour Force Survey;Share of youth not in employment, education or training (NEET) by sex (%);Total;2015;7.032;;;Repository: ILO-STATISTICS - Micro data processing
Denmark;LFS - EU Labour Force Survey;Share of youth not in employment, education or training (NEET) by sex (%);Male;2015;7.13;;;Repository: ILO-STATISTICS - Micro data processing
Denmark;LFS - EU Labour Force Survey;Share of youth not in employment, education or training (NEET) by sex (%);Female;2015;6.929;;;Repository: ILO-STATISTICS - Micro data processing
Dominican Republic;LFS - Continuous National Labour Force Survey;Share of youth not in employment, education or training (NEET) by sex (%);Total;2023;25.678;;;Repository: ILO-STATISTICS - Micro data processing
Dominican Republic;LFS - Continuous National Labour Force Survey;Share of youth not in employment, education or training (NEET) by sex (%);Male;2023;20.671;;;Repository: ILO-STATISTICS - Micro data processing
Dominican Republic;LFS - Continuous National Labour Force Survey;Share of youth not in employment, education or training (NEET) by sex (%);Female;2023;30.831;;;Repository: ILO-STATISTICS - Micro data processing
Dominican Republic;LFS - Continuous National Labour Force Survey;Share of youth not in employment, education or training (NEET) by sex (%);Total;2022;26.61;;;Repository: ILO-STATISTICS - Micro data processing
Dominican Republic;LFS - Continuous National Labour Force Survey;Share of youth not in employment, education or training (NEET) by sex (%);Male;2022;21.452;;;Repository: ILO-STATISTICS - Micro data processing
Dominican Republic;LFS - Continuous National Labour Force Survey;Share of youth not in employment, education or training (NEET) by sex (%);Female;2022;31.697;;;Repository: ILO-STATISTICS - Micro data processing
Dominican Republic;LFS - Continuous National Labour Force Survey;Share of youth not in employment, education or training (NEET) by sex (%);Total;2021;27.333;;;Repository: ILO-STATISTICS - Micro data processing
Dominican Republic;LFS - Continuous National Labour Force Survey;Share of youth not in employment, education or training (NEET) by sex (%);Male;2021;21.117;;;Repository: ILO-STATISTICS - Micro data processing
Dominican Republic;LFS - Continuous National Labour Force Survey;Share of youth not in employment, education or training (NEET) by sex (%);Female;2021;33.569;;;Repository: ILO-STATISTICS - Micro data processing
Dominican Republic;LFS - Continuous National Labour Force Survey;Share of youth not in employment, education or training (NEET) by sex (%);Total;2020;37.702;Break in series;Break in series: Methodology revised;Repository: ILO-STATISTICS - Micro data processing
Dominican Republic;LFS - Continuous National Labour Force Survey;Share of youth not in employment, education or training (NEET) by sex (%);Male;2020;31.085;Break in series;Break in series: Methodology revised;Repository: ILO-STATISTICS - Micro data processing
Dominican Republic;LFS - Continuous National Labour Force Survey;Share of youth not in employment, education or training (NEET) by sex (%);Female;2020;44.147;Break in series;Break in series: Methodology revised;Repository: ILO-STATISTICS - Micro data processing
Dominican Republic;LFS - Continuous National Labour Force Survey;Share of youth not in employment, education or training (NEET) by sex (%);Total;2019;24.727;;;Repository: ILO-STATISTICS - Micro data processing
Dominican Republic;LFS - Continuous National Labour Force Survey;Share of youth not in employment, education or training (NEET) by sex (%);Male;2019;18.775;;;Repository: ILO-STATISTICS - Micro data processing
Dominican Republic;LFS - Continuous National Labour Force Survey;Share of youth not in employment, education or training (NEET) by sex (%);Female;2019;30.486;;;Repository: ILO-STATISTICS - Micro data processing
Dominican Republic;LFS - Continuous National Labour Force Survey;Share of youth not in employment, education or training (NEET) by sex (%);Total;2018;24.5;;;Repository: ILO-STATISTICS - Micro data processing
Dominican Republic;LFS - Continuous National Labour Force Survey;Share of youth not in employment, education or training (NEET) by sex (%);Male;2018;18.104;;;Repository: ILO-STATISTICS - Micro data processing
Dominican Republic;LFS - Continuous National Labour Force Survey;Share of youth not in employment, education or training (NEET) by sex (%);Female;2018;30.955;;;Repository: ILO-STATISTICS - Micro data processing
Dominican Republic;LFS - Continuous National Labour Force Survey;Share of youth not in employment, education or training (NEET) by sex (%);Total;2017;24.336;;;Repository: ILO-STATISTICS - Micro data processing
Dominican Republic;LFS - Continuous National Labour Force Survey;Share of youth not in employment, education or training (NEET) by sex (%);Male;2017;18.27;;;Repository: ILO-STATISTICS - Micro data processing
Dominican Republic;LFS - Continuous National Labour Force Survey;Share of youth not in employment, education or training (NEET) by sex (%);Female;2017;30.537;;;Repository: ILO-STATISTICS - Micro data processing
Dominican Republic;LFS - Continuous National Labour Force Survey;Share of youth not in employment, education or training (NEET) by sex (%);Total;2016;25.374;;;Repository: ILO-STATISTICS - Micro data processing
Dominican Republic;LFS - Continuous National Labour Force Survey;Share of youth not in employment, education or training (NEET) by sex (%);Male;2016;19.203;;;Repository: ILO-STATISTICS - Micro data processing
Dominican Republic;LFS - Continuous National Labour Force Survey;Share of youth not in employment, education or training (NEET) by sex (%);Female;2016;31.617;;;Repository: ILO-STATISTICS - Micro data processing
Dominican Republic;LFS - Continuous National Labour Force Survey;Share of youth not in employment, education or training (NEET) by sex (%);Total;2015;25.232;Break in series;Break in series: Methodology revised;Repository: ILO-STATISTICS - Micro data processing
Dominican Republic;LFS - Continuous National Labour Force Survey;Share of youth not in employment, education or training (NEET) by sex (%);Male;2015;19.537;Break in series;Break in series: Methodology revised;Repository: ILO-STATISTICS - Micro data processing
Dominican Republic;LFS - Continuous National Labour Force Survey;Share of youth not in employment, education or training (NEET) by sex (%);Female;2015;31.074;Break in series;Break in series: Methodology revised;Repository: ILO-STATISTICS - Micro data processing
Algeria;LFS - Household Employment Survey;Share of youth not in employment, education or training (NEET) by sex (%);Total;2017;20.95;;;Data reference period: September
Algeria;LFS - Household Employment Survey;Share of youth not in employment, education or training (NEET) by sex (%);Male;2017;10.94;;;Data reference period: September
Algeria;LFS - Household Employment Survey;Share of youth not in employment, education or training (NEET) by sex (%);Female;2017;31.69;;;Data reference period: September
Algeria;LFS - Household Employment Survey;Share of youth not in employment, education or training (NEET) by sex (%);Total;2015;21.2;;;
Algeria;LFS - Household Employment Survey;Share of youth not in employment, education or training (NEET) by sex (%);Male;2015;10.8;;;
Algeria;LFS - Household Employment Survey;Share of youth not in employment, education or training (NEET) by sex (%);Female;2015;32.1;;;
Ecuador;LFS - National Survey on Employment, Unemployment and Underemployment;Share of youth not in employment, education or training (NEET) by sex (%);Total;2023;18.634;;;Repository: ILO-STATISTICS - Micro data processing
Ecuador;LFS - National Survey on Employment, Unemployment and Underemployment;Share of youth not in employment, education or training (NEET) by sex (%);Male;2023;11.288;;;Repository: ILO-STATISTICS - Micro data processing
Ecuador;LFS - National Survey on Employment, Unemployment and Underemployment;Share of youth not in employment, education or training (NEET) by sex (%);Female;2023;26.331;;;Repository: ILO-STATISTICS - Micro data processing
Ecuador;LFS - National Survey on Employment, Unemployment and Underemployment;Share of youth not in employment, education or training (NEET) by sex (%);Total;2022;17.99;;;Repository: ILO-STATISTICS - Micro data processing
Ecuador;LFS - National Survey on Employment, Unemployment and Underemployment;Share of youth not in employment, education or training (NEET) by sex (%);Male;2022;10.547;;;Repository: ILO-STATISTICS - Micro data processing
Ecuador;LFS - National Survey on Employment, Unemployment and Underemployment;Share of youth not in employment, education or training (NEET) by sex (%);Female;2022;26.279;;;Repository: ILO-STATISTICS - Micro data processing
Ecuador;LFS - National Survey on Employment, Unemployment and Underemployment;Share of youth not in employment, education or training (NEET) by sex (%);Total;2021;18.497;;;Repository: ILO-STATISTICS - Micro data processing
Ecuador;LFS - National Survey on Employment, Unemployment and Underemployment;Share of youth not in employment, education or training (NEET) by sex (%);Male;2021;10.592;;;Repository: ILO-STATISTICS - Micro data processing
Ecuador;LFS - National Survey on Employment, Unemployment and Underemployment;Share of youth not in employment, education or training (NEET) by sex (%);Female;2021;27.162;;;Repository: ILO-STATISTICS - Micro data processing
Ecuador;LFS - National Survey on Employment, Unemployment and Underemployment;Share of youth not in employment, education or training (NEET) by sex (%);Total;2019;17.516;;;Repository: ILO-STATISTICS - Micro data processing
Ecuador;LFS - National Survey on Employment, Unemployment and Underemployment;Share of youth not in employment, education or training (NEET) by sex (%);Male;2019;9.965;;;Repository: ILO-STATISTICS - Micro data processing
Ecuador;LFS - National Survey on Employment, Unemployment and Underemployment;Share of youth not in employment, education or training (NEET) by sex (%);Female;2019;25.815;;;Repository: ILO-STATISTICS - Micro data processing
Ecuador;LFS - National Survey on Employment, Unemployment and Underemployment;Share of youth not in employment, education or training (NEET) by sex (%);Total;2018;17.67;;;Repository: ILO-STATISTICS - Micro data processing
Ecuador;LFS - National Survey on Employment, Unemployment and Underemployment;Share of youth not in employment, education or training (NEET) by sex (%);Male;2018;9.826;;;Repository: ILO-STATISTICS - Micro data processing
Ecuador;LFS - National Survey on Employment, Unemployment and Underemployment;Share of youth not in employment, education or training (NEET) by sex (%);Female;2018;26.054;;;Repository: ILO-STATISTICS - Micro data processing
Ecuador;LFS - National Survey on Employment, Unemployment and Underemployment;Share of youth not in employment, education or training (NEET) by sex (%);Total;2017;17.56;;;Repository: ILO-STATISTICS - Micro data processing
Ecuador;LFS - National Survey on Employment, Unemployment and Underemployment;Share of youth not in employment, education or training (NEET) by sex (%);Male;2017;9.267;;;Repository: ILO-STATISTICS - Micro data processing
Ecuador;LFS - National Survey on Employment, Unemployment and Underemployment;Share of youth not in employment, education or training (NEET) by sex (%);Female;2017;25.982;;;Repository: ILO-STATISTICS - Micro data processing
Ecuador;LFS - National Survey on Employment, Unemployment and Underemployment;Share of youth not in employment, education or training (NEET) by sex (%);Total;2016;18.44;;;Repository: ILO-STATISTICS - Micro data processing
Ecuador;LFS - National Survey on Employment, Unemployment and Underemployment;Share of youth not in employment, education or training (NEET) by sex (%);Male;2016;10.236;;;Repository: ILO-STATISTICS - Micro data processing
Ecuador;LFS - National Survey on Employment, Unemployment and Underemployment;Share of youth not in employment, education or training (NEET) by sex (%);Female;2016;26.682;;;Repository: ILO-STATISTICS - Micro data processing
Ecuador;LFS - National Survey on Employment, Unemployment and Underemployment;Share of youth not in employment, education or training (NEET) by sex (%);Total;2015;19.811;;;Repository: ILO-STATISTICS - Micro data processing
Ecuador;LFS - National Survey on Employment, Unemployment and Underemployment;Share of youth not in employment, education or training (NEET) by sex (%);Male;2015;10.5;;;Repository: ILO-STATISTICS - Micro data processing
Ecuador;LFS - National Survey on Employment, Unemployment and Underemployment;Share of youth not in employment, education or training (NEET) by sex (%);Female;2015;29.264;;;Repository: ILO-STATISTICS - Micro data processing
Egypt;LFS - Labour Force Sample Survey;Share of youth not in employment, education or training (NEET) by sex (%);Total;2023;24.567;;;Repository: ILO-STATISTICS - Micro data processing
Egypt;LFS - Labour Force Sample Survey;Share of youth not in employment, education or training (NEET) by sex (%);Male;2023;14.616;;;Repository: ILO-STATISTICS - Micro data processing
Egypt;LFS - Labour Force Sample Survey;Share of youth not in employment, education or training (NEET) by sex (%);Female;2023;36.166;;;Repository: ILO-STATISTICS - Micro data processing
Egypt;LFS - Labour Force Sample Survey;Share of youth not in employment, education or training (NEET) by sex (%);Total;2022;26.92;;;Repository: ILO-STATISTICS - Micro data processing
Egypt;LFS - Labour Force Sample Survey;Share of youth not in employment, education or training (NEET) by sex (%);Male;2022;15.833;;;Repository: ILO-STATISTICS - Micro data processing
Egypt;LFS - Labour Force Sample Survey;Share of youth not in employment, education or training (NEET) by sex (%);Female;2022;40.117;;;Repository: ILO-STATISTICS - Micro data processing
Egypt;LFS - Labour Force Sample Survey;Share of youth not in employment, education or training (NEET) by sex (%);Total;2021;28.743;;;Repository: ILO-STATISTICS - Micro data processing
Egypt;LFS - Labour Force Sample Survey;Share of youth not in employment, education or training (NEET) by sex (%);Male;2021;16.749;;;Repository: ILO-STATISTICS - Micro data processing
Egypt;LFS - Labour Force Sample Survey;Share of youth not in employment, education or training (NEET) by sex (%);Female;2021;42.158;;;Repository: ILO-STATISTICS - Micro data processing
Egypt;LFS - Labour Force Sample Survey;Share of youth not in employment, education or training (NEET) by sex (%);Total;2020;30.156;;;Repository: ILO-STATISTICS - Micro data processing
Egypt;LFS - Labour Force Sample Survey;Share of youth not in employment, education or training (NEET) by sex (%);Male;2020;17.178;;;Repository: ILO-STATISTICS - Micro data processing
Egypt;LFS - Labour Force Sample Survey;Share of youth not in employment, education or training (NEET) by sex (%);Female;2020;43.93;;;Repository: ILO-STATISTICS - Micro data processing
Egypt;LFS - Labour Force Sample Survey;Share of youth not in employment, education or training (NEET) by sex (%);Total;2019;27.959;;;Repository: ILO-STATISTICS - Micro data processing
Egypt;LFS - Labour Force Sample Survey;Share of youth not in employment, education or training (NEET) by sex (%);Male;2019;16.438;;;Repository: ILO-STATISTICS - Micro data processing
Egypt;LFS - Labour Force Sample Survey;Share of youth not in employment, education or training (NEET) by sex (%);Female;2019;40.345;;;Repository: ILO-STATISTICS - Micro data processing
Egypt;LFS - Labour Force Sample Survey;Share of youth not in employment, education or training (NEET) by sex (%);Total;2018;27.095;;;Repository: ILO-STATISTICS - Micro data processing
Egypt;LFS - Labour Force Sample Survey;Share of youth not in employment, education or training (NEET) by sex (%);Male;2018;18.599;;;Repository: ILO-STATISTICS - Micro data processing
Egypt;LFS - Labour Force Sample Survey;Share of youth not in employment, education or training (NEET) by sex (%);Female;2018;36.602;;;Repository: ILO-STATISTICS - Micro data processing
Egypt;LFS - Labour Force Sample Survey;Share of youth not in employment, education or training (NEET) by sex (%);Total;2017;26.903;;;Repository: ILO-STATISTICS - Micro data processing
Egypt;LFS - Labour Force Sample Survey;Share of youth not in employment, education or training (NEET) by sex (%);Male;2017;19.583;;;Repository: ILO-STATISTICS - Micro data processing
Egypt;LFS - Labour Force Sample Survey;Share of youth not in employment, education or training (NEET) by sex (%);Female;2017;34.996;;;Repository: ILO-STATISTICS - Micro data processing
Egypt;LFS - Labour Force Sample Survey;Share of youth not in employment, education or training (NEET) by sex (%);Total;2016;27.61;Break in series;Break in series: Methodology revised;Repository: ILO-STATISTICS - Micro data processing
Egypt;LFS - Labour Force Sample Survey;Share of youth not in employment, education or training (NEET) by sex (%);Male;2016;19.879;Break in series;Break in series: Methodology revised;Repository: ILO-STATISTICS - Micro data processing
Egypt;LFS - Labour Force Sample Survey;Share of youth not in employment, education or training (NEET) by sex (%);Female;2016;35.69;Break in series;Break in series: Methodology revised;Repository: ILO-STATISTICS - Micro data processing
Egypt;LFS - Labour Force Sample Survey;Share of youth not in employment, education or training (NEET) by sex (%);Total;2015;27.605;;;Repository: ILO-STATISTICS - Micro data processing
Egypt;LFS - Labour Force Sample Survey;Share of youth not in employment, education or training (NEET) by sex (%);Male;2015;19.762;;;Repository: ILO-STATISTICS - Micro data processing
Egypt;LFS - Labour Force Sample Survey;Share of youth not in employment, education or training (NEET) by sex (%);Female;2015;35.809;;;Repository: ILO-STATISTICS - Micro data processing
Spain;LFS - EU Labour Force Survey;Share of youth not in employment, education or training (NEET) by sex (%);Total;2023;9.3;;;Repository: ILO-STATISTICS - Micro data processing
Spain;LFS - EU Labour Force Survey;Share of youth not in employment, education or training (NEET) by sex (%);Male;2023;9.635;;;Repository: ILO-STATISTICS - Micro data processing
Spain;LFS - EU Labour Force Survey;Share of youth not in employment, education or training (NEET) by sex (%);Female;2023;8.945;;;Repository: ILO-STATISTICS - Micro data processing
Spain;LFS - EU Labour Force Survey;Share of youth not in employment, education or training (NEET) by sex (%);Total;2022;9.221;;;Repository: ILO-STATISTICS - Micro data processing
Spain;LFS - EU Labour Force Survey;Share of youth not in employment, education or training (NEET) by sex (%);Male;2022;9.261;;;Repository: ILO-STATISTICS - Micro data processing
Spain;LFS - EU Labour Force Survey;Share of youth not in employment, education or training (NEET) by sex (%);Female;2022;9.178;;;Repository: ILO-STATISTICS - Micro data processing
Spain;LFS - EU Labour Force Survey;Share of youth not in employment, education or training (NEET) by sex (%);Total;2021;11.688;;;Repository: ILO-STATISTICS - Micro data processing
Spain;LFS - EU Labour Force Survey;Share of youth not in employment, education or training (NEET) by sex (%);Male;2021;13.104;;;Repository: ILO-STATISTICS - Micro data processing
Spain;LFS - EU Labour Force Survey;Share of youth not in employment, education or training (NEET) by sex (%);Female;2021;10.2;;;Repository: ILO-STATISTICS - Micro data processing
Spain;LFS - EU Labour Force Survey;Share of youth not in employment, education or training (NEET) by sex (%);Total;2020;13.682;;;Repository: ILO-STATISTICS - Micro data processing
Spain;LFS - EU Labour Force Survey;Share of youth not in employment, education or training (NEET) by sex (%);Male;2020;15.089;;;Repository: ILO-STATISTICS - Micro data processing
Spain;LFS - EU Labour Force Survey;Share of youth not in employment, education or training (NEET) by sex (%);Female;2020;12.2;;;Repository: ILO-STATISTICS - Micro data processing
Spain;LFS - EU Labour Force Survey;Share of youth not in employment, education or training (NEET) by sex (%);Total;2019;11.584;;;Repository: ILO-STATISTICS - Micro data processing
Spain;LFS - EU Labour Force Survey;Share of youth not in employment, education or training (NEET) by sex (%);Male;2019;11.959;;;Repository: ILO-STATISTICS - Micro data processing
Spain;LFS - EU Labour Force Survey;Share of youth not in employment, education or training (NEET) by sex (%);Female;2019;11.187;;;Repository: ILO-STATISTICS - Micro data processing
Spain;LFS - EU Labour Force Survey;Share of youth not in employment, education or training (NEET) by sex (%);Total;2018;11.841;;;Repository: ILO-STATISTICS - Micro data processing
Spain;LFS - EU Labour Force Survey;Share of youth not in employment, education or training (NEET) by sex (%);Male;2018;12.46;;;Repository: ILO-STATISTICS - Micro data processing
Spain;LFS - EU Labour Force Survey;Share of youth not in employment, education or training (NEET) by sex (%);Female;2018;11.193;;;Repository: ILO-STATISTICS - Micro data processing
Spain;LFS - EU Labour Force Survey;Share of youth not in employment, education or training (NEET) by sex (%);Total;2017;12.151;;;Repository: ILO-STATISTICS - Micro data processing
Spain;LFS - EU Labour Force Survey;Share of youth not in employment, education or training (NEET) by sex (%);Male;2017;12.62;;;Repository: ILO-STATISTICS - Micro data processing
Spain;LFS - EU Labour Force Survey;Share of youth not in employment, education or training (NEET) by sex (%);Female;2017;11.658;;;Repository: ILO-STATISTICS - Micro data processing
Spain;LFS - EU Labour Force Survey;Share of youth not in employment, education or training (NEET) by sex (%);Total;2016;13.793;;;Repository: ILO-STATISTICS - Micro data processing
Spain;LFS - EU Labour Force Survey;Share of youth not in employment, education or training (NEET) by sex (%);Male;2016;14.273;;;Repository: ILO-STATISTICS - Micro data processing
Spain;LFS - EU Labour Force Survey;Share of youth not in employment, education or training (NEET) by sex (%);Female;2016;13.29;;;Repository: ILO-STATISTICS - Micro data processing
Spain;LFS - EU Labour Force Survey;Share of youth not in employment, education or training (NEET) by sex (%);Total;2015;14.603;;;Repository: ILO-STATISTICS - Micro data processing
Spain;LFS - EU Labour Force Survey;Share of youth not in employment, education or training (NEET) by sex (%);Male;2015;16.062;;;Repository: ILO-STATISTICS - Micro data processing
Spain;LFS - EU Labour Force Survey;Share of youth not in employment, education or training (NEET) by sex (%);Female;2015;13.064;;;Repository: ILO-STATISTICS - Micro data processing
Estonia;LFS - Labour Force Survey;Share of youth not in employment, education or training (NEET) by sex (%);Total;2023;9.595;;;Repository: ILO-STATISTICS - Micro data processing
Estonia;LFS - Labour Force Survey;Share of youth not in employment, education or training (NEET) by sex (%);Male;2023;12.005;;;Repository: ILO-STATISTICS - Micro data processing
Estonia;LFS - Labour Force Survey;Share of youth not in employment, education or training (NEET) by sex (%);Female;2023;7.216;;;Repository: ILO-STATISTICS - Micro data processing
Estonia;LFS - Labour Force Survey;Share of youth not in employment, education or training (NEET) by sex (%);Total;2022;10.735;;;Repository: ILO-STATISTICS - Micro data processing
Estonia;LFS - Labour Force Survey;Share of youth not in employment, education or training (NEET) by sex (%);Male;2022;13.607;;;Repository: ILO-STATISTICS - Micro data processing
Estonia;LFS - Labour Force Survey;Share of youth not in employment, education or training (NEET) by sex (%);Female;2022;7.842;;;Repository: ILO-STATISTICS - Micro data processing
Estonia;LFS - Labour Force Survey;Share of youth not in employment, education or training (NEET) by sex (%);Total;2021;10.921;;;Repository: ILO-STATISTICS - Micro data processing
Estonia;LFS - Labour Force Survey;Share of youth not in employment, education or training (NEET) by sex (%);Male;2021;12.12;;;Repository: ILO-STATISTICS - Micro data processing
Estonia;LFS - Labour Force Survey;Share of youth not in employment, education or training (NEET) by sex (%);Female;2021;9.722;;;Repository: ILO-STATISTICS - Micro data processing
Estonia;LFS - Labour Force Survey;Share of youth not in employment, education or training (NEET) by sex (%);Total;2020;9.204;;;Repository: ILO-STATISTICS - Micro data processing
Estonia;LFS - Labour Force Survey;Share of youth not in employment, education or training (NEET) by sex (%);Male;2020;8.611;;;Repository: ILO-STATISTICS - Micro data processing
Estonia;LFS - Labour Force Survey;Share of youth not in employment, education or training (NEET) by sex (%);Female;2020;9.796;;;Repository: ILO-STATISTICS - Micro data processing
Estonia;LFS - Labour Force Survey;Share of youth not in employment, education or training (NEET) by sex (%);Total;2019;7.859;;;Repository: ILO-STATISTICS - Micro data processing
Estonia;LFS - Labour Force Survey;Share of youth not in employment, education or training (NEET) by sex (%);Male;2019;7.958;;;Repository: ILO-STATISTICS - Micro data processing
Estonia;LFS - Labour Force Survey;Share of youth not in employment, education or training (NEET) by sex (%);Female;2019;7.762;;;Repository: ILO-STATISTICS - Micro data processing
Estonia;LFS - Labour Force Survey;Share of youth not in employment, education or training (NEET) by sex (%);Total;2018;10.348;;;Repository: ILO-STATISTICS - Micro data processing
Estonia;LFS - Labour Force Survey;Share of youth not in employment, education or training (NEET) by sex (%);Male;2018;11.08;;;Repository: ILO-STATISTICS - Micro data processing
Estonia;LFS - Labour Force Survey;Share of youth not in employment, education or training (NEET) by sex (%);Female;2018;9.611;;;Repository: ILO-STATISTICS - Micro data processing
Estonia;LFS - Labour Force Survey;Share of youth not in employment, education or training (NEET) by sex (%);Total;2017;10.026;;;Repository: ILO-STATISTICS - Micro data processing
Estonia;LFS - Labour Force Survey;Share of youth not in employment, education or training (NEET) by sex (%);Male;2017;9.284;;;Repository: ILO-STATISTICS - Micro data processing
Estonia;LFS - Labour Force Survey;Share of youth not in employment, education or training (NEET) by sex (%);Female;2017;10.773;;;Repository: ILO-STATISTICS - Micro data processing
Estonia;LFS - Labour Force Survey;Share of youth not in employment, education or training (NEET) by sex (%);Total;2016;9.568;;;Repository: ILO-STATISTICS - Micro data processing
Estonia;LFS - Labour Force Survey;Share of youth not in employment, education or training (NEET) by sex (%);Male;2016;7.35;;;Repository: ILO-STATISTICS - Micro data processing
Estonia;LFS - Labour Force Survey;Share of youth not in employment, education or training (NEET) by sex (%);Female;2016;11.804;;;Repository: ILO-STATISTICS - Micro data processing
Estonia;LFS - Labour Force Survey;Share of youth not in employment, education or training (NEET) by sex (%);Total;2015;11.482;;;Repository: ILO-STATISTICS - Micro data processing
Estonia;LFS - Labour Force Survey;Share of youth not in employment, education or training (NEET) by sex (%);Male;2015;9.818;;;Repository: ILO-STATISTICS - Micro data processing
Estonia;LFS - Labour Force Survey;Share of youth not in employment, education or training (NEET) by sex (%);Female;2015;13.17;;;Repository: ILO-STATISTICS - Micro data processing
Ethiopia;LFS - National Labor Force Survey;Share of youth not in employment, education or training (NEET) by sex (%);Total;2021;17.529;;;Repository: ILO-STATISTICS - Micro data processing
Ethiopia;LFS - National Labor Force Survey;Share of youth not in employment, education or training (NEET) by sex (%);Male;2021;9.869;;;Repository: ILO-STATISTICS - Micro data processing
Ethiopia;LFS - National Labor Force Survey;Share of youth not in employment, education or training (NEET) by sex (%);Female;2021;24.875;;;Repository: ILO-STATISTICS - Micro data processing
Finland;LFS - EU Labour Force Survey;Share of youth not in employment, education or training (NEET) by sex (%);Total;2023;8.841;;;Repository: ILO-STATISTICS - Micro data processing
Finland;LFS - EU Labour Force Survey;Share of youth not in employment, education or training (NEET) by sex (%);Male;2023;10.389;;;Repository: ILO-STATISTICS - Micro data processing
Finland;LFS - EU Labour Force Survey;Share of youth not in employment, education or training (NEET) by sex (%);Female;2023;7.274;;;Repository: ILO-STATISTICS - Micro data processing
Finland;LFS - EU Labour Force Survey;Share of youth not in employment, education or training (NEET) by sex (%);Total;2022;8.068;;;Repository: ILO-STATISTICS - Micro data processing
Finland;LFS - EU Labour Force Survey;Share of youth not in employment, education or training (NEET) by sex (%);Male;2022;8.851;;;Repository: ILO-STATISTICS - Micro data processing
Finland;LFS - EU Labour Force Survey;Share of youth not in employment, education or training (NEET) by sex (%);Female;2022;7.276;;;Repository: ILO-STATISTICS - Micro data processing
Finland;LFS - EU Labour Force Survey;Share of youth not in employment, education or training (NEET) by sex (%);Total;2021;8.492;;;Repository: ILO-STATISTICS - Micro data processing
Finland;LFS - EU Labour Force Survey;Share of youth not in employment, education or training (NEET) by sex (%);Male;2021;9.754;;;Repository: ILO-STATISTICS - Micro data processing
Finland;LFS - EU Labour Force Survey;Share of youth not in employment, education or training (NEET) by sex (%);Female;2021;7.232;;;Repository: ILO-STATISTICS - Micro data processing
Finland;LFS - EU Labour Force Survey;Share of youth not in employment, education or training (NEET) by sex (%);Total;2020;9.365;;;Repository: ILO-STATISTICS - Micro data processing
Finland;LFS - EU Labour Force Survey;Share of youth not in employment, education or training (NEET) by sex (%);Male;2020;10.257;;;Repository: ILO-STATISTICS - Micro data processing
Finland;LFS - EU Labour Force Survey;Share of youth not in employment, education or training (NEET) by sex (%);Female;2020;8.456;;;Repository: ILO-STATISTICS - Micro data processing
Finland;LFS - EU Labour Force Survey;Share of youth not in employment, education or training (NEET) by sex (%);Total;2019;7.386;;;Repository: ILO-STATISTICS - Micro data processing
Finland;LFS - EU Labour Force Survey;Share of youth not in employment, education or training (NEET) by sex (%);Male;2019;7.468;;;Repository: ILO-STATISTICS - Micro data processing
Finland;LFS - EU Labour Force Survey;Share of youth not in employment, education or training (NEET) by sex (%);Female;2019;7.303;;;Repository: ILO-STATISTICS - Micro data processing
Finland;LFS - EU Labour Force Survey;Share of youth not in employment, education or training (NEET) by sex (%);Total;2018;7.746;;;Repository: ILO-STATISTICS - Micro data processing
Finland;LFS - EU Labour Force Survey;Share of youth not in employment, education or training (NEET) by sex (%);Male;2018;7.578;;;Repository: ILO-STATISTICS - Micro data processing
Finland;LFS - EU Labour Force Survey;Share of youth not in employment, education or training (NEET) by sex (%);Female;2018;7.915;;;Repository: ILO-STATISTICS - Micro data processing
Finland;LFS - EU Labour Force Survey;Share of youth not in employment, education or training (NEET) by sex (%);Total;2017;8.888;;;Repository: ILO-STATISTICS - Micro data processing
Finland;LFS - EU Labour Force Survey;Share of youth not in employment, education or training (NEET) by sex (%);Male;2017;9.454;;;Repository: ILO-STATISTICS - Micro data processing
Finland;LFS - EU Labour Force Survey;Share of youth not in employment, education or training (NEET) by sex (%);Female;2017;8.315;;;Repository: ILO-STATISTICS - Micro data processing
Finland;LFS - EU Labour Force Survey;Share of youth not in employment, education or training (NEET) by sex (%);Total;2016;9.238;;;Repository: ILO-STATISTICS - Micro data processing
Finland;LFS - EU Labour Force Survey;Share of youth not in employment, education or training (NEET) by sex (%);Male;2016;9.871;;;Repository: ILO-STATISTICS - Micro data processing
Finland;LFS - EU Labour Force Survey;Share of youth not in employment, education or training (NEET) by sex (%);Female;2016;8.603;;;Repository: ILO-STATISTICS - Micro data processing
Finland;LFS - EU Labour Force Survey;Share of youth not in employment, education or training (NEET) by sex (%);Total;2015;10.59;;;Repository: ILO-STATISTICS - Micro data processing
Finland;LFS - EU Labour Force Survey;Share of youth not in employment, education or training (NEET) by sex (%);Male;2015;12.158;;;Repository: ILO-STATISTICS - Micro data processing
Finland;LFS - EU Labour Force Survey;Share of youth not in employment, education or training (NEET) by sex (%);Female;2015;9.044;;;Repository: ILO-STATISTICS - Micro data processing
Fiji;LFS - Employment, Unemployment Survey;Share of youth not in employment, education or training (NEET) by sex (%);Total;2016;20.086;;;Repository: ILO-STATISTICS - Micro data processing
Fiji;LFS - Employment, Unemployment Survey;Share of youth not in employment, education or training (NEET) by sex (%);Male;2016;10.828;;;Repository: ILO-STATISTICS - Micro data processing
Fiji;LFS - Employment, Unemployment Survey;Share of youth not in employment, education or training (NEET) by sex (%);Female;2016;29.592;;;Repository: ILO-STATISTICS - Micro data processing
France;LFS - Employment Survey;Share of youth not in employment, education or training (NEET) by sex (%);Total;2023;11.804;;;Repository: ILO-STATISTICS - Micro data processing
France;LFS - Employment Survey;Share of youth not in employment, education or training (NEET) by sex (%);Male;2023;13.162;;;Repository: ILO-STATISTICS - Micro data processing
France;LFS - Employment Survey;Share of youth not in employment, education or training (NEET) by sex (%);Female;2023;10.39;;;Repository: ILO-STATISTICS - Micro data processing
France;LFS - Employment Survey;Share of youth not in employment, education or training (NEET) by sex (%);Total;2022;11.557;;;Repository: ILO-STATISTICS - Micro data processing
France;LFS - Employment Survey;Share of youth not in employment, education or training (NEET) by sex (%);Male;2022;12.823;;;Repository: ILO-STATISTICS - Micro data processing
France;LFS - Employment Survey;Share of youth not in employment, education or training (NEET) by sex (%);Female;2022;10.244;;;Repository: ILO-STATISTICS - Micro data processing
France;LFS - Employment Survey;Share of youth not in employment, education or training (NEET) by sex (%);Total;2021;11.483;;;Repository: ILO-STATISTICS - Micro data processing
France;LFS - Employment Survey;Share of youth not in employment, education or training (NEET) by sex (%);Male;2021;12.534;;;Repository: ILO-STATISTICS - Micro data processing
France;LFS - Employment Survey;Share of youth not in employment, education or training (NEET) by sex (%);Female;2021;10.394;;;Repository: ILO-STATISTICS - Micro data processing
France;LFS - Employment Survey;Share of youth not in employment, education or training (NEET) by sex (%);Total;2020;12.701;;;Repository: ILO-STATISTICS - Micro data processing
France;LFS - Employment Survey;Share of youth not in employment, education or training (NEET) by sex (%);Male;2020;13.206;;;Repository: ILO-STATISTICS - Micro data processing
France;LFS - Employment Survey;Share of youth not in employment, education or training (NEET) by sex (%);Female;2020;12.183;;;Repository: ILO-STATISTICS - Micro data processing
France;LFS - Employment Survey;Share of youth not in employment, education or training (NEET) by sex (%);Total;2019;12.618;;;Repository: ILO-STATISTICS - Micro data processing
France;LFS - Employment Survey;Share of youth not in employment, education or training (NEET) by sex (%);Male;2019;13.166;;;Repository: ILO-STATISTICS - Micro data processing
France;LFS - Employment Survey;Share of youth not in employment, education or training (NEET) by sex (%);Female;2019;12.056;;;Repository: ILO-STATISTICS - Micro data processing
France;LFS - Employment Survey;Share of youth not in employment, education or training (NEET) by sex (%);Total;2018;13.082;;;Repository: ILO-STATISTICS - Micro data processing
France;LFS - Employment Survey;Share of youth not in employment, education or training (NEET) by sex (%);Male;2018;14.13;;;Repository: ILO-STATISTICS - Micro data processing
France;LFS - Employment Survey;Share of youth not in employment, education or training (NEET) by sex (%);Female;2018;12.01;;;Repository: ILO-STATISTICS - Micro data processing
France;LFS - Employment Survey;Share of youth not in employment, education or training (NEET) by sex (%);Total;2017;13.425;;;Repository: ILO-STATISTICS - Micro data processing
France;LFS - Employment Survey;Share of youth not in employment, education or training (NEET) by sex (%);Male;2017;14.301;;;Repository: ILO-STATISTICS - Micro data processing
France;LFS - Employment Survey;Share of youth not in employment, education or training (NEET) by sex (%);Female;2017;12.525;;;Repository: ILO-STATISTICS - Micro data processing
France;LFS - Employment Survey;Share of youth not in employment, education or training (NEET) by sex (%);Total;2016;13.94;;;Repository: ILO-STATISTICS - Micro data processing
France;LFS - Employment Survey;Share of youth not in employment, education or training (NEET) by sex (%);Male;2016;14.337;;;Repository: ILO-STATISTICS - Micro data processing
France;LFS - Employment Survey;Share of youth not in employment, education or training (NEET) by sex (%);Female;2016;13.535;;;Repository: ILO-STATISTICS - Micro data processing
France;LFS - Employment Survey;Share of youth not in employment, education or training (NEET) by sex (%);Total;2015;13.967;;;Repository: ILO-STATISTICS - Micro data processing
France;LFS - Employment Survey;Share of youth not in employment, education or training (NEET) by sex (%);Male;2015;14.79;;;Repository: ILO-STATISTICS - Micro data processing
France;LFS - Employment Survey;Share of youth not in employment, education or training (NEET) by sex (%);Female;2015;13.133;;;Repository: ILO-STATISTICS - Micro data processing
United Kingdom of Great Britain and Northern Ireland;LFS - Labour Force Survey;Share of youth not in employment, education or training (NEET) by sex (%);Total;2023;12.802;;;Repository: ILO-STATISTICS - Micro data processing
United Kingdom of Great Britain and Northern Ireland;LFS - Labour Force Survey;Share of youth not in employment, education or training (NEET) by sex (%);Male;2023;13.459;;;Repository: ILO-STATISTICS - Micro data processing
United Kingdom of Great Britain and Northern Ireland;LFS - Labour Force Survey;Share of youth not in employment, education or training (NEET) by sex (%);Female;2023;12.122;;;Repository: ILO-STATISTICS - Micro data processing
United Kingdom of Great Britain and Northern Ireland;LFS - Labour Force Survey;Share of youth not in employment, education or training (NEET) by sex (%);Total;2022;11.809;;;Repository: ILO-STATISTICS - Micro data processing
United Kingdom of Great Britain and Northern Ireland;LFS - Labour Force Survey;Share of youth not in employment, education or training (NEET) by sex (%);Male;2022;12.521;;;Repository: ILO-STATISTICS - Micro data processing
United Kingdom of Great Britain and Northern Ireland;LFS - Labour Force Survey;Share of youth not in employment, education or training (NEET) by sex (%);Female;2022;11.07;;;Repository: ILO-STATISTICS - Micro data processing
United Kingdom of Great Britain and Northern Ireland;LFS - Labour Force Survey;Share of youth not in employment, education or training (NEET) by sex (%);Total;2021;11.41;;;Repository: ILO-STATISTICS - Micro data processing
United Kingdom of Great Britain and Northern Ireland;LFS - Labour Force Survey;Share of youth not in employment, education or training (NEET) by sex (%);Male;2021;12.287;;;Repository: ILO-STATISTICS - Micro data processing
United Kingdom of Great Britain and Northern Ireland;LFS - Labour Force Survey;Share of youth not in employment, education or training (NEET) by sex (%);Female;2021;10.49;;;Repository: ILO-STATISTICS - Micro data processing
United Kingdom of Great Britain and Northern Ireland;LFS - Labour Force Survey;Share of youth not in employment, education or training (NEET) by sex (%);Total;2020;12.607;;;Repository: ILO-STATISTICS - Micro data processing
United Kingdom of Great Britain and Northern Ireland;LFS - Labour Force Survey;Share of youth not in employment, education or training (NEET) by sex (%);Male;2020;13.264;;;Repository: ILO-STATISTICS - Micro data processing
United Kingdom of Great Britain and Northern Ireland;LFS - Labour Force Survey;Share of youth not in employment, education or training (NEET) by sex (%);Female;2020;11.916;;;Repository: ILO-STATISTICS - Micro data processing
United Kingdom of Great Britain and Northern Ireland;LFS - Labour Force Survey;Share of youth not in employment, education or training (NEET) by sex (%);Total;2019;12.335;;;Repository: ILO-STATISTICS - Micro data processing
United Kingdom of Great Britain and Northern Ireland;LFS - Labour Force Survey;Share of youth not in employment, education or training (NEET) by sex (%);Male;2019;12.508;;;Repository: ILO-STATISTICS - Micro data processing
United Kingdom of Great Britain and Northern Ireland;LFS - Labour Force Survey;Share of youth not in employment, education or training (NEET) by sex (%);Female;2019;12.155;;;Repository: ILO-STATISTICS - Micro data processing
United Kingdom of Great Britain and Northern Ireland;LFS - Labour Force Survey;Share of youth not in employment, education or training (NEET) by sex (%);Total;2018;12.333;;;Repository: ILO-STATISTICS - Micro data processing
United Kingdom of Great Britain and Northern Ireland;LFS - Labour Force Survey;Share of youth not in employment, education or training (NEET) by sex (%);Male;2018;11.659;;;Repository: ILO-STATISTICS - Micro data processing
United Kingdom of Great Britain and Northern Ireland;LFS - Labour Force Survey;Share of youth not in employment, education or training (NEET) by sex (%);Female;2018;13.037;;;Repository: ILO-STATISTICS - Micro data processing
United Kingdom of Great Britain and Northern Ireland;LFS - Labour Force Survey;Share of youth not in employment, education or training (NEET) by sex (%);Total;2017;12.261;;;Repository: ILO-STATISTICS - Micro data processing
United Kingdom of Great Britain and Northern Ireland;LFS - Labour Force Survey;Share of youth not in employment, education or training (NEET) by sex (%);Male;2017;12.255;;;Repository: ILO-STATISTICS - Micro data processing
United Kingdom of Great Britain and Northern Ireland;LFS - Labour Force Survey;Share of youth not in employment, education or training (NEET) by sex (%);Female;2017;12.267;;;Repository: ILO-STATISTICS - Micro data processing
United Kingdom of Great Britain and Northern Ireland;LFS - Labour Force Survey;Share of youth not in employment, education or training (NEET) by sex (%);Total;2016;12.692;;;Repository: ILO-STATISTICS - Micro data processing
United Kingdom of Great Britain and Northern Ireland;LFS - Labour Force Survey;Share of youth not in employment, education or training (NEET) by sex (%);Male;2016;12.252;;;Repository: ILO-STATISTICS - Micro data processing
United Kingdom of Great Britain and Northern Ireland;LFS - Labour Force Survey;Share of youth not in employment, education or training (NEET) by sex (%);Female;2016;13.15;;;Repository: ILO-STATISTICS - Micro data processing
United Kingdom of Great Britain and Northern Ireland;LFS - Labour Force Survey;Share of youth not in employment, education or training (NEET) by sex (%);Total;2015;12.895;;;Repository: ILO-STATISTICS - Micro data processing
United Kingdom of Great Britain and Northern Ireland;LFS - Labour Force Survey;Share of youth not in employment, education or training (NEET) by sex (%);Male;2015;11.722;;;Repository: ILO-STATISTICS - Micro data processing
United Kingdom of Great Britain and Northern Ireland;LFS - Labour Force Survey;Share of youth not in employment, education or training (NEET) by sex (%);Female;2015;14.105;;;Repository: ILO-STATISTICS - Micro data processing
Georgia;LFS - Labour Force Survey;Share of youth not in employment, education or training (NEET) by sex (%);Total;2020;24.906;Break in series;Break in series: Methodology revised;Repository: ILO-STATISTICS - Micro data processing
Georgia;LFS - Labour Force Survey;Share of youth not in employment, education or training (NEET) by sex (%);Male;2020;23.575;Break in series;Break in series: Methodology revised;Repository: ILO-STATISTICS - Micro data processing
Georgia;LFS - Labour Force Survey;Share of youth not in employment, education or training (NEET) by sex (%);Female;2020;26.366;Break in series;Break in series: Methodology revised;Repository: ILO-STATISTICS - Micro data processing
Georgia;LFS - Labour Force Survey;Share of youth not in employment, education or training (NEET) by sex (%);Total;2019;25.998;;;Repository: ILO-STATISTICS - Micro data processing
Georgia;LFS - Labour Force Survey;Share of youth not in employment, education or training (NEET) by sex (%);Male;2019;23.33;;;Repository: ILO-STATISTICS - Micro data processing
Georgia;LFS - Labour Force Survey;Share of youth not in employment, education or training (NEET) by sex (%);Female;2019;29.061;;;Repository: ILO-STATISTICS - Micro data processing
Georgia;LFS - Labour Force Survey;Share of youth not in employment, education or training (NEET) by sex (%);Total;2018;26.851;;;Repository: ILO-STATISTICS - Micro data processing
Georgia;LFS - Labour Force Survey;Share of youth not in employment, education or training (NEET) by sex (%);Male;2018;23.229;;;Repository: ILO-STATISTICS - Micro data processing
Georgia;LFS - Labour Force Survey;Share of youth not in employment, education or training (NEET) by sex (%);Female;2018;30.988;;;Repository: ILO-STATISTICS - Micro data processing
Georgia;LFS - Labour Force Survey;Share of youth not in employment, education or training (NEET) by sex (%);Total;2017;24.758;;;Repository: ILO-STATISTICS - Micro data processing
Georgia;LFS - Labour Force Survey;Share of youth not in employment, education or training (NEET) by sex (%);Male;2017;21.229;;;Repository: ILO-STATISTICS - Micro data processing
Georgia;LFS - Labour Force Survey;Share of youth not in employment, education or training (NEET) by sex (%);Female;2017;28.672;;;Repository: ILO-STATISTICS - Micro data processing
Georgia;HS - Integrated Household Survey;Share of youth not in employment, education or training (NEET) by sex (%);Total;2016;26.815;;;Repository: ILO-STATISTICS - Micro data processing
Georgia;HS - Integrated Household Survey;Share of youth not in employment, education or training (NEET) by sex (%);Male;2016;22.465;;;Repository: ILO-STATISTICS - Micro data processing
Georgia;HS - Integrated Household Survey;Share of youth not in employment, education or training (NEET) by sex (%);Female;2016;31.695;;;Repository: ILO-STATISTICS - Micro data processing
Georgia;HS - Integrated Household Survey;Share of youth not in employment, education or training (NEET) by sex (%);Total;2015;27.436;;;Repository: ILO-STATISTICS - Micro data processing
Georgia;HS - Integrated Household Survey;Share of youth not in employment, education or training (NEET) by sex (%);Male;2015;21.945;;;Repository: ILO-STATISTICS - Micro data processing
Georgia;HS - Integrated Household Survey;Share of youth not in employment, education or training (NEET) by sex (%);Female;2015;33.517;;;Repository: ILO-STATISTICS - Micro data processing
Guernsey;ADM - Official Estimates;Share of youth not in employment, education or training (NEET) by sex (%);Total;2016;1.35;;;Data reference period: End of the year | Geographical coverage: Total national, excluding overseas territories
Guernsey;ADM - Official Estimates;Share of youth not in employment, education or training (NEET) by sex (%);Male;2016;1.66;;;Data reference period: End of the year | Geographical coverage: Total national, excluding overseas territories
Guernsey;ADM - Official Estimates;Share of youth not in employment, education or training (NEET) by sex (%);Female;2016;1;;;Data reference period: End of the year | Geographical coverage: Total national, excluding overseas territories
Guernsey;ADM - Official Estimates;Share of youth not in employment, education or training (NEET) by sex (%);Total;2015;2.41;;;Geographical coverage: Total national, excluding overseas territories | Age coverage - maximum age: 29 years old
Guernsey;ADM - Official Estimates;Share of youth not in employment, education or training (NEET) by sex (%);Male;2015;3.26;;;Geographical coverage: Total national, excluding overseas territories | Age coverage - maximum age: 29 years old
Guernsey;ADM - Official Estimates;Share of youth not in employment, education or training (NEET) by sex (%);Female;2015;1.5;;;Geographical coverage: Total national, excluding overseas territories | Age coverage - maximum age: 29 years old
Ghana;HIES - Household Income and Expenditure Survey;Share of youth not in employment, education or training (NEET) by sex (%);Total;2022;27.604;;;Repository: ILO-STATISTICS - Micro data processing
Ghana;HIES - Household Income and Expenditure Survey;Share of youth not in employment, education or training (NEET) by sex (%);Male;2022;25.242;;;Repository: ILO-STATISTICS - Micro data processing
Ghana;HIES - Household Income and Expenditure Survey;Share of youth not in employment, education or training (NEET) by sex (%);Female;2022;29.803;;;Repository: ILO-STATISTICS - Micro data processing
Ghana;PC - Population Census;Share of youth not in employment, education or training (NEET) by sex (%);Total;2021;22.745;;;Repository: ILO-STATISTICS - Micro data processing
Ghana;PC - Population Census;Share of youth not in employment, education or training (NEET) by sex (%);Male;2021;18.363;;;Repository: ILO-STATISTICS - Micro data processing
Ghana;PC - Population Census;Share of youth not in employment, education or training (NEET) by sex (%);Female;2021;27.069;;;Repository: ILO-STATISTICS - Micro data processing
Ghana;HIES - Living Standards Survey;Share of youth not in employment, education or training (NEET) by sex (%);Total;2017;22.994;Break in series;Break in series: Methodology revised;Repository: ILO-STATISTICS - Micro data processing
Ghana;HIES - Living Standards Survey;Share of youth not in employment, education or training (NEET) by sex (%);Male;2017;20.759;Break in series;Break in series: Methodology revised;Repository: ILO-STATISTICS - Micro data processing
Ghana;HIES - Living Standards Survey;Share of youth not in employment, education or training (NEET) by sex (%);Female;2017;25.248;Break in series;Break in series: Methodology revised;Repository: ILO-STATISTICS - Micro data processing
Ghana;LFS - Labour Force Survey;Share of youth not in employment, education or training (NEET) by sex (%);Total;2015;31.211;Break in series;Break in series: Methodology revised;Repository: ILO-STATISTICS - Micro data processing
Ghana;LFS - Labour Force Survey;Share of youth not in employment, education or training (NEET) by sex (%);Male;2015;24.02;Break in series;Break in series: Methodology revised;Repository: ILO-STATISTICS - Micro data processing
Ghana;LFS - Labour Force Survey;Share of youth not in employment, education or training (NEET) by sex (%);Female;2015;37.092;Break in series;Break in series: Methodology revised;Repository: ILO-STATISTICS - Micro data processing
Guinea;LFS - National Survey on Employment and the Informal Sector;Share of youth not in employment, education or training (NEET) by sex (%);Total;2019;34.301;;;Repository: ILO-STATISTICS - Micro data processing
Guinea;LFS - National Survey on Employment and the Informal Sector;Share of youth not in employment, education or training (NEET) by sex (%);Male;2019;24.845;;;Repository: ILO-STATISTICS - Micro data processing
Guinea;LFS - National Survey on Employment and the Informal Sector;Share of youth not in employment, education or training (NEET) by sex (%);Female;2019;41.492;;;Repository: ILO-STATISTICS - Micro data processing
Gambia;LFS - Labour Force Survey;Share of youth not in employment, education or training (NEET) by sex (%);Total;2023;39.848;;;Repository: ILO-STATISTICS - Micro data processing
Gambia;LFS - Labour Force Survey;Share of youth not in employment, education or training (NEET) by sex (%);Male;2023;40.971;;;Repository: ILO-STATISTICS - Micro data processing
Gambia;LFS - Labour Force Survey;Share of youth not in employment, education or training (NEET) by sex (%);Female;2023;38.84;;;Repository: ILO-STATISTICS - Micro data processing
Gambia;LFS - Labour Force Survey;Share of youth not in employment, education or training (NEET) by sex (%);Total;2018;28.987;Break in series;Break in series: Methodology revised;Repository: ILO-STATISTICS - Micro data processing
Gambia;LFS - Labour Force Survey;Share of youth not in employment, education or training (NEET) by sex (%);Male;2018;28.463;Break in series;Break in series: Methodology revised;Repository: ILO-STATISTICS - Micro data processing
Gambia;LFS - Labour Force Survey;Share of youth not in employment, education or training (NEET) by sex (%);Female;2018;29.468;Break in series;Break in series: Methodology revised;Repository: ILO-STATISTICS - Micro data processing
Guinea-Bissau;HIES - Harmonized Survey on Household Living Conditions;Share of youth not in employment, education or training (NEET) by sex (%);Total;2022;13.201;;;Repository: ILO-STATISTICS - Micro data processing
Guinea-Bissau;HIES - Harmonized Survey on Household Living Conditions;Share of youth not in employment, education or training (NEET) by sex (%);Male;2022;11.198;;;Repository: ILO-STATISTICS - Micro data processing
Guinea-Bissau;HIES - Harmonized Survey on Household Living Conditions;Share of youth not in employment, education or training (NEET) by sex (%);Female;2022;15.173;;;Repository: ILO-STATISTICS - Micro data processing
Guinea-Bissau;HIES - Harmonized Survey on Household Living Conditions;Share of youth not in employment, education or training (NEET) by sex (%);Total;2019;31.157;;;Repository: ILO-STATISTICS - Micro data processing
Guinea-Bissau;HIES - Harmonized Survey on Household Living Conditions;Share of youth not in employment, education or training (NEET) by sex (%);Male;2019;28.562;;;Repository: ILO-STATISTICS - Micro data processing
Guinea-Bissau;HIES - Harmonized Survey on Household Living Conditions;Share of youth not in employment, education or training (NEET) by sex (%);Female;2019;33.648;;;Repository: ILO-STATISTICS - Micro data processing
Guinea-Bissau;LFS - Integrated Regional Survey on Employment and Informal Sector;Share of youth not in employment, education or training (NEET) by sex (%);Total;2018;21.585;;;Repository: ILO-STATISTICS - Micro data processing
Guinea-Bissau;LFS - Integrated Regional Survey on Employment and Informal Sector;Share of youth not in employment, education or training (NEET) by sex (%);Male;2018;14.662;;;Repository: ILO-STATISTICS - Micro data processing
Guinea-Bissau;LFS - Integrated Regional Survey on Employment and Informal Sector;Share of youth not in employment, education or training (NEET) by sex (%);Female;2018;28.192;;;Repository: ILO-STATISTICS - Micro data processing
Greece;LFS - Labour Force Survey;Share of youth not in employment, education or training (NEET) by sex (%);Total;2023;12.505;;;Repository: ILO-STATISTICS - Micro data processing
Greece;LFS - Labour Force Survey;Share of youth not in employment, education or training (NEET) by sex (%);Male;2023;12.63;;;Repository: ILO-STATISTICS - Micro data processing
Greece;LFS - Labour Force Survey;Share of youth not in employment, education or training (NEET) by sex (%);Female;2023;12.378;;;Repository: ILO-STATISTICS - Micro data processing
Greece;LFS - Labour Force Survey;Share of youth not in employment, education or training (NEET) by sex (%);Total;2022;11.352;;;Repository: ILO-STATISTICS - Micro data processing
Greece;LFS - Labour Force Survey;Share of youth not in employment, education or training (NEET) by sex (%);Male;2022;10.659;;;Repository: ILO-STATISTICS - Micro data processing
Greece;LFS - Labour Force Survey;Share of youth not in employment, education or training (NEET) by sex (%);Female;2022;12.053;;;Repository: ILO-STATISTICS - Micro data processing
Greece;LFS - Labour Force Survey;Share of youth not in employment, education or training (NEET) by sex (%);Total;2021;12.048;;;Repository: ILO-STATISTICS - Micro data processing
Greece;LFS - Labour Force Survey;Share of youth not in employment, education or training (NEET) by sex (%);Male;2021;12.071;;;Repository: ILO-STATISTICS - Micro data processing
Greece;LFS - Labour Force Survey;Share of youth not in employment, education or training (NEET) by sex (%);Female;2021;12.025;;;Repository: ILO-STATISTICS - Micro data processing
Greece;LFS - Labour Force Survey;Share of youth not in employment, education or training (NEET) by sex (%);Total;2020;13.53;;;Repository: ILO-STATISTICS - Micro data processing
Greece;LFS - Labour Force Survey;Share of youth not in employment, education or training (NEET) by sex (%);Male;2020;13.416;;;Repository: ILO-STATISTICS - Micro data processing
Greece;LFS - Labour Force Survey;Share of youth not in employment, education or training (NEET) by sex (%);Female;2020;13.642;;;Repository: ILO-STATISTICS - Micro data processing
Greece;LFS - Labour Force Survey;Share of youth not in employment, education or training (NEET) by sex (%);Total;2019;12.977;;;Repository: ILO-STATISTICS - Micro data processing
Greece;LFS - Labour Force Survey;Share of youth not in employment, education or training (NEET) by sex (%);Male;2019;12.837;;;Repository: ILO-STATISTICS - Micro data processing
Greece;LFS - Labour Force Survey;Share of youth not in employment, education or training (NEET) by sex (%);Female;2019;13.115;;;Repository: ILO-STATISTICS - Micro data processing
Greece;LFS - Labour Force Survey;Share of youth not in employment, education or training (NEET) by sex (%);Total;2018;14.688;;;Repository: ILO-STATISTICS - Micro data processing
Greece;LFS - Labour Force Survey;Share of youth not in employment, education or training (NEET) by sex (%);Male;2018;14.756;;;Repository: ILO-STATISTICS - Micro data processing
Greece;LFS - Labour Force Survey;Share of youth not in employment, education or training (NEET) by sex (%);Female;2018;14.619;;;Repository: ILO-STATISTICS - Micro data processing
Greece;LFS - Labour Force Survey;Share of youth not in employment, education or training (NEET) by sex (%);Total;2017;15.885;;;Repository: ILO-STATISTICS - Micro data processing
Greece;LFS - Labour Force Survey;Share of youth not in employment, education or training (NEET) by sex (%);Male;2017;15.583;;;Repository: ILO-STATISTICS - Micro data processing
Greece;LFS - Labour Force Survey;Share of youth not in employment, education or training (NEET) by sex (%);Female;2017;16.184;;;Repository: ILO-STATISTICS - Micro data processing
Greece;LFS - Labour Force Survey;Share of youth not in employment, education or training (NEET) by sex (%);Total;2016;16.239;;;Repository: ILO-STATISTICS - Micro data processing
Greece;LFS - Labour Force Survey;Share of youth not in employment, education or training (NEET) by sex (%);Male;2016;16.296;;;Repository: ILO-STATISTICS - Micro data processing
Greece;LFS - Labour Force Survey;Share of youth not in employment, education or training (NEET) by sex (%);Female;2016;16.183;;;Repository: ILO-STATISTICS - Micro data processing
Greece;LFS - Labour Force Survey;Share of youth not in employment, education or training (NEET) by sex (%);Total;2015;17.896;;;Repository: ILO-STATISTICS - Micro data processing
Greece;LFS - Labour Force Survey;Share of youth not in employment, education or training (NEET) by sex (%);Male;2015;17.904;;;Repository: ILO-STATISTICS - Micro data processing
Greece;LFS - Labour Force Survey;Share of youth not in employment, education or training (NEET) by sex (%);Female;2015;17.889;;;Repository: ILO-STATISTICS - Micro data processing
Grenada;LFS - Labour Force Survey;Share of youth not in employment, education or training (NEET) by sex (%);Total;2023;20.092;;;Repository: ILO-STATISTICS - Micro data processing
Grenada;LFS - Labour Force Survey;Share of youth not in employment, education or training (NEET) by sex (%);Male;2023;19.565;;;Repository: ILO-STATISTICS - Micro data processing
Grenada;LFS - Labour Force Survey;Share of youth not in employment, education or training (NEET) by sex (%);Female;2023;20.65;;;Repository: ILO-STATISTICS - Micro data processing
Grenada;LFS - Labour Force Survey;Share of youth not in employment, education or training (NEET) by sex (%);Total;2021;26.734;;;Repository: ILO-STATISTICS - Micro data processing
Grenada;LFS - Labour Force Survey;Share of youth not in employment, education or training (NEET) by sex (%);Male;2021;26.617;;;Repository: ILO-STATISTICS - Micro data processing
Grenada;LFS - Labour Force Survey;Share of youth not in employment, education or training (NEET) by sex (%);Female;2021;26.853;;;Repository: ILO-STATISTICS - Micro data processing
Grenada;LFS - Labour Force Survey;Share of youth not in employment, education or training (NEET) by sex (%);Total;2020;28.138;;;Repository: ILO-STATISTICS - Micro data processing
Grenada;LFS - Labour Force Survey;Share of youth not in employment, education or training (NEET) by sex (%);Male;2020;29.355;;;Repository: ILO-STATISTICS - Micro data processing
Grenada;LFS - Labour Force Survey;Share of youth not in employment, education or training (NEET) by sex (%);Female;2020;26.943;;;Repository: ILO-STATISTICS - Micro data processing
Grenada;LFS - Labour Force Survey;Share of youth not in employment, education or training (NEET) by sex (%);Total;2019;23.131;;;Repository: ILO-STATISTICS - Micro data processing
Grenada;LFS - Labour Force Survey;Share of youth not in employment, education or training (NEET) by sex (%);Male;2019;23.873;;;Repository: ILO-STATISTICS - Micro data processing
Grenada;LFS - Labour Force Survey;Share of youth not in employment, education or training (NEET) by sex (%);Female;2019;22.388;;;Repository: ILO-STATISTICS - Micro data processing
Grenada;LFS - Labour Force Survey;Share of youth not in employment, education or training (NEET) by sex (%);Total;2018;26.434;;;Repository: ILO-STATISTICS - Micro data processing
Grenada;LFS - Labour Force Survey;Share of youth not in employment, education or training (NEET) by sex (%);Male;2018;19.919;;;Repository: ILO-STATISTICS - Micro data processing
Grenada;LFS - Labour Force Survey;Share of youth not in employment, education or training (NEET) by sex (%);Female;2018;32.052;;;Repository: ILO-STATISTICS - Micro data processing
Guatemala;HIES - Household Income and Expenditure Survey;Share of youth not in employment, education or training (NEET) by sex (%);Total;2023;23.824;;;Repository: ILO-STATISTICS - Micro data processing
Guatemala;HIES - Household Income and Expenditure Survey;Share of youth not in employment, education or training (NEET) by sex (%);Male;2023;7.511;;;Repository: ILO-STATISTICS - Micro data processing
Guatemala;HIES - Household Income and Expenditure Survey;Share of youth not in employment, education or training (NEET) by sex (%);Female;2023;38.403;;;Repository: ILO-STATISTICS - Micro data processing
Guatemala;LFS - Employment and Income Survey;Share of youth not in employment, education or training (NEET) by sex (%);Total;2022;29.552;Break in series;Unemployment definition: Two criteria (not in employment and seeking) | Break in series: Methodology revised;Repository: ILO-STATISTICS - Micro data processing
Guatemala;LFS - Employment and Income Survey;Share of youth not in employment, education or training (NEET) by sex (%);Male;2022;12.897;Break in series;Unemployment definition: Two criteria (not in employment and seeking) | Break in series: Methodology revised;Repository: ILO-STATISTICS - Micro data processing
Guatemala;LFS - Employment and Income Survey;Share of youth not in employment, education or training (NEET) by sex (%);Female;2022;44.347;Break in series;Unemployment definition: Two criteria (not in employment and seeking) | Break in series: Methodology revised;Repository: ILO-STATISTICS - Micro data processing
Guatemala;LFS - Employment and Income Survey;Share of youth not in employment, education or training (NEET) by sex (%);Total;2021;26.139;;;Repository: ILO-STATISTICS - Micro data processing
Guatemala;LFS - Employment and Income Survey;Share of youth not in employment, education or training (NEET) by sex (%);Male;2021;10.412;;;Repository: ILO-STATISTICS - Micro data processing
Guatemala;LFS - Employment and Income Survey;Share of youth not in employment, education or training (NEET) by sex (%);Female;2021;40.827;;;Repository: ILO-STATISTICS - Micro data processing
Guatemala;LFS - Employment and Income Survey;Share of youth not in employment, education or training (NEET) by sex (%);Total;2019;28.185;;;Repository: ILO-STATISTICS - Micro data processing
Guatemala;LFS - Employment and Income Survey;Share of youth not in employment, education or training (NEET) by sex (%);Male;2019;9.508;;;Repository: ILO-STATISTICS - Micro data processing
Guatemala;LFS - Employment and Income Survey;Share of youth not in employment, education or training (NEET) by sex (%);Female;2019;45.749;;;Repository: ILO-STATISTICS - Micro data processing
Guatemala;LFS - Employment and Income Survey;Share of youth not in employment, education or training (NEET) by sex (%);Total;2018;27.79;;;Repository: ILO-STATISTICS - Micro data processing
Guatemala;LFS - Employment and Income Survey;Share of youth not in employment, education or training (NEET) by sex (%);Male;2018;8.81;;;Repository: ILO-STATISTICS - Micro data processing
Guatemala;LFS - Employment and Income Survey;Share of youth not in employment, education or training (NEET) by sex (%);Female;2018;45.392;;;Repository: ILO-STATISTICS - Micro data processing
Guatemala;LFS - Employment and Income Survey;Share of youth not in employment, education or training (NEET) by sex (%);Total;2017;27.263;;;Repository: ILO-STATISTICS - Micro data processing
Guatemala;LFS - Employment and Income Survey;Share of youth not in employment, education or training (NEET) by sex (%);Male;2017;7.09;;;Repository: ILO-STATISTICS - Micro data processing
Guatemala;LFS - Employment and Income Survey;Share of youth not in employment, education or training (NEET) by sex (%);Female;2017;46.743;;;Repository: ILO-STATISTICS - Micro data processing
Guatemala;LFS - Employment and Income Survey;Share of youth not in employment, education or training (NEET) by sex (%);Total;2016;27.42;;;Repository: ILO-STATISTICS - Micro data processing
Guatemala;LFS - Employment and Income Survey;Share of youth not in employment, education or training (NEET) by sex (%);Male;2016;8.345;;;Repository: ILO-STATISTICS - Micro data processing
Guatemala;LFS - Employment and Income Survey;Share of youth not in employment, education or training (NEET) by sex (%);Female;2016;45.829;;;Repository: ILO-STATISTICS - Micro data processing
Guatemala;LFS - Employment and Income Survey;Share of youth not in employment, education or training (NEET) by sex (%);Total;2015;26.664;;;Repository: ILO-STATISTICS - Micro data processing
Guatemala;LFS - Employment and Income Survey;Share of youth not in employment, education or training (NEET) by sex (%);Male;2015;6.718;;;Repository: ILO-STATISTICS - Micro data processing
Guatemala;LFS - Employment and Income Survey;Share of youth not in employment, education or training (NEET) by sex (%);Female;2015;46.937;;;Repository: ILO-STATISTICS - Micro data processing
Guyana;LFS - Labour Force Survey;Share of youth not in employment, education or training (NEET) by sex (%);Total;2019;45.662;;;Repository: ILO-STATISTICS - Micro data processing
Guyana;LFS - Labour Force Survey;Share of youth not in employment, education or training (NEET) by sex (%);Male;2019;38.281;;;Repository: ILO-STATISTICS - Micro data processing
Guyana;LFS - Labour Force Survey;Share of youth not in employment, education or training (NEET) by sex (%);Female;2019;52.742;;;Repository: ILO-STATISTICS - Micro data processing
Guyana;LFS - Labour Force Survey;Share of youth not in employment, education or training (NEET) by sex (%);Total;2018;42.926;Break in series;Break in series: Methodology revised;Repository: ILO-STATISTICS - Micro data processing
Guyana;LFS - Labour Force Survey;Share of youth not in employment, education or training (NEET) by sex (%);Male;2018;33.787;Break in series;Break in series: Methodology revised;Repository: ILO-STATISTICS - Micro data processing
Guyana;LFS - Labour Force Survey;Share of youth not in employment, education or training (NEET) by sex (%);Female;2018;52.054;Break in series;Break in series: Methodology revised;Repository: ILO-STATISTICS - Micro data processing
Hong Kong, China;LFS - General Household Survey;Share of youth not in employment, education or training (NEET) by sex (%);Total;2023;5.942;;;Repository: ILO-STATISTICS - Micro data processing
Hong Kong, China;LFS - General Household Survey;Share of youth not in employment, education or training (NEET) by sex (%);Male;2023;6.252;;;Repository: ILO-STATISTICS - Micro data processing
Hong Kong, China;LFS - General Household Survey;Share of youth not in employment, education or training (NEET) by sex (%);Female;2023;5.625;;;Repository: ILO-STATISTICS - Micro data processing
Hong Kong, China;LFS - General Household Survey;Share of youth not in employment, education or training (NEET) by sex (%);Total;2022;6.701;;;Repository: ILO-STATISTICS - Micro data processing
Hong Kong, China;LFS - General Household Survey;Share of youth not in employment, education or training (NEET) by sex (%);Male;2022;6.917;;;Repository: ILO-STATISTICS - Micro data processing
Hong Kong, China;LFS - General Household Survey;Share of youth not in employment, education or training (NEET) by sex (%);Female;2022;6.479;;;Repository: ILO-STATISTICS - Micro data processing
Hong Kong, China;LFS - General Household Survey;Share of youth not in employment, education or training (NEET) by sex (%);Total;2021;7.242;;;Repository: ILO-STATISTICS - Micro data processing
Hong Kong, China;LFS - General Household Survey;Share of youth not in employment, education or training (NEET) by sex (%);Male;2021;8.135;;;Repository: ILO-STATISTICS - Micro data processing
Hong Kong, China;LFS - General Household Survey;Share of youth not in employment, education or training (NEET) by sex (%);Female;2021;6.328;;;Repository: ILO-STATISTICS - Micro data processing
Hong Kong, China;LFS - General Household Survey;Share of youth not in employment, education or training (NEET) by sex (%);Total;2020;8.992;;;Repository: ILO-STATISTICS - Micro data processing
Hong Kong, China;LFS - General Household Survey;Share of youth not in employment, education or training (NEET) by sex (%);Male;2020;9.7;;;Repository: ILO-STATISTICS - Micro data processing
Hong Kong, China;LFS - General Household Survey;Share of youth not in employment, education or training (NEET) by sex (%);Female;2020;8.275;;;Repository: ILO-STATISTICS - Micro data processing
Hong Kong, China;LFS - General Household Survey;Share of youth not in employment, education or training (NEET) by sex (%);Total;2019;6.725;;;Repository: ILO-STATISTICS - Micro data processing
Hong Kong, China;LFS - General Household Survey;Share of youth not in employment, education or training (NEET) by sex (%);Male;2019;7.392;;;Repository: ILO-STATISTICS - Micro data processing
Hong Kong, China;LFS - General Household Survey;Share of youth not in employment, education or training (NEET) by sex (%);Female;2019;6.062;;;Repository: ILO-STATISTICS - Micro data processing
Hong Kong, China;LFS - General Household Survey;Share of youth not in employment, education or training (NEET) by sex (%);Total;2018;6.488;;;Repository: ILO-STATISTICS - Micro data processing
Hong Kong, China;LFS - General Household Survey;Share of youth not in employment, education or training (NEET) by sex (%);Male;2018;6.865;;;Repository: ILO-STATISTICS - Micro data processing
Hong Kong, China;LFS - General Household Survey;Share of youth not in employment, education or training (NEET) by sex (%);Female;2018;6.109;;;Repository: ILO-STATISTICS - Micro data processing
Hong Kong, China;LFS - General Household Survey;Share of youth not in employment, education or training (NEET) by sex (%);Total;2017;6.384;;;Repository: ILO-STATISTICS - Micro data processing
Hong Kong, China;LFS - General Household Survey;Share of youth not in employment, education or training (NEET) by sex (%);Male;2017;6.603;;;Repository: ILO-STATISTICS - Micro data processing
Hong Kong, China;LFS - General Household Survey;Share of youth not in employment, education or training (NEET) by sex (%);Female;2017;6.164;;;Repository: ILO-STATISTICS - Micro data processing
Hong Kong, China;LFS - General Household Survey;Share of youth not in employment, education or training (NEET) by sex (%);Total;2016;6.099;;;Repository: ILO-STATISTICS - Micro data processing
Hong Kong, China;LFS - General Household Survey;Share of youth not in employment, education or training (NEET) by sex (%);Male;2016;6.289;;;Repository: ILO-STATISTICS - Micro data processing
Hong Kong, China;LFS - General Household Survey;Share of youth not in employment, education or training (NEET) by sex (%);Female;2016;5.907;;;Repository: ILO-STATISTICS - Micro data processing
Hong Kong, China;LFS - General Household Survey;Share of youth not in employment, education or training (NEET) by sex (%);Total;2015;6.603;;;Repository: ILO-STATISTICS - Micro data processing
Hong Kong, China;LFS - General Household Survey;Share of youth not in employment, education or training (NEET) by sex (%);Male;2015;6.441;;;Repository: ILO-STATISTICS - Micro data processing
Hong Kong, China;LFS - General Household Survey;Share of youth not in employment, education or training (NEET) by sex (%);Female;2015;6.766;;;Repository: ILO-STATISTICS - Micro data processing
Honduras;HS - Continous Multi-Purpose Household Survey;Share of youth not in employment, education or training (NEET) by sex (%);Total;2023;30.39;;;Repository: ILO-STATISTICS - Micro data processing | Data reference period: Second quarter
Honduras;HS - Continous Multi-Purpose Household Survey;Share of youth not in employment, education or training (NEET) by sex (%);Male;2023;17.077;;;Repository: ILO-STATISTICS - Micro data processing | Data reference period: Second quarter
Honduras;HS - Continous Multi-Purpose Household Survey;Share of youth not in employment, education or training (NEET) by sex (%);Female;2023;43.672;;;Repository: ILO-STATISTICS - Micro data processing | Data reference period: Second quarter
Honduras;HS - Continous Multi-Purpose Household Survey;Share of youth not in employment, education or training (NEET) by sex (%);Total;2022;31.232;;;Repository: ILO-STATISTICS - Micro data processing | Data reference period: Second quarter
Honduras;HS - Continous Multi-Purpose Household Survey;Share of youth not in employment, education or training (NEET) by sex (%);Male;2022;15.734;;;Repository: ILO-STATISTICS - Micro data processing | Data reference period: Second quarter
Honduras;HS - Continous Multi-Purpose Household Survey;Share of youth not in employment, education or training (NEET) by sex (%);Female;2022;45.281;;;Repository: ILO-STATISTICS - Micro data processing | Data reference period: Second quarter
Honduras;HS - Continous Multi-Purpose Household Survey;Share of youth not in employment, education or training (NEET) by sex (%);Total;2021;31.916;;;Repository: ILO-STATISTICS - Micro data processing | Data reference period: Second quarter
Honduras;HS - Continous Multi-Purpose Household Survey;Share of youth not in employment, education or training (NEET) by sex (%);Male;2021;21.633;;;Repository: ILO-STATISTICS - Micro data processing | Data reference period: Second quarter
Honduras;HS - Continous Multi-Purpose Household Survey;Share of youth not in employment, education or training (NEET) by sex (%);Female;2021;41.825;;;Repository: ILO-STATISTICS - Micro data processing | Data reference period: Second quarter
Honduras;HS - Continous Multi-Purpose Household Survey;Share of youth not in employment, education or training (NEET) by sex (%);Total;2019;28.106;;;Repository: ILO-STATISTICS - Micro data processing | Data reference period: Second quarter
Honduras;HS - Continous Multi-Purpose Household Survey;Share of youth not in employment, education or training (NEET) by sex (%);Male;2019;12.331;;;Repository: ILO-STATISTICS - Micro data processing | Data reference period: Second quarter
Honduras;HS - Continous Multi-Purpose Household Survey;Share of youth not in employment, education or training (NEET) by sex (%);Female;2019;43.423;;;Repository: ILO-STATISTICS - Micro data processing | Data reference period: Second quarter
Honduras;HS - Continous Multi-Purpose Household Survey;Share of youth not in employment, education or training (NEET) by sex (%);Total;2018;26.681;Break in series;Break in series: Methodology revised;Repository: ILO-STATISTICS - Micro data processing | Data reference period: Second quarter
Honduras;HS - Continous Multi-Purpose Household Survey;Share of youth not in employment, education or training (NEET) by sex (%);Male;2018;11.562;Break in series;Break in series: Methodology revised;Repository: ILO-STATISTICS - Micro data processing | Data reference period: Second quarter
Honduras;HS - Continous Multi-Purpose Household Survey;Share of youth not in employment, education or training (NEET) by sex (%);Female;2018;42.224;Break in series;Break in series: Methodology revised;Repository: ILO-STATISTICS - Micro data processing | Data reference period: Second quarter
Honduras;HS - Continous Multi-Purpose Household Survey;Share of youth not in employment, education or training (NEET) by sex (%);Total;2017;27.716;;;Repository: ILO-STATISTICS - Micro data processing | Data reference period: Second quarter
Honduras;HS - Continous Multi-Purpose Household Survey;Share of youth not in employment, education or training (NEET) by sex (%);Male;2017;12.113;;;Repository: ILO-STATISTICS - Micro data processing | Data reference period: Second quarter
Honduras;HS - Continous Multi-Purpose Household Survey;Share of youth not in employment, education or training (NEET) by sex (%);Female;2017;42.614;;;Repository: ILO-STATISTICS - Micro data processing | Data reference period: Second quarter
Honduras;HS - Continous Multi-Purpose Household Survey;Share of youth not in employment, education or training (NEET) by sex (%);Total;2016;27.817;;;Repository: ILO-STATISTICS - Micro data processing
Honduras;HS - Continous Multi-Purpose Household Survey;Share of youth not in employment, education or training (NEET) by sex (%);Male;2016;12.673;;;Repository: ILO-STATISTICS - Micro data processing
Honduras;HS - Continous Multi-Purpose Household Survey;Share of youth not in employment, education or training (NEET) by sex (%);Female;2016;42.162;;;Repository: ILO-STATISTICS - Micro data processing
Honduras;HS - Continous Multi-Purpose Household Survey;Share of youth not in employment, education or training (NEET) by sex (%);Total;2015;26.957;;;Repository: ILO-STATISTICS - Micro data processing
Honduras;HS - Continous Multi-Purpose Household Survey;Share of youth not in employment, education or training (NEET) by sex (%);Male;2015;11.6;;;Repository: ILO-STATISTICS - Micro data processing
Honduras;HS - Continous Multi-Purpose Household Survey;Share of youth not in employment, education or training (NEET) by sex (%);Female;2015;41.979;;;Repository: ILO-STATISTICS - Micro data processing
Croatia;LFS - EU Labour Force Survey;Share of youth not in employment, education or training (NEET) by sex (%);Total;2023;9.874;;;Repository: ILO-STATISTICS - Micro data processing
Croatia;LFS - EU Labour Force Survey;Share of youth not in employment, education or training (NEET) by sex (%);Male;2023;10.07;;;Repository: ILO-STATISTICS - Micro data processing
Croatia;LFS - EU Labour Force Survey;Share of youth not in employment, education or training (NEET) by sex (%);Female;2023;9.663;;;Repository: ILO-STATISTICS - Micro data processing
Croatia;LFS - EU Labour Force Survey;Share of youth not in employment, education or training (NEET) by sex (%);Total;2022;11.425;;;Repository: ILO-STATISTICS - Micro data processing
Croatia;LFS - EU Labour Force Survey;Share of youth not in employment, education or training (NEET) by sex (%);Male;2022;11.61;;;Repository: ILO-STATISTICS - Micro data processing
Croatia;LFS - EU Labour Force Survey;Share of youth not in employment, education or training (NEET) by sex (%);Female;2022;11.227;;;Repository: ILO-STATISTICS - Micro data processing
Croatia;LFS - EU Labour Force Survey;Share of youth not in employment, education or training (NEET) by sex (%);Total;2021;12.53;;;Repository: ILO-STATISTICS - Micro data processing
Croatia;LFS - EU Labour Force Survey;Share of youth not in employment, education or training (NEET) by sex (%);Male;2021;11.817;;;Repository: ILO-STATISTICS - Micro data processing
Croatia;LFS - EU Labour Force Survey;Share of youth not in employment, education or training (NEET) by sex (%);Female;2021;13.284;;;Repository: ILO-STATISTICS - Micro data processing
Croatia;LFS - EU Labour Force Survey;Share of youth not in employment, education or training (NEET) by sex (%);Total;2020;12.055;;;Repository: ILO-STATISTICS - Micro data processing
Croatia;LFS - EU Labour Force Survey;Share of youth not in employment, education or training (NEET) by sex (%);Male;2020;12.176;;;Repository: ILO-STATISTICS - Micro data processing
Croatia;LFS - EU Labour Force Survey;Share of youth not in employment, education or training (NEET) by sex (%);Female;2020;11.929;;;Repository: ILO-STATISTICS - Micro data processing
Croatia;LFS - EU Labour Force Survey;Share of youth not in employment, education or training (NEET) by sex (%);Total;2019;11.966;;;Repository: ILO-STATISTICS - Micro data processing
Croatia;LFS - EU Labour Force Survey;Share of youth not in employment, education or training (NEET) by sex (%);Male;2019;11.981;;;Repository: ILO-STATISTICS - Micro data processing
Croatia;LFS - EU Labour Force Survey;Share of youth not in employment, education or training (NEET) by sex (%);Female;2019;11.95;;;Repository: ILO-STATISTICS - Micro data processing
Croatia;LFS - EU Labour Force Survey;Share of youth not in employment, education or training (NEET) by sex (%);Total;2018;13.33;;;Repository: ILO-STATISTICS - Micro data processing
Croatia;LFS - EU Labour Force Survey;Share of youth not in employment, education or training (NEET) by sex (%);Male;2018;12.881;;;Repository: ILO-STATISTICS - Micro data processing
Croatia;LFS - EU Labour Force Survey;Share of youth not in employment, education or training (NEET) by sex (%);Female;2018;13.792;;;Repository: ILO-STATISTICS - Micro data processing
Croatia;LFS - EU Labour Force Survey;Share of youth not in employment, education or training (NEET) by sex (%);Total;2017;15.26;;;Repository: ILO-STATISTICS - Micro data processing
Croatia;LFS - EU Labour Force Survey;Share of youth not in employment, education or training (NEET) by sex (%);Male;2017;15.469;;;Repository: ILO-STATISTICS - Micro data processing
Croatia;LFS - EU Labour Force Survey;Share of youth not in employment, education or training (NEET) by sex (%);Female;2017;15.046;;;Repository: ILO-STATISTICS - Micro data processing
Croatia;LFS - EU Labour Force Survey;Share of youth not in employment, education or training (NEET) by sex (%);Total;2016;16.664;;;Repository: ILO-STATISTICS - Micro data processing
Croatia;LFS - EU Labour Force Survey;Share of youth not in employment, education or training (NEET) by sex (%);Male;2016;18.817;;;Repository: ILO-STATISTICS - Micro data processing
Croatia;LFS - EU Labour Force Survey;Share of youth not in employment, education or training (NEET) by sex (%);Female;2016;14.456;;;Repository: ILO-STATISTICS - Micro data processing
Croatia;LFS - EU Labour Force Survey;Share of youth not in employment, education or training (NEET) by sex (%);Total;2015;17.952;;;Repository: ILO-STATISTICS - Micro data processing
Croatia;LFS - EU Labour Force Survey;Share of youth not in employment, education or training (NEET) by sex (%);Male;2015;20.433;;;Repository: ILO-STATISTICS - Micro data processing
Croatia;LFS - EU Labour Force Survey;Share of youth not in employment, education or training (NEET) by sex (%);Female;2015;15.401;;;Repository: ILO-STATISTICS - Micro data processing
Hungary;LFS - Labour Force Survey;Share of youth not in employment, education or training (NEET) by sex (%);Total;2023;9.832;;;Repository: ILO-STATISTICS - Micro data processing
Hungary;LFS - Labour Force Survey;Share of youth not in employment, education or training (NEET) by sex (%);Male;2023;8.595;;;Repository: ILO-STATISTICS - Micro data processing
Hungary;LFS - Labour Force Survey;Share of youth not in employment, education or training (NEET) by sex (%);Female;2023;11.133;;;Repository: ILO-STATISTICS - Micro data processing
Hungary;LFS - Labour Force Survey;Share of youth not in employment, education or training (NEET) by sex (%);Total;2022;9.841;;;Repository: ILO-STATISTICS - Micro data processing
Hungary;LFS - Labour Force Survey;Share of youth not in employment, education or training (NEET) by sex (%);Male;2022;8.385;;;Repository: ILO-STATISTICS - Micro data processing
Hungary;LFS - Labour Force Survey;Share of youth not in employment, education or training (NEET) by sex (%);Female;2022;11.375;;;Repository: ILO-STATISTICS - Micro data processing
Hungary;LFS - Labour Force Survey;Share of youth not in employment, education or training (NEET) by sex (%);Total;2021;10.615;;;Repository: ILO-STATISTICS - Micro data processing
Hungary;LFS - Labour Force Survey;Share of youth not in employment, education or training (NEET) by sex (%);Male;2021;8.197;;;Repository: ILO-STATISTICS - Micro data processing
Hungary;LFS - Labour Force Survey;Share of youth not in employment, education or training (NEET) by sex (%);Female;2021;13.18;;;Repository: ILO-STATISTICS - Micro data processing
Hungary;LFS - Labour Force Survey;Share of youth not in employment, education or training (NEET) by sex (%);Total;2020;11.743;;;Repository: ILO-STATISTICS - Micro data processing
Hungary;LFS - Labour Force Survey;Share of youth not in employment, education or training (NEET) by sex (%);Male;2020;9.554;;;Repository: ILO-STATISTICS - Micro data processing
Hungary;LFS - Labour Force Survey;Share of youth not in employment, education or training (NEET) by sex (%);Female;2020;14.068;;;Repository: ILO-STATISTICS - Micro data processing
Hungary;LFS - Labour Force Survey;Share of youth not in employment, education or training (NEET) by sex (%);Total;2019;11.015;;;Repository: ILO-STATISTICS - Micro data processing
Hungary;LFS - Labour Force Survey;Share of youth not in employment, education or training (NEET) by sex (%);Male;2019;8.928;;;Repository: ILO-STATISTICS - Micro data processing
Hungary;LFS - Labour Force Survey;Share of youth not in employment, education or training (NEET) by sex (%);Female;2019;13.231;;;Repository: ILO-STATISTICS - Micro data processing
Hungary;LFS - Labour Force Survey;Share of youth not in employment, education or training (NEET) by sex (%);Total;2018;10.741;;;Repository: ILO-STATISTICS - Micro data processing
Hungary;LFS - Labour Force Survey;Share of youth not in employment, education or training (NEET) by sex (%);Male;2018;7.603;;;Repository: ILO-STATISTICS - Micro data processing
Hungary;LFS - Labour Force Survey;Share of youth not in employment, education or training (NEET) by sex (%);Female;2018;14.061;;;Repository: ILO-STATISTICS - Micro data processing
Hungary;LFS - Labour Force Survey;Share of youth not in employment, education or training (NEET) by sex (%);Total;2017;11.039;;;Repository: ILO-STATISTICS - Micro data processing
Hungary;LFS - Labour Force Survey;Share of youth not in employment, education or training (NEET) by sex (%);Male;2017;7.906;;;Repository: ILO-STATISTICS - Micro data processing
Hungary;LFS - Labour Force Survey;Share of youth not in employment, education or training (NEET) by sex (%);Female;2017;14.327;;;Repository: ILO-STATISTICS - Micro data processing
Hungary;LFS - Labour Force Survey;Share of youth not in employment, education or training (NEET) by sex (%);Total;2016;11.047;;;Repository: ILO-STATISTICS - Micro data processing
Hungary;LFS - Labour Force Survey;Share of youth not in employment, education or training (NEET) by sex (%);Male;2016;8.857;;;Repository: ILO-STATISTICS - Micro data processing
Hungary;LFS - Labour Force Survey;Share of youth not in employment, education or training (NEET) by sex (%);Female;2016;13.346;;;Repository: ILO-STATISTICS - Micro data processing
Hungary;LFS - Labour Force Survey;Share of youth not in employment, education or training (NEET) by sex (%);Total;2015;11.581;;;Repository: ILO-STATISTICS - Micro data processing
Hungary;LFS - Labour Force Survey;Share of youth not in employment, education or training (NEET) by sex (%);Male;2015;10.425;;;Repository: ILO-STATISTICS - Micro data processing
Hungary;LFS - Labour Force Survey;Share of youth not in employment, education or training (NEET) by sex (%);Female;2015;12.794;;;Repository: ILO-STATISTICS - Micro data processing
Indonesia;LFS - National Labour Force Survey;Share of youth not in employment, education or training (NEET) by sex (%);Total;2023;21.365;;;Repository: ILO-STATISTICS - Micro data processing
Indonesia;LFS - National Labour Force Survey;Share of youth not in employment, education or training (NEET) by sex (%);Male;2023;16.694;;;Repository: ILO-STATISTICS - Micro data processing
Indonesia;LFS - National Labour Force Survey;Share of youth not in employment, education or training (NEET) by sex (%);Female;2023;26.323;;;Repository: ILO-STATISTICS - Micro data processing
Indonesia;LFS - National Labour Force Survey;Share of youth not in employment, education or training (NEET) by sex (%);Total;2022;22.336;;;Repository: ILO-STATISTICS - Micro data processing
Indonesia;LFS - National Labour Force Survey;Share of youth not in employment, education or training (NEET) by sex (%);Male;2022;17.675;;;Repository: ILO-STATISTICS - Micro data processing
Indonesia;LFS - National Labour Force Survey;Share of youth not in employment, education or training (NEET) by sex (%);Female;2022;27.189;;;Repository: ILO-STATISTICS - Micro data processing
Indonesia;LFS - National Labour Force Survey;Share of youth not in employment, education or training (NEET) by sex (%);Total;2021;22.455;Break in series;Break in series: Methodology revised;Repository: ILO-STATISTICS - Micro data processing
Indonesia;LFS - National Labour Force Survey;Share of youth not in employment, education or training (NEET) by sex (%);Male;2021;18.889;Break in series;Break in series: Methodology revised;Repository: ILO-STATISTICS - Micro data processing
Indonesia;LFS - National Labour Force Survey;Share of youth not in employment, education or training (NEET) by sex (%);Female;2021;26.096;Break in series;Break in series: Methodology revised;Repository: ILO-STATISTICS - Micro data processing
Indonesia;LFS - National Labour Force Survey;Share of youth not in employment, education or training (NEET) by sex (%);Total;2020;21.8;;;Repository: ILO-STATISTICS - Micro data processing
Indonesia;LFS - National Labour Force Survey;Share of youth not in employment, education or training (NEET) by sex (%);Male;2020;16.89;;;Repository: ILO-STATISTICS - Micro data processing
Indonesia;LFS - National Labour Force Survey;Share of youth not in employment, education or training (NEET) by sex (%);Female;2020;26.807;;;Repository: ILO-STATISTICS - Micro data processing
Indonesia;LFS - National Labour Force Survey;Share of youth not in employment, education or training (NEET) by sex (%);Total;2019;20.547;;;Repository: ILO-STATISTICS - Micro data processing
Indonesia;LFS - National Labour Force Survey;Share of youth not in employment, education or training (NEET) by sex (%);Male;2019;15.084;;;Repository: ILO-STATISTICS - Micro data processing
Indonesia;LFS - National Labour Force Survey;Share of youth not in employment, education or training (NEET) by sex (%);Female;2019;26.116;;;Repository: ILO-STATISTICS - Micro data processing
Indonesia;LFS - National Labour Force Survey;Share of youth not in employment, education or training (NEET) by sex (%);Total;2018;21.738;;;Repository: ILO-STATISTICS - Micro data processing
Indonesia;LFS - National Labour Force Survey;Share of youth not in employment, education or training (NEET) by sex (%);Male;2018;15.8;;;Repository: ILO-STATISTICS - Micro data processing
Indonesia;LFS - National Labour Force Survey;Share of youth not in employment, education or training (NEET) by sex (%);Female;2018;27.859;;;Repository: ILO-STATISTICS - Micro data processing
Indonesia;LFS - National Labour Force Survey;Share of youth not in employment, education or training (NEET) by sex (%);Total;2017;21.449;;;Repository: ILO-STATISTICS - Micro data processing
Indonesia;LFS - National Labour Force Survey;Share of youth not in employment, education or training (NEET) by sex (%);Male;2017;15.271;;;Repository: ILO-STATISTICS - Micro data processing
Indonesia;LFS - National Labour Force Survey;Share of youth not in employment, education or training (NEET) by sex (%);Female;2017;28.03;;;Repository: ILO-STATISTICS - Micro data processing
Indonesia;LFS - National Labour Force Survey;Share of youth not in employment, education or training (NEET) by sex (%);Total;2016;22.479;;;Repository: ILO-STATISTICS - Micro data processing
Indonesia;LFS - National Labour Force Survey;Share of youth not in employment, education or training (NEET) by sex (%);Male;2016;16.082;;;Repository: ILO-STATISTICS - Micro data processing
Indonesia;LFS - National Labour Force Survey;Share of youth not in employment, education or training (NEET) by sex (%);Female;2016;29.103;;;Repository: ILO-STATISTICS - Micro data processing
Indonesia;LFS - National Labour Force Survey;Share of youth not in employment, education or training (NEET) by sex (%);Total;2015;22.919;;;Repository: ILO-STATISTICS - Micro data processing
Indonesia;LFS - National Labour Force Survey;Share of youth not in employment, education or training (NEET) by sex (%);Male;2015;16.629;;;Repository: ILO-STATISTICS - Micro data processing
Indonesia;LFS - National Labour Force Survey;Share of youth not in employment, education or training (NEET) by sex (%);Female;2015;29.412;;;Repository: ILO-STATISTICS - Micro data processing
India;LFS - Periodic Labour Force Survey;Share of youth not in employment, education or training (NEET) by sex (%);Total;2023;23.494;;;Repository: ILO-STATISTICS - Micro data processing
India;LFS - Periodic Labour Force Survey;Share of youth not in employment, education or training (NEET) by sex (%);Male;2023;10.231;;;Repository: ILO-STATISTICS - Micro data processing
India;LFS - Periodic Labour Force Survey;Share of youth not in employment, education or training (NEET) by sex (%);Female;2023;38.127;;;Repository: ILO-STATISTICS - Micro data processing
India;LFS - Periodic Labour Force Survey;Share of youth not in employment, education or training (NEET) by sex (%);Other;2023;;Unreliable;;Repository: ILO-STATISTICS - Micro data processing
India;LFS - Periodic Labour Force Survey;Share of youth not in employment, education or training (NEET) by sex (%);Total;2022;25.763;;;Repository: ILO-STATISTICS - Micro data processing
India;LFS - Periodic Labour Force Survey;Share of youth not in employment, education or training (NEET) by sex (%);Male;2022;11.16;;;Repository: ILO-STATISTICS - Micro data processing
India;LFS - Periodic Labour Force Survey;Share of youth not in employment, education or training (NEET) by sex (%);Female;2022;41.835;;;Repository: ILO-STATISTICS - Micro data processing
India;LFS - Periodic Labour Force Survey;Share of youth not in employment, education or training (NEET) by sex (%);Total;2021;28.006;;;Repository: ILO-STATISTICS - Micro data processing
India;LFS - Periodic Labour Force Survey;Share of youth not in employment, education or training (NEET) by sex (%);Male;2021;13.722;;;Repository: ILO-STATISTICS - Micro data processing
India;LFS - Periodic Labour Force Survey;Share of youth not in employment, education or training (NEET) by sex (%);Female;2021;43.53;;;Repository: ILO-STATISTICS - Micro data processing
India;LFS - Periodic Labour Force Survey;Share of youth not in employment, education or training (NEET) by sex (%);Other;2021;;Unreliable;;Repository: ILO-STATISTICS - Micro data processing
India;LFS - Periodic Labour Force Survey;Share of youth not in employment, education or training (NEET) by sex (%);Total;2020;30.703;;;Repository: ILO-STATISTICS - Micro data processing
India;LFS - Periodic Labour Force Survey;Share of youth not in employment, education or training (NEET) by sex (%);Male;2020;17.651;;;Repository: ILO-STATISTICS - Micro data processing
India;LFS - Periodic Labour Force Survey;Share of youth not in employment, education or training (NEET) by sex (%);Female;2020;45.673;;;Repository: ILO-STATISTICS - Micro data processing
India;LFS - Periodic Labour Force Survey;Share of youth not in employment, education or training (NEET) by sex (%);Other;2020;;Unreliable;;Repository: ILO-STATISTICS - Micro data processing
India;LFS - Periodic Labour Force Survey;Share of youth not in employment, education or training (NEET) by sex (%);Total;2019;31.195;;;Repository: ILO-STATISTICS - Micro data processing
India;LFS - Periodic Labour Force Survey;Share of youth not in employment, education or training (NEET) by sex (%);Male;2019;16.032;;;Repository: ILO-STATISTICS - Micro data processing
India;LFS - Periodic Labour Force Survey;Share of youth not in employment, education or training (NEET) by sex (%);Female;2019;47.568;;;Repository: ILO-STATISTICS - Micro data processing
India;LFS - Periodic Labour Force Survey;Share of youth not in employment, education or training (NEET) by sex (%);Other;2019;;Unreliable;;Repository: ILO-STATISTICS - Micro data processing
India;LFS - Periodic Labour Force Survey;Share of youth not in employment, education or training (NEET) by sex (%);Total;2018;30.805;;;Repository: ILO-STATISTICS - Micro data processing
India;LFS - Periodic Labour Force Survey;Share of youth not in employment, education or training (NEET) by sex (%);Male;2018;15.302;;;Repository: ILO-STATISTICS - Micro data processing
India;LFS - Periodic Labour Force Survey;Share of youth not in employment, education or training (NEET) by sex (%);Female;2018;48.076;;;Repository: ILO-STATISTICS - Micro data processing
India;LFS - Periodic Labour Force Survey;Share of youth not in employment, education or training (NEET) by sex (%);Other;2018;;Unreliable;;Repository: ILO-STATISTICS - Micro data processing
Ireland;LFS - EU Labour Force Survey;Share of youth not in employment, education or training (NEET) by sex (%);Total;2023;5.067;;;Repository: ILO-STATISTICS - Micro data processing
Ireland;LFS - EU Labour Force Survey;Share of youth not in employment, education or training (NEET) by sex (%);Male;2023;5.209;;;Repository: ILO-STATISTICS - Micro data processing
Ireland;LFS - EU Labour Force Survey;Share of youth not in employment, education or training (NEET) by sex (%);Female;2023;4.918;;;Repository: ILO-STATISTICS - Micro data processing
Ireland;LFS - EU Labour Force Survey;Share of youth not in employment, education or training (NEET) by sex (%);Total;2022;6.441;;;Repository: ILO-STATISTICS - Micro data processing
Ireland;LFS - EU Labour Force Survey;Share of youth not in employment, education or training (NEET) by sex (%);Male;2022;5.16;;;Repository: ILO-STATISTICS - Micro data processing
Ireland;LFS - EU Labour Force Survey;Share of youth not in employment, education or training (NEET) by sex (%);Female;2022;7.773;;;Repository: ILO-STATISTICS - Micro data processing
Ireland;LFS - EU Labour Force Survey;Share of youth not in employment, education or training (NEET) by sex (%);Total;2021;7.24;;;Repository: ILO-STATISTICS - Micro data processing
Ireland;LFS - EU Labour Force Survey;Share of youth not in employment, education or training (NEET) by sex (%);Male;2021;8.163;;;Repository: ILO-STATISTICS - Micro data processing
Ireland;LFS - EU Labour Force Survey;Share of youth not in employment, education or training (NEET) by sex (%);Female;2021;6.283;;;Repository: ILO-STATISTICS - Micro data processing
Ireland;LFS - EU Labour Force Survey;Share of youth not in employment, education or training (NEET) by sex (%);Total;2020;12.103;;;Repository: ILO-STATISTICS - Micro data processing
Ireland;LFS - EU Labour Force Survey;Share of youth not in employment, education or training (NEET) by sex (%);Male;2020;12.778;;;Repository: ILO-STATISTICS - Micro data processing
Ireland;LFS - EU Labour Force Survey;Share of youth not in employment, education or training (NEET) by sex (%);Female;2020;11.405;;;Repository: ILO-STATISTICS - Micro data processing
Ireland;LFS - EU Labour Force Survey;Share of youth not in employment, education or training (NEET) by sex (%);Total;2019;10.182;;;Repository: ILO-STATISTICS - Micro data processing
Ireland;LFS - EU Labour Force Survey;Share of youth not in employment, education or training (NEET) by sex (%);Male;2019;10.396;;;Repository: ILO-STATISTICS - Micro data processing
Ireland;LFS - EU Labour Force Survey;Share of youth not in employment, education or training (NEET) by sex (%);Female;2019;9.961;;;Repository: ILO-STATISTICS - Micro data processing
Ireland;LFS - EU Labour Force Survey;Share of youth not in employment, education or training (NEET) by sex (%);Total;2018;10.113;;;Repository: ILO-STATISTICS - Micro data processing
Ireland;LFS - EU Labour Force Survey;Share of youth not in employment, education or training (NEET) by sex (%);Male;2018;10.265;;;Repository: ILO-STATISTICS - Micro data processing
Ireland;LFS - EU Labour Force Survey;Share of youth not in employment, education or training (NEET) by sex (%);Female;2018;9.954;;;Repository: ILO-STATISTICS - Micro data processing
Ireland;LFS - EU Labour Force Survey;Share of youth not in employment, education or training (NEET) by sex (%);Total;2017;10.979;;;Repository: ILO-STATISTICS - Micro data processing
Ireland;LFS - EU Labour Force Survey;Share of youth not in employment, education or training (NEET) by sex (%);Male;2017;11.411;;;Repository: ILO-STATISTICS - Micro data processing
Ireland;LFS - EU Labour Force Survey;Share of youth not in employment, education or training (NEET) by sex (%);Female;2017;10.53;;;Repository: ILO-STATISTICS - Micro data processing
Ireland;LFS - EU Labour Force Survey;Share of youth not in employment, education or training (NEET) by sex (%);Total;2016;12.629;;;Repository: ILO-STATISTICS - Micro data processing
Ireland;LFS - EU Labour Force Survey;Share of youth not in employment, education or training (NEET) by sex (%);Male;2016;13.551;;;Repository: ILO-STATISTICS - Micro data processing
Ireland;LFS - EU Labour Force Survey;Share of youth not in employment, education or training (NEET) by sex (%);Female;2016;11.672;;;Repository: ILO-STATISTICS - Micro data processing
Ireland;LFS - EU Labour Force Survey;Share of youth not in employment, education or training (NEET) by sex (%);Total;2015;14.293;;;Repository: ILO-STATISTICS - Micro data processing
Ireland;LFS - EU Labour Force Survey;Share of youth not in employment, education or training (NEET) by sex (%);Male;2015;15.616;;;Repository: ILO-STATISTICS - Micro data processing
Ireland;LFS - EU Labour Force Survey;Share of youth not in employment, education or training (NEET) by sex (%);Female;2015;12.914;;;Repository: ILO-STATISTICS - Micro data processing
Iran (Islamic Republic of);LFS - Labour Force Survey;Share of youth not in employment, education or training (NEET) by sex (%);Total;2023;25.65;;;Repository: ILO-STATISTICS - Micro data processing
Iran (Islamic Republic of);LFS - Labour Force Survey;Share of youth not in employment, education or training (NEET) by sex (%);Male;2023;16.184;;;Repository: ILO-STATISTICS - Micro data processing
Iran (Islamic Republic of);LFS - Labour Force Survey;Share of youth not in employment, education or training (NEET) by sex (%);Female;2023;35.977;;;Repository: ILO-STATISTICS - Micro data processing
Iran (Islamic Republic of);LFS - Labour Force Survey;Share of youth not in employment, education or training (NEET) by sex (%);Total;2022;26.94;;;Repository: ILO-STATISTICS - Micro data processing
Iran (Islamic Republic of);LFS - Labour Force Survey;Share of youth not in employment, education or training (NEET) by sex (%);Male;2022;17.189;;;Repository: ILO-STATISTICS - Micro data processing
Iran (Islamic Republic of);LFS - Labour Force Survey;Share of youth not in employment, education or training (NEET) by sex (%);Female;2022;37.752;;;Repository: ILO-STATISTICS - Micro data processing
Iran (Islamic Republic of);LFS - Labour Force Survey;Share of youth not in employment, education or training (NEET) by sex (%);Total;2021;27.468;;;Repository: ILO-STATISTICS - Micro data processing
Iran (Islamic Republic of);LFS - Labour Force Survey;Share of youth not in employment, education or training (NEET) by sex (%);Male;2021;16.935;;;Repository: ILO-STATISTICS - Micro data processing
Iran (Islamic Republic of);LFS - Labour Force Survey;Share of youth not in employment, education or training (NEET) by sex (%);Female;2021;39.011;;;Repository: ILO-STATISTICS - Micro data processing
Iran (Islamic Republic of);LFS - Labour Force Survey;Share of youth not in employment, education or training (NEET) by sex (%);Total;2020;29.404;;;Repository: ILO-STATISTICS - Micro data processing
Iran (Islamic Republic of);LFS - Labour Force Survey;Share of youth not in employment, education or training (NEET) by sex (%);Male;2020;18.258;;;Repository: ILO-STATISTICS - Micro data processing
Iran (Islamic Republic of);LFS - Labour Force Survey;Share of youth not in employment, education or training (NEET) by sex (%);Female;2020;41.492;;;Repository: ILO-STATISTICS - Micro data processing
Iran (Islamic Republic of);LFS - Labour Force Survey;Share of youth not in employment, education or training (NEET) by sex (%);Total;2019;30.401;;;Repository: ILO-STATISTICS - Micro data processing
Iran (Islamic Republic of);LFS - Labour Force Survey;Share of youth not in employment, education or training (NEET) by sex (%);Male;2019;18;;;Repository: ILO-STATISTICS - Micro data processing
Iran (Islamic Republic of);LFS - Labour Force Survey;Share of youth not in employment, education or training (NEET) by sex (%);Female;2019;43.62;;;Repository: ILO-STATISTICS - Micro data processing
Iran (Islamic Republic of);LFS - Labour Force Survey;Share of youth not in employment, education or training (NEET) by sex (%);Total;2018;32.09;Break in series;Break in series: Methodology revised;Repository: ILO-STATISTICS - Micro data processing
Iran (Islamic Republic of);LFS - Labour Force Survey;Share of youth not in employment, education or training (NEET) by sex (%);Male;2018;19.062;Break in series;Break in series: Methodology revised;Repository: ILO-STATISTICS - Micro data processing
Iran (Islamic Republic of);LFS - Labour Force Survey;Share of youth not in employment, education or training (NEET) by sex (%);Female;2018;45.678;Break in series;Break in series: Methodology revised;Repository: ILO-STATISTICS - Micro data processing
Iran (Islamic Republic of);LFS - Labour Force Survey;Share of youth not in employment, education or training (NEET) by sex (%);Total;2017;32.263;;;Repository: ILO-STATISTICS - Micro data processing
Iran (Islamic Republic of);LFS - Labour Force Survey;Share of youth not in employment, education or training (NEET) by sex (%);Male;2017;19.333;;;Repository: ILO-STATISTICS - Micro data processing
Iran (Islamic Republic of);LFS - Labour Force Survey;Share of youth not in employment, education or training (NEET) by sex (%);Female;2017;45.975;;;Repository: ILO-STATISTICS - Micro data processing
Iran (Islamic Republic of);LFS - Labour Force Survey;Share of youth not in employment, education or training (NEET) by sex (%);Total;2016;32.382;;;Repository: ILO-STATISTICS - Micro data processing
Iran (Islamic Republic of);LFS - Labour Force Survey;Share of youth not in employment, education or training (NEET) by sex (%);Male;2016;19.38;;;Repository: ILO-STATISTICS - Micro data processing
Iran (Islamic Republic of);LFS - Labour Force Survey;Share of youth not in employment, education or training (NEET) by sex (%);Female;2016;46.133;;;Repository: ILO-STATISTICS - Micro data processing
Iran (Islamic Republic of);LFS - Labour Force Survey;Share of youth not in employment, education or training (NEET) by sex (%);Total;2015;32.746;;;Repository: ILO-STATISTICS - Micro data processing
Iran (Islamic Republic of);LFS - Labour Force Survey;Share of youth not in employment, education or training (NEET) by sex (%);Male;2015;18.554;;;Repository: ILO-STATISTICS - Micro data processing
Iran (Islamic Republic of);LFS - Labour Force Survey;Share of youth not in employment, education or training (NEET) by sex (%);Female;2015;47.457;;;Repository: ILO-STATISTICS - Micro data processing
Iraq;LFS - Labour Force Survey;Share of youth not in employment, education or training (NEET) by sex (%);Total;2021;36.932;;;Repository: ILO-STATISTICS - Micro data processing
Iraq;LFS - Labour Force Survey;Share of youth not in employment, education or training (NEET) by sex (%);Male;2021;22.121;;;Repository: ILO-STATISTICS - Micro data processing
Iraq;LFS - Labour Force Survey;Share of youth not in employment, education or training (NEET) by sex (%);Female;2021;52.713;;;Repository: ILO-STATISTICS - Micro data processing
Iceland;LFS - EU Labour Force Survey;Share of youth not in employment, education or training (NEET) by sex (%);Total;2023;5.843;;;Repository: ILO-STATISTICS - Micro data processing
Iceland;LFS - EU Labour Force Survey;Share of youth not in employment, education or training (NEET) by sex (%);Male;2023;7.952;;;Repository: ILO-STATISTICS - Micro data processing
Iceland;LFS - EU Labour Force Survey;Share of youth not in employment, education or training (NEET) by sex (%);Female;2023;3.501;;;Repository: ILO-STATISTICS - Micro data processing
Iceland;LFS - EU Labour Force Survey;Share of youth not in employment, education or training (NEET) by sex (%);Total;2022;6.08;;;Repository: ILO-STATISTICS - Micro data processing
Iceland;LFS - EU Labour Force Survey;Share of youth not in employment, education or training (NEET) by sex (%);Male;2022;7.771;;;Repository: ILO-STATISTICS - Micro data processing
Iceland;LFS - EU Labour Force Survey;Share of youth not in employment, education or training (NEET) by sex (%);Female;2022;4.246;;;Repository: ILO-STATISTICS - Micro data processing
Iceland;LFS - EU Labour Force Survey;Share of youth not in employment, education or training (NEET) by sex (%);Total;2021;6.973;;;Repository: ILO-STATISTICS - Micro data processing
Iceland;LFS - EU Labour Force Survey;Share of youth not in employment, education or training (NEET) by sex (%);Male;2021;8.251;;;Repository: ILO-STATISTICS - Micro data processing
Iceland;LFS - EU Labour Force Survey;Share of youth not in employment, education or training (NEET) by sex (%);Female;2021;5.604;;;Repository: ILO-STATISTICS - Micro data processing
Iceland;LFS - EU Labour Force Survey;Share of youth not in employment, education or training (NEET) by sex (%);Total;2020;6.655;;;Repository: ILO-STATISTICS - Micro data processing
Iceland;LFS - EU Labour Force Survey;Share of youth not in employment, education or training (NEET) by sex (%);Male;2020;7.066;;;Repository: ILO-STATISTICS - Micro data processing
Iceland;LFS - EU Labour Force Survey;Share of youth not in employment, education or training (NEET) by sex (%);Female;2020;6.222;;;Repository: ILO-STATISTICS - Micro data processing
Iceland;LFS - EU Labour Force Survey;Share of youth not in employment, education or training (NEET) by sex (%);Total;2019;5.237;;;Repository: ILO-STATISTICS - Micro data processing
Iceland;LFS - EU Labour Force Survey;Share of youth not in employment, education or training (NEET) by sex (%);Male;2019;6.68;;;Repository: ILO-STATISTICS - Micro data processing
Iceland;LFS - EU Labour Force Survey;Share of youth not in employment, education or training (NEET) by sex (%);Female;2019;3.684;;;Repository: ILO-STATISTICS - Micro data processing
Iceland;LFS - EU Labour Force Survey;Share of youth not in employment, education or training (NEET) by sex (%);Total;2018;5.305;;;Repository: ILO-STATISTICS - Micro data processing
Iceland;LFS - EU Labour Force Survey;Share of youth not in employment, education or training (NEET) by sex (%);Male;2018;4.817;;;Repository: ILO-STATISTICS - Micro data processing
Iceland;LFS - EU Labour Force Survey;Share of youth not in employment, education or training (NEET) by sex (%);Female;2018;5.844;;;Repository: ILO-STATISTICS - Micro data processing
Iceland;LFS - EU Labour Force Survey;Share of youth not in employment, education or training (NEET) by sex (%);Total;2017;4.066;;;Repository: ILO-STATISTICS - Micro data processing
Iceland;LFS - EU Labour Force Survey;Share of youth not in employment, education or training (NEET) by sex (%);Male;2017;4.28;;;Repository: ILO-STATISTICS - Micro data processing
Iceland;LFS - EU Labour Force Survey;Share of youth not in employment, education or training (NEET) by sex (%);Female;2017;3.832;;;Repository: ILO-STATISTICS - Micro data processing
Iceland;LFS - EU Labour Force Survey;Share of youth not in employment, education or training (NEET) by sex (%);Total;2016;4.286;;;Repository: ILO-STATISTICS - Micro data processing
Iceland;LFS - EU Labour Force Survey;Share of youth not in employment, education or training (NEET) by sex (%);Male;2016;4.87;;;Repository: ILO-STATISTICS - Micro data processing
Iceland;LFS - EU Labour Force Survey;Share of youth not in employment, education or training (NEET) by sex (%);Female;2016;3.653;;;Repository: ILO-STATISTICS - Micro data processing
Iceland;LFS - EU Labour Force Survey;Share of youth not in employment, education or training (NEET) by sex (%);Total;2015;4.751;;;Repository: ILO-STATISTICS - Micro data processing
Iceland;LFS - EU Labour Force Survey;Share of youth not in employment, education or training (NEET) by sex (%);Male;2015;6.257;;;Repository: ILO-STATISTICS - Micro data processing
Iceland;LFS - EU Labour Force Survey;Share of youth not in employment, education or training (NEET) by sex (%);Female;2015;3.186;;;Repository: ILO-STATISTICS - Micro data processing
Israel;LFS - Labour Force Survey;Share of youth not in employment, education or training (NEET) by sex (%);Total;2023;14.935;;;Repository: ILO-STATISTICS - Micro data processing
Israel;LFS - Labour Force Survey;Share of youth not in employment, education or training (NEET) by sex (%);Male;2023;14.192;;;Repository: ILO-STATISTICS - Micro data processing
Israel;LFS - Labour Force Survey;Share of youth not in employment, education or training (NEET) by sex (%);Female;2023;15.663;;;Repository: ILO-STATISTICS - Micro data processing
Israel;LFS - Labour Force Survey;Share of youth not in employment, education or training (NEET) by sex (%);Total;2022;15.453;;;Repository: ILO-STATISTICS - Micro data processing
Israel;LFS - Labour Force Survey;Share of youth not in employment, education or training (NEET) by sex (%);Male;2022;14.758;;;Repository: ILO-STATISTICS - Micro data processing
Israel;LFS - Labour Force Survey;Share of youth not in employment, education or training (NEET) by sex (%);Female;2022;16.134;;;Repository: ILO-STATISTICS - Micro data processing
Israel;LFS - Labour Force Survey;Share of youth not in employment, education or training (NEET) by sex (%);Total;2021;16.762;;;Repository: ILO-STATISTICS - Micro data processing
Israel;LFS - Labour Force Survey;Share of youth not in employment, education or training (NEET) by sex (%);Male;2021;16.339;;;Repository: ILO-STATISTICS - Micro data processing
Israel;LFS - Labour Force Survey;Share of youth not in employment, education or training (NEET) by sex (%);Female;2021;17.177;;;Repository: ILO-STATISTICS - Micro data processing
Israel;LFS - Labour Force Survey;Share of youth not in employment, education or training (NEET) by sex (%);Total;2020;16.064;;;Repository: ILO-STATISTICS - Micro data processing
Israel;LFS - Labour Force Survey;Share of youth not in employment, education or training (NEET) by sex (%);Male;2020;15.823;;;Repository: ILO-STATISTICS - Micro data processing
Israel;LFS - Labour Force Survey;Share of youth not in employment, education or training (NEET) by sex (%);Female;2020;16.299;;;Repository: ILO-STATISTICS - Micro data processing
Israel;LFS - Labour Force Survey;Share of youth not in employment, education or training (NEET) by sex (%);Total;2019;14.285;;;Repository: ILO-STATISTICS - Micro data processing
Israel;LFS - Labour Force Survey;Share of youth not in employment, education or training (NEET) by sex (%);Male;2019;13.748;;;Repository: ILO-STATISTICS - Micro data processing
Israel;LFS - Labour Force Survey;Share of youth not in employment, education or training (NEET) by sex (%);Female;2019;14.814;;;Repository: ILO-STATISTICS - Micro data processing
Israel;LFS - Labour Force Survey;Share of youth not in employment, education or training (NEET) by sex (%);Total;2018;13.418;;;Repository: ILO-STATISTICS - Micro data processing
Israel;LFS - Labour Force Survey;Share of youth not in employment, education or training (NEET) by sex (%);Male;2018;12.601;;;Repository: ILO-STATISTICS - Micro data processing
Israel;LFS - Labour Force Survey;Share of youth not in employment, education or training (NEET) by sex (%);Female;2018;14.23;;;Repository: ILO-STATISTICS - Micro data processing
Israel;LFS - Labour Force Survey;Share of youth not in employment, education or training (NEET) by sex (%);Total;2017;13.575;;;Repository: ILO-STATISTICS - Micro data processing
Israel;LFS - Labour Force Survey;Share of youth not in employment, education or training (NEET) by sex (%);Male;2017;12.139;;;Repository: ILO-STATISTICS - Micro data processing
Israel;LFS - Labour Force Survey;Share of youth not in employment, education or training (NEET) by sex (%);Female;2017;15.011;;;Repository: ILO-STATISTICS - Micro data processing
Israel;LFS - Labour Force Survey;Share of youth not in employment, education or training (NEET) by sex (%);Total;2016;13.683;;;Repository: ILO-STATISTICS - Micro data processing
Israel;LFS - Labour Force Survey;Share of youth not in employment, education or training (NEET) by sex (%);Male;2016;12.349;;;Repository: ILO-STATISTICS - Micro data processing
Israel;LFS - Labour Force Survey;Share of youth not in employment, education or training (NEET) by sex (%);Female;2016;15.012;;;Repository: ILO-STATISTICS - Micro data processing
Israel;LFS - Labour Force Survey;Share of youth not in employment, education or training (NEET) by sex (%);Total;2015;14.314;;;Repository: ILO-STATISTICS - Micro data processing
Israel;LFS - Labour Force Survey;Share of youth not in employment, education or training (NEET) by sex (%);Male;2015;12.599;;;Repository: ILO-STATISTICS - Micro data processing
Israel;LFS - Labour Force Survey;Share of youth not in employment, education or training (NEET) by sex (%);Female;2015;16.014;;;Repository: ILO-STATISTICS - Micro data processing
Italy;LFS - EU Labour Force Survey;Share of youth not in employment, education or training (NEET) by sex (%);Total;2023;12.672;;;Repository: ILO-STATISTICS - Micro data processing
Italy;LFS - EU Labour Force Survey;Share of youth not in employment, education or training (NEET) by sex (%);Male;2023;13.039;;;Repository: ILO-STATISTICS - Micro data processing
Italy;LFS - EU Labour Force Survey;Share of youth not in employment, education or training (NEET) by sex (%);Female;2023;12.28;;;Repository: ILO-STATISTICS - Micro data processing
Italy;LFS - EU Labour Force Survey;Share of youth not in employment, education or training (NEET) by sex (%);Total;2022;15.858;;;Repository: ILO-STATISTICS - Micro data processing
Italy;LFS - EU Labour Force Survey;Share of youth not in employment, education or training (NEET) by sex (%);Male;2022;16.283;;;Repository: ILO-STATISTICS - Micro data processing
Italy;LFS - EU Labour Force Survey;Share of youth not in employment, education or training (NEET) by sex (%);Female;2022;15.402;;;Repository: ILO-STATISTICS - Micro data processing
Italy;LFS - EU Labour Force Survey;Share of youth not in employment, education or training (NEET) by sex (%);Total;2021;19.768;;;Repository: ILO-STATISTICS - Micro data processing
Italy;LFS - EU Labour Force Survey;Share of youth not in employment, education or training (NEET) by sex (%);Male;2021;19.548;;;Repository: ILO-STATISTICS - Micro data processing
Italy;LFS - EU Labour Force Survey;Share of youth not in employment, education or training (NEET) by sex (%);Female;2021;20.005;;;Repository: ILO-STATISTICS - Micro data processing
Italy;LFS - EU Labour Force Survey;Share of youth not in employment, education or training (NEET) by sex (%);Total;2020;19.132;;;Repository: ILO-STATISTICS - Micro data processing
Italy;LFS - EU Labour Force Survey;Share of youth not in employment, education or training (NEET) by sex (%);Male;2020;19.26;;;Repository: ILO-STATISTICS - Micro data processing
Italy;LFS - EU Labour Force Survey;Share of youth not in employment, education or training (NEET) by sex (%);Female;2020;18.995;;;Repository: ILO-STATISTICS - Micro data processing
Italy;LFS - EU Labour Force Survey;Share of youth not in employment, education or training (NEET) by sex (%);Total;2019;18.128;;;Repository: ILO-STATISTICS - Micro data processing
Italy;LFS - EU Labour Force Survey;Share of youth not in employment, education or training (NEET) by sex (%);Male;2019;18.241;;;Repository: ILO-STATISTICS - Micro data processing
Italy;LFS - EU Labour Force Survey;Share of youth not in employment, education or training (NEET) by sex (%);Female;2019;18.006;;;Repository: ILO-STATISTICS - Micro data processing
Italy;LFS - EU Labour Force Survey;Share of youth not in employment, education or training (NEET) by sex (%);Total;2018;19.239;;;Repository: ILO-STATISTICS - Micro data processing
Italy;LFS - EU Labour Force Survey;Share of youth not in employment, education or training (NEET) by sex (%);Male;2018;19.078;;;Repository: ILO-STATISTICS - Micro data processing
Italy;LFS - EU Labour Force Survey;Share of youth not in employment, education or training (NEET) by sex (%);Female;2018;19.412;;;Repository: ILO-STATISTICS - Micro data processing
Italy;LFS - EU Labour Force Survey;Share of youth not in employment, education or training (NEET) by sex (%);Total;2017;20.2;;;Repository: ILO-STATISTICS - Micro data processing
Italy;LFS - EU Labour Force Survey;Share of youth not in employment, education or training (NEET) by sex (%);Male;2017;20.463;;;Repository: ILO-STATISTICS - Micro data processing
Italy;LFS - EU Labour Force Survey;Share of youth not in employment, education or training (NEET) by sex (%);Female;2017;19.919;;;Repository: ILO-STATISTICS - Micro data processing
Italy;LFS - EU Labour Force Survey;Share of youth not in employment, education or training (NEET) by sex (%);Total;2016;19.974;;;Repository: ILO-STATISTICS - Micro data processing
Italy;LFS - EU Labour Force Survey;Share of youth not in employment, education or training (NEET) by sex (%);Male;2016;20.238;;;Repository: ILO-STATISTICS - Micro data processing
Italy;LFS - EU Labour Force Survey;Share of youth not in employment, education or training (NEET) by sex (%);Female;2016;19.693;;;Repository: ILO-STATISTICS - Micro data processing
Italy;LFS - EU Labour Force Survey;Share of youth not in employment, education or training (NEET) by sex (%);Total;2015;21.457;;;Repository: ILO-STATISTICS - Micro data processing
Italy;LFS - EU Labour Force Survey;Share of youth not in employment, education or training (NEET) by sex (%);Male;2015;21.971;;;Repository: ILO-STATISTICS - Micro data processing
Italy;LFS - EU Labour Force Survey;Share of youth not in employment, education or training (NEET) by sex (%);Female;2015;20.912;;;Repository: ILO-STATISTICS - Micro data processing
Jamaica;LFS - Labour Force Survey;Share of youth not in employment, education or training (NEET) by sex (%);Total;2023;19.696;;;Repository: ILO-STATISTICS - Micro data processing
Jamaica;LFS - Labour Force Survey;Share of youth not in employment, education or training (NEET) by sex (%);Male;2023;19.13;;;Repository: ILO-STATISTICS - Micro data processing
Jamaica;LFS - Labour Force Survey;Share of youth not in employment, education or training (NEET) by sex (%);Female;2023;20.282;;;Repository: ILO-STATISTICS - Micro data processing
Jamaica;LFS - Labour Force Survey;Share of youth not in employment, education or training (NEET) by sex (%);Total;2022;21.79;;;Repository: ILO-STATISTICS - Micro data processing
Jamaica;LFS - Labour Force Survey;Share of youth not in employment, education or training (NEET) by sex (%);Male;2022;20.958;;;Repository: ILO-STATISTICS - Micro data processing
Jamaica;LFS - Labour Force Survey;Share of youth not in employment, education or training (NEET) by sex (%);Female;2022;22.643;;;Repository: ILO-STATISTICS - Micro data processing
Jamaica;LFS - Labour Force Survey;Share of youth not in employment, education or training (NEET) by sex (%);Total;2021;26.052;;;Repository: ILO-STATISTICS - Micro data processing
Jamaica;LFS - Labour Force Survey;Share of youth not in employment, education or training (NEET) by sex (%);Male;2021;24.225;;;Repository: ILO-STATISTICS - Micro data processing
Jamaica;LFS - Labour Force Survey;Share of youth not in employment, education or training (NEET) by sex (%);Female;2021;27.91;;;Repository: ILO-STATISTICS - Micro data processing
Jamaica;LFS - Labour Force Survey;Share of youth not in employment, education or training (NEET) by sex (%);Total;2020;29.665;;;Repository: ILO-STATISTICS - Micro data processing
Jamaica;LFS - Labour Force Survey;Share of youth not in employment, education or training (NEET) by sex (%);Male;2020;27.856;;;Repository: ILO-STATISTICS - Micro data processing
Jamaica;LFS - Labour Force Survey;Share of youth not in employment, education or training (NEET) by sex (%);Female;2020;31.526;;;Repository: ILO-STATISTICS - Micro data processing
Jamaica;LFS - Labour Force Survey;Share of youth not in employment, education or training (NEET) by sex (%);Total;2019;22.908;;;Repository: ILO-STATISTICS - Micro data processing
Jamaica;LFS - Labour Force Survey;Share of youth not in employment, education or training (NEET) by sex (%);Male;2019;20.917;;;Repository: ILO-STATISTICS - Micro data processing
Jamaica;LFS - Labour Force Survey;Share of youth not in employment, education or training (NEET) by sex (%);Female;2019;24.932;;;Repository: ILO-STATISTICS - Micro data processing
Jamaica;LFS - Labour Force Survey;Share of youth not in employment, education or training (NEET) by sex (%);Total;2018;26.058;;;Repository: ILO-STATISTICS - Micro data processing
Jamaica;LFS - Labour Force Survey;Share of youth not in employment, education or training (NEET) by sex (%);Male;2018;23.368;;;Repository: ILO-STATISTICS - Micro data processing
Jamaica;LFS - Labour Force Survey;Share of youth not in employment, education or training (NEET) by sex (%);Female;2018;28.837;;;Repository: ILO-STATISTICS - Micro data processing
Jamaica;LFS - Labour Force Survey;Share of youth not in employment, education or training (NEET) by sex (%);Total;2017;27.877;;;Repository: ILO-STATISTICS - Micro data processing
Jamaica;LFS - Labour Force Survey;Share of youth not in employment, education or training (NEET) by sex (%);Male;2017;24.546;;;Repository: ILO-STATISTICS - Micro data processing
Jamaica;LFS - Labour Force Survey;Share of youth not in employment, education or training (NEET) by sex (%);Female;2017;31.306;;;Repository: ILO-STATISTICS - Micro data processing
Jamaica;LFS - Labour Force Survey;Share of youth not in employment, education or training (NEET) by sex (%);Total;2016;29.764;;;Repository: ILO-STATISTICS - Micro data processing
Jamaica;LFS - Labour Force Survey;Share of youth not in employment, education or training (NEET) by sex (%);Male;2016;26.86;;;Repository: ILO-STATISTICS - Micro data processing
Jamaica;LFS - Labour Force Survey;Share of youth not in employment, education or training (NEET) by sex (%);Female;2016;32.749;;;Repository: ILO-STATISTICS - Micro data processing
Jordan;LFS - Employment and Unemployment Survey;Share of youth not in employment, education or training (NEET) by sex (%);Total;2023;30.233;;;Repository: ILO-STATISTICS - Micro data processing
Jordan;LFS - Employment and Unemployment Survey;Share of youth not in employment, education or training (NEET) by sex (%);Male;2023;26.285;;;Repository: ILO-STATISTICS - Micro data processing
Jordan;LFS - Employment and Unemployment Survey;Share of youth not in employment, education or training (NEET) by sex (%);Female;2023;34.544;;;Repository: ILO-STATISTICS - Micro data processing
Jordan;LFS - Employment and Unemployment Survey;Share of youth not in employment, education or training (NEET) by sex (%);Total;2022;31.495;;;Repository: ILO-STATISTICS - Micro data processing
Jordan;LFS - Employment and Unemployment Survey;Share of youth not in employment, education or training (NEET) by sex (%);Male;2022;27.486;;;Repository: ILO-STATISTICS - Micro data processing
Jordan;LFS - Employment and Unemployment Survey;Share of youth not in employment, education or training (NEET) by sex (%);Female;2022;36.055;;;Repository: ILO-STATISTICS - Micro data processing
Jordan;LFS - Employment and Unemployment Survey;Share of youth not in employment, education or training (NEET) by sex (%);Total;2021;32.849;;;Repository: ILO-STATISTICS - Micro data processing
Jordan;LFS - Employment and Unemployment Survey;Share of youth not in employment, education or training (NEET) by sex (%);Male;2021;28.333;;;Repository: ILO-STATISTICS - Micro data processing
Jordan;LFS - Employment and Unemployment Survey;Share of youth not in employment, education or training (NEET) by sex (%);Female;2021;38.286;;;Repository: ILO-STATISTICS - Micro data processing
Jordan;LFS - Employment and Unemployment Survey;Share of youth not in employment, education or training (NEET) by sex (%);Total;2020;35.385;;;Repository: ILO-STATISTICS - Micro data processing
Jordan;LFS - Employment and Unemployment Survey;Share of youth not in employment, education or training (NEET) by sex (%);Male;2020;30.597;;;Repository: ILO-STATISTICS - Micro data processing
Jordan;LFS - Employment and Unemployment Survey;Share of youth not in employment, education or training (NEET) by sex (%);Female;2020;41.077;;;Repository: ILO-STATISTICS - Micro data processing
Jordan;LFS - Employment and Unemployment Survey;Share of youth not in employment, education or training (NEET) by sex (%);Total;2019;36.001;;;Repository: ILO-STATISTICS - Micro data processing
Jordan;LFS - Employment and Unemployment Survey;Share of youth not in employment, education or training (NEET) by sex (%);Male;2019;29.317;;;Repository: ILO-STATISTICS - Micro data processing
Jordan;LFS - Employment and Unemployment Survey;Share of youth not in employment, education or training (NEET) by sex (%);Female;2019;43.776;;;Repository: ILO-STATISTICS - Micro data processing
Jordan;LFS - Employment and Unemployment Survey;Share of youth not in employment, education or training (NEET) by sex (%);Total;2018;36.519;;;Repository: ILO-STATISTICS - Micro data processing
Jordan;LFS - Employment and Unemployment Survey;Share of youth not in employment, education or training (NEET) by sex (%);Male;2018;30.164;;;Repository: ILO-STATISTICS - Micro data processing
Jordan;LFS - Employment and Unemployment Survey;Share of youth not in employment, education or training (NEET) by sex (%);Female;2018;43.831;;;Repository: ILO-STATISTICS - Micro data processing
Jordan;LFS - Employment and Unemployment Survey;Share of youth not in employment, education or training (NEET) by sex (%);Total;2017;38.059;Break in series;Break in series: Methodology revised;Repository: ILO-STATISTICS - Micro data processing
Jordan;LFS - Employment and Unemployment Survey;Share of youth not in employment, education or training (NEET) by sex (%);Male;2017;28.796;Break in series;Break in series: Methodology revised;Repository: ILO-STATISTICS - Micro data processing
Jordan;LFS - Employment and Unemployment Survey;Share of youth not in employment, education or training (NEET) by sex (%);Female;2017;48.256;Break in series;Break in series: Methodology revised;Repository: ILO-STATISTICS - Micro data processing
Japan;LFS - Labour Force Survey;Share of youth not in employment, education or training (NEET) by sex (%);Total;2019;3.14;;;Employment definition: Excluding own-use production workers
Japan;LFS - Labour Force Survey;Share of youth not in employment, education or training (NEET) by sex (%);Male;2019;2.73;;;Employment definition: Excluding own-use production workers
Japan;LFS - Labour Force Survey;Share of youth not in employment, education or training (NEET) by sex (%);Female;2019;3.76;;;Employment definition: Excluding own-use production workers
Japan;LFS - Labour Force Survey;Share of youth not in employment, education or training (NEET) by sex (%);Total;2018;2.97;;;Employment definition: Excluding own-use production workers
Japan;LFS - Labour Force Survey;Share of youth not in employment, education or training (NEET) by sex (%);Male;2018;2.24;;;Employment definition: Excluding own-use production workers
Japan;LFS - Labour Force Survey;Share of youth not in employment, education or training (NEET) by sex (%);Female;2018;3.56;;;Employment definition: Excluding own-use production workers
Japan;LFS - Labour Force Survey;Share of youth not in employment, education or training (NEET) by sex (%);Total;2017;3.32;;;Employment definition: Excluding own-use production workers
Japan;LFS - Labour Force Survey;Share of youth not in employment, education or training (NEET) by sex (%);Male;2017;2.42;;;Employment definition: Excluding own-use production workers
Japan;LFS - Labour Force Survey;Share of youth not in employment, education or training (NEET) by sex (%);Female;2017;4.43;;;Employment definition: Excluding own-use production workers
Japan;LFS - Labour Force Survey;Share of youth not in employment, education or training (NEET) by sex (%);Total;2016;3.55;;;
Japan;LFS - Labour Force Survey;Share of youth not in employment, education or training (NEET) by sex (%);Male;2016;2.58;;;
Japan;LFS - Labour Force Survey;Share of youth not in employment, education or training (NEET) by sex (%);Female;2016;4.56;;;
Japan;LFS - Labour Force Survey;Share of youth not in employment, education or training (NEET) by sex (%);Total;2015;3.66;;;
Japan;LFS - Labour Force Survey;Share of youth not in employment, education or training (NEET) by sex (%);Male;2015;2.6;;;
Japan;LFS - Labour Force Survey;Share of youth not in employment, education or training (NEET) by sex (%);Female;2015;4.77;;;
Kazakhstan;LFS - Sample Survey of Employment;Share of youth not in employment, education or training (NEET) by sex (%);Total;2016;9.491;;;Age coverage - maximum age: 28 years old
Kazakhstan;LFS - Sample Survey of Employment;Share of youth not in employment, education or training (NEET) by sex (%);Total;2015;8.464;;;Age coverage - maximum age: 28 years old
Kenya;HS - Continuous household survey;Share of youth not in employment, education or training (NEET) by sex (%);Total;2022;27.785;;;Repository: ILO-STATISTICS - Micro data processing
Kenya;HS - Continuous household survey;Share of youth not in employment, education or training (NEET) by sex (%);Male;2022;22.671;;;Repository: ILO-STATISTICS - Micro data processing
Kenya;HS - Continuous household survey;Share of youth not in employment, education or training (NEET) by sex (%);Female;2022;32.673;;;Repository: ILO-STATISTICS - Micro data processing
Kenya;HS - Continuous household survey;Share of youth not in employment, education or training (NEET) by sex (%);Total;2021;18.503;;;Repository: ILO-STATISTICS - Micro data processing
Kenya;HS - Continuous household survey;Share of youth not in employment, education or training (NEET) by sex (%);Male;2021;12.08;;;Repository: ILO-STATISTICS - Micro data processing
Kenya;HS - Continuous household survey;Share of youth not in employment, education or training (NEET) by sex (%);Female;2021;24.637;;;Repository: ILO-STATISTICS - Micro data processing
Kenya;HS - Continuous household survey;Share of youth not in employment, education or training (NEET) by sex (%);Total;2019;19.667;;;Repository: ILO-STATISTICS - Micro data processing
Kenya;HS - Continuous household survey;Share of youth not in employment, education or training (NEET) by sex (%);Male;2019;14.972;;;Repository: ILO-STATISTICS - Micro data processing
Kenya;HS - Continuous household survey;Share of youth not in employment, education or training (NEET) by sex (%);Female;2019;24.288;;;Repository: ILO-STATISTICS - Micro data processing
Kenya;HIES - Household Budget Survey;Share of youth not in employment, education or training (NEET) by sex (%);Total;2016;13.731;;;Repository: ILO-STATISTICS - Micro data processing
Kenya;HIES - Household Budget Survey;Share of youth not in employment, education or training (NEET) by sex (%);Male;2016;9.196;;;Repository: ILO-STATISTICS - Micro data processing
Kenya;HIES - Household Budget Survey;Share of youth not in employment, education or training (NEET) by sex (%);Female;2016;18.241;;;Repository: ILO-STATISTICS - Micro data processing
Kyrgyzstan;LFS - Employment and Unemployment Survey;Share of youth not in employment, education or training (NEET) by sex (%);Total;2023;19.307;;;Repository: ILO-STATISTICS - Micro data processing
Kyrgyzstan;LFS - Employment and Unemployment Survey;Share of youth not in employment, education or training (NEET) by sex (%);Male;2023;12.578;;;Repository: ILO-STATISTICS - Micro data processing
Kyrgyzstan;LFS - Employment and Unemployment Survey;Share of youth not in employment, education or training (NEET) by sex (%);Female;2023;26.083;;;Repository: ILO-STATISTICS - Micro data processing
Kyrgyzstan;LFS - Employment and Unemployment Survey;Share of youth not in employment, education or training (NEET) by sex (%);Total;2022;19.826;;;Repository: ILO-STATISTICS - Micro data processing
Kyrgyzstan;LFS - Employment and Unemployment Survey;Share of youth not in employment, education or training (NEET) by sex (%);Male;2022;11.94;;;Repository: ILO-STATISTICS - Micro data processing
Kyrgyzstan;LFS - Employment and Unemployment Survey;Share of youth not in employment, education or training (NEET) by sex (%);Female;2022;28.02;;;Repository: ILO-STATISTICS - Micro data processing
Kyrgyzstan;LFS - Employment and Unemployment Survey;Share of youth not in employment, education or training (NEET) by sex (%);Total;2021;19.964;;;Repository: ILO-STATISTICS - Micro data processing
Kyrgyzstan;LFS - Employment and Unemployment Survey;Share of youth not in employment, education or training (NEET) by sex (%);Male;2021;12.198;;;Repository: ILO-STATISTICS - Micro data processing
Kyrgyzstan;LFS - Employment and Unemployment Survey;Share of youth not in employment, education or training (NEET) by sex (%);Female;2021;28.04;;;Repository: ILO-STATISTICS - Micro data processing
Kyrgyzstan;LFS - Employment and Unemployment Survey;Share of youth not in employment, education or training (NEET) by sex (%);Total;2020;22.719;;;Repository: ILO-STATISTICS - Micro data processing
Kyrgyzstan;LFS - Employment and Unemployment Survey;Share of youth not in employment, education or training (NEET) by sex (%);Male;2020;14.887;;;Repository: ILO-STATISTICS - Micro data processing
Kyrgyzstan;LFS - Employment and Unemployment Survey;Share of youth not in employment, education or training (NEET) by sex (%);Female;2020;30.865;;;Repository: ILO-STATISTICS - Micro data processing
Kyrgyzstan;LFS - Employment and Unemployment Survey;Share of youth not in employment, education or training (NEET) by sex (%);Total;2019;21.553;;;Repository: ILO-STATISTICS - Micro data processing
Kyrgyzstan;LFS - Employment and Unemployment Survey;Share of youth not in employment, education or training (NEET) by sex (%);Male;2019;13.143;;;Repository: ILO-STATISTICS - Micro data processing
Kyrgyzstan;LFS - Employment and Unemployment Survey;Share of youth not in employment, education or training (NEET) by sex (%);Female;2019;30.3;;;Repository: ILO-STATISTICS - Micro data processing
Kyrgyzstan;LFS - Employment and Unemployment Survey;Share of youth not in employment, education or training (NEET) by sex (%);Total;2018;20.691;Break in series;Break in series: Methodology revised;Repository: ILO-STATISTICS - Micro data processing
Kyrgyzstan;LFS - Employment and Unemployment Survey;Share of youth not in employment, education or training (NEET) by sex (%);Male;2018;12.157;Break in series;Break in series: Methodology revised;Repository: ILO-STATISTICS - Micro data processing
Kyrgyzstan;LFS - Employment and Unemployment Survey;Share of youth not in employment, education or training (NEET) by sex (%);Female;2018;29.547;Break in series;Break in series: Methodology revised;Repository: ILO-STATISTICS - Micro data processing
Kyrgyzstan;LFS - Employment and Unemployment Survey;Share of youth not in employment, education or training (NEET) by sex (%);Total;2017;21.523;;;Repository: ILO-STATISTICS - Micro data processing
Kyrgyzstan;LFS - Employment and Unemployment Survey;Share of youth not in employment, education or training (NEET) by sex (%);Male;2017;12.867;;;Repository: ILO-STATISTICS - Micro data processing
Kyrgyzstan;LFS - Employment and Unemployment Survey;Share of youth not in employment, education or training (NEET) by sex (%);Female;2017;30.51;;;Repository: ILO-STATISTICS - Micro data processing
Kyrgyzstan;LFS - Employment and Unemployment Survey;Share of youth not in employment, education or training (NEET) by sex (%);Total;2016;20.545;;;Repository: ILO-STATISTICS - Micro data processing
Kyrgyzstan;LFS - Employment and Unemployment Survey;Share of youth not in employment, education or training (NEET) by sex (%);Male;2016;12.368;;;Repository: ILO-STATISTICS - Micro data processing
Kyrgyzstan;LFS - Employment and Unemployment Survey;Share of youth not in employment, education or training (NEET) by sex (%);Female;2016;29.029;;;Repository: ILO-STATISTICS - Micro data processing
Kyrgyzstan;LFS - Employment and Unemployment Survey;Share of youth not in employment, education or training (NEET) by sex (%);Total;2015;21.674;;;Repository: ILO-STATISTICS - Micro data processing
Kyrgyzstan;LFS - Employment and Unemployment Survey;Share of youth not in employment, education or training (NEET) by sex (%);Male;2015;14.031;;;Repository: ILO-STATISTICS - Micro data processing
Kyrgyzstan;LFS - Employment and Unemployment Survey;Share of youth not in employment, education or training (NEET) by sex (%);Female;2015;29.595;;;Repository: ILO-STATISTICS - Micro data processing
Cambodia;HIES - Household Socio-Economic Survey;Share of youth not in employment, education or training (NEET) by sex (%);Total;2023;6.315;;;Repository: ILO-STATISTICS - Micro data processing
Cambodia;HIES - Household Socio-Economic Survey;Share of youth not in employment, education or training (NEET) by sex (%);Male;2023;4.333;;;Repository: ILO-STATISTICS - Micro data processing
Cambodia;HIES - Household Socio-Economic Survey;Share of youth not in employment, education or training (NEET) by sex (%);Female;2023;8.342;;;Repository: ILO-STATISTICS - Micro data processing
Cambodia;HIES - Household Socio-Economic Survey;Share of youth not in employment, education or training (NEET) by sex (%);Total;2021;6.188;;;Repository: ILO-STATISTICS - Micro data processing
Cambodia;HIES - Household Socio-Economic Survey;Share of youth not in employment, education or training (NEET) by sex (%);Male;2021;4.27;;;Repository: ILO-STATISTICS - Micro data processing
Cambodia;HIES - Household Socio-Economic Survey;Share of youth not in employment, education or training (NEET) by sex (%);Female;2021;8.114;;;Repository: ILO-STATISTICS - Micro data processing
Cambodia;HIES - Household Socio-Economic Survey;Share of youth not in employment, education or training (NEET) by sex (%);Total;2020;5.692;;;Repository: ILO-STATISTICS - Micro data processing
Cambodia;HIES - Household Socio-Economic Survey;Share of youth not in employment, education or training (NEET) by sex (%);Male;2020;4.101;;;Repository: ILO-STATISTICS - Micro data processing
Cambodia;HIES - Household Socio-Economic Survey;Share of youth not in employment, education or training (NEET) by sex (%);Female;2020;7.252;;;Repository: ILO-STATISTICS - Micro data processing
Cambodia;LFS - Labour Force Survey;Share of youth not in employment, education or training (NEET) by sex (%);Total;2019;11.383;Break in series;Break in series: Methodology revised;Repository: ILO-STATISTICS - Micro data processing
Cambodia;LFS - Labour Force Survey;Share of youth not in employment, education or training (NEET) by sex (%);Male;2019;10.043;Break in series;Break in series: Methodology revised;Repository: ILO-STATISTICS - Micro data processing
Cambodia;LFS - Labour Force Survey;Share of youth not in employment, education or training (NEET) by sex (%);Female;2019;12.592;Break in series;Break in series: Methodology revised;Repository: ILO-STATISTICS - Micro data processing
Cambodia;HIES - Household Socio-Economic Survey;Share of youth not in employment, education or training (NEET) by sex (%);Total;2017;6.46;;;Repository: ILO-STATISTICS - Micro data processing
Cambodia;HIES - Household Socio-Economic Survey;Share of youth not in employment, education or training (NEET) by sex (%);Male;2017;3.328;;;Repository: ILO-STATISTICS - Micro data processing
Cambodia;HIES - Household Socio-Economic Survey;Share of youth not in employment, education or training (NEET) by sex (%);Female;2017;9.762;;;Repository: ILO-STATISTICS - Micro data processing
Cambodia;HIES - Household Socio-Economic Survey;Share of youth not in employment, education or training (NEET) by sex (%);Total;2016;6.414;;;Repository: ILO-STATISTICS - Micro data processing
Cambodia;HIES - Household Socio-Economic Survey;Share of youth not in employment, education or training (NEET) by sex (%);Male;2016;2.984;;;Repository: ILO-STATISTICS - Micro data processing
Cambodia;HIES - Household Socio-Economic Survey;Share of youth not in employment, education or training (NEET) by sex (%);Female;2016;10.026;;;Repository: ILO-STATISTICS - Micro data processing
Cambodia;HIES - Household Socio-Economic Survey;Share of youth not in employment, education or training (NEET) by sex (%);Total;2015;6.592;;;Repository: ILO-STATISTICS - Micro data processing
Cambodia;HIES - Household Socio-Economic Survey;Share of youth not in employment, education or training (NEET) by sex (%);Male;2015;2.567;;;Repository: ILO-STATISTICS - Micro data processing
Cambodia;HIES - Household Socio-Economic Survey;Share of youth not in employment, education or training (NEET) by sex (%);Female;2015;10.763;;;Repository: ILO-STATISTICS - Micro data processing
Kiribati;HIES - Household Income and Expenditure Survey;Share of youth not in employment, education or training (NEET) by sex (%);Total;2023;35.412;;;Repository: ILO-STATISTICS - Micro data processing
Kiribati;HIES - Household Income and Expenditure Survey;Share of youth not in employment, education or training (NEET) by sex (%);Male;2023;31.493;;;Repository: ILO-STATISTICS - Micro data processing
Kiribati;HIES - Household Income and Expenditure Survey;Share of youth not in employment, education or training (NEET) by sex (%);Female;2023;39.536;;;Repository: ILO-STATISTICS - Micro data processing
Kiribati;PC - Population Census;Share of youth not in employment, education or training (NEET) by sex (%);Total;2020;53.669;;;Repository: ILO-STATISTICS - Micro data processing
Kiribati;PC - Population Census;Share of youth not in employment, education or training (NEET) by sex (%);Male;2020;51.583;;;Repository: ILO-STATISTICS - Micro data processing
Kiribati;PC - Population Census;Share of youth not in employment, education or training (NEET) by sex (%);Female;2020;55.847;;;Repository: ILO-STATISTICS - Micro data processing
Kiribati;HIES - Household Income and Expenditure Survey;Share of youth not in employment, education or training (NEET) by sex (%);Total;2019;52.01;;;Repository: ILO-STATISTICS - Micro data processing
Kiribati;HIES - Household Income and Expenditure Survey;Share of youth not in employment, education or training (NEET) by sex (%);Male;2019;53.456;;;Repository: ILO-STATISTICS - Micro data processing
Kiribati;HIES - Household Income and Expenditure Survey;Share of youth not in employment, education or training (NEET) by sex (%);Female;2019;50.428;;;Repository: ILO-STATISTICS - Micro data processing
Kiribati;PC - Population Census;Share of youth not in employment, education or training (NEET) by sex (%);Total;2015;46.89;;;Repository: ILO-STATISTICS - Micro data processing
Kiribati;PC - Population Census;Share of youth not in employment, education or training (NEET) by sex (%);Male;2015;46.19;;;Repository: ILO-STATISTICS - Micro data processing
Kiribati;PC - Population Census;Share of youth not in employment, education or training (NEET) by sex (%);Female;2015;47.597;;;Repository: ILO-STATISTICS - Micro data processing
Kosovo;LFS - Labour Force Survey;Share of youth not in employment, education or training (NEET) by sex (%);Total;2023;33.257;;;Repository: ILO-STATISTICS - Micro data processing
Kosovo;LFS - Labour Force Survey;Share of youth not in employment, education or training (NEET) by sex (%);Male;2023;32.685;;;Repository: ILO-STATISTICS - Micro data processing
Kosovo;LFS - Labour Force Survey;Share of youth not in employment, education or training (NEET) by sex (%);Female;2023;33.852;;;Repository: ILO-STATISTICS - Micro data processing
Kosovo;LFS - Labour Force Survey;Share of youth not in employment, education or training (NEET) by sex (%);Total;2022;32.901;;;Repository: ILO-STATISTICS - Micro data processing
Kosovo;LFS - Labour Force Survey;Share of youth not in employment, education or training (NEET) by sex (%);Male;2022;32.091;;;Repository: ILO-STATISTICS - Micro data processing
Kosovo;LFS - Labour Force Survey;Share of youth not in employment, education or training (NEET) by sex (%);Female;2022;33.765;;;Repository: ILO-STATISTICS - Micro data processing
Kosovo;LFS - Labour Force Survey;Share of youth not in employment, education or training (NEET) by sex (%);Total;2021;32.045;;;Repository: ILO-STATISTICS - Micro data processing
Kosovo;LFS - Labour Force Survey;Share of youth not in employment, education or training (NEET) by sex (%);Male;2021;31.674;;;Repository: ILO-STATISTICS - Micro data processing
Kosovo;LFS - Labour Force Survey;Share of youth not in employment, education or training (NEET) by sex (%);Female;2021;32.441;;;Repository: ILO-STATISTICS - Micro data processing
Kosovo;LFS - Labour Force Survey;Share of youth not in employment, education or training (NEET) by sex (%);Total;2020;33.478;Break in series;Break in series: Methodology revised;Repository: ILO-STATISTICS - Micro data processing
Kosovo;LFS - Labour Force Survey;Share of youth not in employment, education or training (NEET) by sex (%);Male;2020;33.778;Break in series;Break in series: Methodology revised;Repository: ILO-STATISTICS - Micro data processing
Kosovo;LFS - Labour Force Survey;Share of youth not in employment, education or training (NEET) by sex (%);Female;2020;33.153;Break in series;Break in series: Methodology revised;Repository: ILO-STATISTICS - Micro data processing
Kosovo;LFS - Labour Force Survey;Share of youth not in employment, education or training (NEET) by sex (%);Total;2019;32.612;Break in series;Break in series: Methodology revised;Repository: ILO-STATISTICS - Micro data processing
Kosovo;LFS - Labour Force Survey;Share of youth not in employment, education or training (NEET) by sex (%);Male;2019;31.139;Break in series;Break in series: Methodology revised;Repository: ILO-STATISTICS - Micro data processing
Kosovo;LFS - Labour Force Survey;Share of youth not in employment, education or training (NEET) by sex (%);Female;2019;34.249;Break in series;Break in series: Methodology revised;Repository: ILO-STATISTICS - Micro data processing
Kosovo;LFS - Labour Force Survey;Share of youth not in employment, education or training (NEET) by sex (%);Total;2018;29.692;;;Repository: ILO-STATISTICS - Micro data processing
Kosovo;LFS - Labour Force Survey;Share of youth not in employment, education or training (NEET) by sex (%);Male;2018;29.545;;;Repository: ILO-STATISTICS - Micro data processing
Kosovo;LFS - Labour Force Survey;Share of youth not in employment, education or training (NEET) by sex (%);Female;2018;29.855;;;Repository: ILO-STATISTICS - Micro data processing
Kosovo;LFS - Labour Force Survey;Share of youth not in employment, education or training (NEET) by sex (%);Total;2017;27.406;;;Repository: ILO-STATISTICS - Micro data processing
Kosovo;LFS - Labour Force Survey;Share of youth not in employment, education or training (NEET) by sex (%);Male;2017;23.775;;;Repository: ILO-STATISTICS - Micro data processing
Kosovo;LFS - Labour Force Survey;Share of youth not in employment, education or training (NEET) by sex (%);Female;2017;31.388;;;Repository: ILO-STATISTICS - Micro data processing
Kosovo;LFS - Labour Force Survey;Share of youth not in employment, education or training (NEET) by sex (%);Total;2016;30.103;;;Repository: ILO-STATISTICS - Micro data processing
Kosovo;LFS - Labour Force Survey;Share of youth not in employment, education or training (NEET) by sex (%);Male;2016;26.475;;;Repository: ILO-STATISTICS - Micro data processing
Kosovo;LFS - Labour Force Survey;Share of youth not in employment, education or training (NEET) by sex (%);Female;2016;34.171;;;Repository: ILO-STATISTICS - Micro data processing
Kosovo;LFS - Labour Force Survey;Share of youth not in employment, education or training (NEET) by sex (%);Total;2015;31.427;;;Repository: ILO-STATISTICS - Micro data processing
Kosovo;LFS - Labour Force Survey;Share of youth not in employment, education or training (NEET) by sex (%);Male;2015;28.268;;;Repository: ILO-STATISTICS - Micro data processing
Kosovo;LFS - Labour Force Survey;Share of youth not in employment, education or training (NEET) by sex (%);Female;2015;34.947;;;Repository: ILO-STATISTICS - Micro data processing
Lao People's Democratic Republic;LFS - Labour Force Survey;Share of youth not in employment, education or training (NEET) by sex (%);Total;2022;22.509;Break in series;Break in series: Methodology revised;Repository: ILO-STATISTICS - Micro data processing
Lao People's Democratic Republic;LFS - Labour Force Survey;Share of youth not in employment, education or training (NEET) by sex (%);Male;2022;20.392;Break in series;Break in series: Methodology revised;Repository: ILO-STATISTICS - Micro data processing
Lao People's Democratic Republic;LFS - Labour Force Survey;Share of youth not in employment, education or training (NEET) by sex (%);Female;2022;24.614;Break in series;Break in series: Methodology revised;Repository: ILO-STATISTICS - Micro data processing
Lao People's Democratic Republic;LFS - Labour Force Survey;Share of youth not in employment, education or training (NEET) by sex (%);Total;2017;25.8;Break in series;Break in series: Methodology revised;Repository: ILO-STATISTICS - Micro data processing
Lao People's Democratic Republic;LFS - Labour Force Survey;Share of youth not in employment, education or training (NEET) by sex (%);Male;2017;23.605;Break in series;Break in series: Methodology revised;Repository: ILO-STATISTICS - Micro data processing
Lao People's Democratic Republic;LFS - Labour Force Survey;Share of youth not in employment, education or training (NEET) by sex (%);Female;2017;27.876;Break in series;Break in series: Methodology revised;Repository: ILO-STATISTICS - Micro data processing
Lao People's Democratic Republic;PC - Population Census;Share of youth not in employment, education or training (NEET) by sex (%);Total;2015;6.781;;;Repository: ILO-STATISTICS - Micro data processing
Lao People's Democratic Republic;PC - Population Census;Share of youth not in employment, education or training (NEET) by sex (%);Male;2015;6.396;;;Repository: ILO-STATISTICS - Micro data processing
Lao People's Democratic Republic;PC - Population Census;Share of youth not in employment, education or training (NEET) by sex (%);Female;2015;7.142;;;Repository: ILO-STATISTICS - Micro data processing
Lebanon;LFS - Labour Force Survey;Share of youth not in employment, education or training (NEET) by sex (%);Total;2019;23.518;Break in series;Break in series: Methodology revised;Repository: ILO-STATISTICS - Micro data processing
Lebanon;LFS - Labour Force Survey;Share of youth not in employment, education or training (NEET) by sex (%);Male;2019;17.91;Break in series;Break in series: Methodology revised;Repository: ILO-STATISTICS - Micro data processing
Lebanon;LFS - Labour Force Survey;Share of youth not in employment, education or training (NEET) by sex (%);Female;2019;28.889;Break in series;Break in series: Methodology revised;Repository: ILO-STATISTICS - Micro data processing
Liberia;LFS - Labour Force Survey;Share of youth not in employment, education or training (NEET) by sex (%);Total;2017;39.937;Break in series;Break in series: Methodology revised;Repository: ILO-STATISTICS - Micro data processing
Liberia;LFS - Labour Force Survey;Share of youth not in employment, education or training (NEET) by sex (%);Male;2017;38.842;Break in series;Break in series: Methodology revised;Repository: ILO-STATISTICS - Micro data processing
Liberia;LFS - Labour Force Survey;Share of youth not in employment, education or training (NEET) by sex (%);Female;2017;40.852;Break in series;Break in series: Methodology revised;Repository: ILO-STATISTICS - Micro data processing
Liberia;HIES - Household Income and Expenditure Survey;Share of youth not in employment, education or training (NEET) by sex (%);Total;2016;13.233;;;Repository: ILO-STATISTICS - Micro data processing
Liberia;HIES - Household Income and Expenditure Survey;Share of youth not in employment, education or training (NEET) by sex (%);Male;2016;8.92;;;Repository: ILO-STATISTICS - Micro data processing
Liberia;HIES - Household Income and Expenditure Survey;Share of youth not in employment, education or training (NEET) by sex (%);Female;2016;16.834;;;Repository: ILO-STATISTICS - Micro data processing
Saint Lucia;LFS - Labour Force Survey;Share of youth not in employment, education or training (NEET) by sex (%);Total;2023;30.931;;;Repository: ILO-STATISTICS - Micro data processing
Saint Lucia;LFS - Labour Force Survey;Share of youth not in employment, education or training (NEET) by sex (%);Male;2023;29.468;;;Repository: ILO-STATISTICS - Micro data processing
Saint Lucia;LFS - Labour Force Survey;Share of youth not in employment, education or training (NEET) by sex (%);Female;2023;32.777;;;Repository: ILO-STATISTICS - Micro data processing
Saint Lucia;LFS - Labour Force Survey;Share of youth not in employment, education or training (NEET) by sex (%);Total;2022;27.088;;;Repository: ILO-STATISTICS - Micro data processing
Saint Lucia;LFS - Labour Force Survey;Share of youth not in employment, education or training (NEET) by sex (%);Male;2022;30.289;;;Repository: ILO-STATISTICS - Micro data processing
Saint Lucia;LFS - Labour Force Survey;Share of youth not in employment, education or training (NEET) by sex (%);Female;2022;23.473;;;Repository: ILO-STATISTICS - Micro data processing
Saint Lucia;LFS - Labour Force Survey;Share of youth not in employment, education or training (NEET) by sex (%);Total;2021;39.203;;;Repository: ILO-STATISTICS - Micro data processing
Saint Lucia;LFS - Labour Force Survey;Share of youth not in employment, education or training (NEET) by sex (%);Male;2021;39.589;;;Repository: ILO-STATISTICS - Micro data processing
Saint Lucia;LFS - Labour Force Survey;Share of youth not in employment, education or training (NEET) by sex (%);Female;2021;38.77;;;Repository: ILO-STATISTICS - Micro data processing
Saint Lucia;LFS - Labour Force Survey;Share of youth not in employment, education or training (NEET) by sex (%);Total;2020;35.411;;;Repository: ILO-STATISTICS - Micro data processing
Saint Lucia;LFS - Labour Force Survey;Share of youth not in employment, education or training (NEET) by sex (%);Male;2020;38.304;;;Repository: ILO-STATISTICS - Micro data processing
Saint Lucia;LFS - Labour Force Survey;Share of youth not in employment, education or training (NEET) by sex (%);Female;2020;32.502;;;Repository: ILO-STATISTICS - Micro data processing
Saint Lucia;LFS - Labour Force Survey;Share of youth not in employment, education or training (NEET) by sex (%);Total;2019;29.941;;;Repository: ILO-STATISTICS - Micro data processing
Saint Lucia;LFS - Labour Force Survey;Share of youth not in employment, education or training (NEET) by sex (%);Male;2019;32.122;;;Repository: ILO-STATISTICS - Micro data processing
Saint Lucia;LFS - Labour Force Survey;Share of youth not in employment, education or training (NEET) by sex (%);Female;2019;27.503;;;Repository: ILO-STATISTICS - Micro data processing
Saint Lucia;LFS - Labour Force Survey;Share of youth not in employment, education or training (NEET) by sex (%);Total;2018;32.492;;;Repository: ILO-STATISTICS - Micro data processing
Saint Lucia;LFS - Labour Force Survey;Share of youth not in employment, education or training (NEET) by sex (%);Male;2018;33.846;;;Repository: ILO-STATISTICS - Micro data processing
Saint Lucia;LFS - Labour Force Survey;Share of youth not in employment, education or training (NEET) by sex (%);Female;2018;30.905;;;Repository: ILO-STATISTICS - Micro data processing
Saint Lucia;LFS - Labour Force Survey;Share of youth not in employment, education or training (NEET) by sex (%);Total;2017;33.755;Break in series;Break in series: Methodology revised;Repository: ILO-STATISTICS - Micro data processing
Saint Lucia;LFS - Labour Force Survey;Share of youth not in employment, education or training (NEET) by sex (%);Male;2017;35.082;Break in series;Break in series: Methodology revised;Repository: ILO-STATISTICS - Micro data processing
Saint Lucia;LFS - Labour Force Survey;Share of youth not in employment, education or training (NEET) by sex (%);Female;2017;32.265;Break in series;Break in series: Methodology revised;Repository: ILO-STATISTICS - Micro data processing
Sri Lanka;LFS - Labour Force Survey;Share of youth not in employment, education or training (NEET) by sex (%);Total;2022;18.051;;;Repository: ILO-STATISTICS - Micro data processing
Sri Lanka;LFS - Labour Force Survey;Share of youth not in employment, education or training (NEET) by sex (%);Male;2022;13.535;;;Repository: ILO-STATISTICS - Micro data processing
Sri Lanka;LFS - Labour Force Survey;Share of youth not in employment, education or training (NEET) by sex (%);Female;2022;22.321;;;Repository: ILO-STATISTICS - Micro data processing
Sri Lanka;LFS - Labour Force Survey;Share of youth not in employment, education or training (NEET) by sex (%);Total;2021;19.378;;;Repository: ILO-STATISTICS - Micro data processing
Sri Lanka;LFS - Labour Force Survey;Share of youth not in employment, education or training (NEET) by sex (%);Male;2021;14.363;;;Repository: ILO-STATISTICS - Micro data processing
Sri Lanka;LFS - Labour Force Survey;Share of youth not in employment, education or training (NEET) by sex (%);Female;2021;24.202;;;Repository: ILO-STATISTICS - Micro data processing
Sri Lanka;LFS - Labour Force Survey;Share of youth not in employment, education or training (NEET) by sex (%);Total;2020;21.512;;;Repository: ILO-STATISTICS - Micro data processing
Sri Lanka;LFS - Labour Force Survey;Share of youth not in employment, education or training (NEET) by sex (%);Male;2020;15.331;;;Repository: ILO-STATISTICS - Micro data processing
Sri Lanka;LFS - Labour Force Survey;Share of youth not in employment, education or training (NEET) by sex (%);Female;2020;27.504;;;Repository: ILO-STATISTICS - Micro data processing
Sri Lanka;LFS - Labour Force Survey;Share of youth not in employment, education or training (NEET) by sex (%);Total;2019;21.213;;;Repository: ILO-STATISTICS - Micro data processing
Sri Lanka;LFS - Labour Force Survey;Share of youth not in employment, education or training (NEET) by sex (%);Male;2019;13.335;;;Repository: ILO-STATISTICS - Micro data processing
Sri Lanka;LFS - Labour Force Survey;Share of youth not in employment, education or training (NEET) by sex (%);Female;2019;28.969;;;Repository: ILO-STATISTICS - Micro data processing
Sri Lanka;LFS - Labour Force Survey;Share of youth not in employment, education or training (NEET) by sex (%);Total;2018;24.184;;;Repository: ILO-STATISTICS - Micro data processing
Sri Lanka;LFS - Labour Force Survey;Share of youth not in employment, education or training (NEET) by sex (%);Male;2018;17.052;;;Repository: ILO-STATISTICS - Micro data processing
Sri Lanka;LFS - Labour Force Survey;Share of youth not in employment, education or training (NEET) by sex (%);Female;2018;31.06;;;Repository: ILO-STATISTICS - Micro data processing
Sri Lanka;LFS - Labour Force Survey;Share of youth not in employment, education or training (NEET) by sex (%);Total;2017;24.722;;;Repository: ILO-STATISTICS - Micro data processing
Sri Lanka;LFS - Labour Force Survey;Share of youth not in employment, education or training (NEET) by sex (%);Male;2017;16.775;;;Repository: ILO-STATISTICS - Micro data processing
Sri Lanka;LFS - Labour Force Survey;Share of youth not in employment, education or training (NEET) by sex (%);Female;2017;32.157;;;Repository: ILO-STATISTICS - Micro data processing
Sri Lanka;LFS - Labour Force Survey;Share of youth not in employment, education or training (NEET) by sex (%);Total;2016;27.09;;;Repository: ILO-STATISTICS - Micro data processing
Sri Lanka;LFS - Labour Force Survey;Share of youth not in employment, education or training (NEET) by sex (%);Male;2016;18.069;;;Repository: ILO-STATISTICS - Micro data processing
Sri Lanka;LFS - Labour Force Survey;Share of youth not in employment, education or training (NEET) by sex (%);Female;2016;35.401;;;Repository: ILO-STATISTICS - Micro data processing
Sri Lanka;LFS - Labour Force Survey;Share of youth not in employment, education or training (NEET) by sex (%);Total;2015;26.63;;;Repository: ILO-STATISTICS - Micro data processing
Sri Lanka;LFS - Labour Force Survey;Share of youth not in employment, education or training (NEET) by sex (%);Male;2015;17.411;;;Repository: ILO-STATISTICS - Micro data processing
Sri Lanka;LFS - Labour Force Survey;Share of youth not in employment, education or training (NEET) by sex (%);Female;2015;35.241;;;Repository: ILO-STATISTICS - Micro data processing
Lesotho;LFS - Integrated Labour Force Survey;Share of youth not in employment, education or training (NEET) by sex (%);Total;2019;35.152;;;Repository: ILO-STATISTICS - Micro data processing
Lesotho;LFS - Integrated Labour Force Survey;Share of youth not in employment, education or training (NEET) by sex (%);Male;2019;28.201;;;Repository: ILO-STATISTICS - Micro data processing
Lesotho;LFS - Integrated Labour Force Survey;Share of youth not in employment, education or training (NEET) by sex (%);Female;2019;42.138;;;Repository: ILO-STATISTICS - Micro data processing
Lithuania;LFS - EU Labour Force Survey;Share of youth not in employment, education or training (NEET) by sex (%);Total;2023;13.546;;;Repository: ILO-STATISTICS - Micro data processing
Lithuania;LFS - EU Labour Force Survey;Share of youth not in employment, education or training (NEET) by sex (%);Male;2023;14.452;;;Repository: ILO-STATISTICS - Micro data processing
Lithuania;LFS - EU Labour Force Survey;Share of youth not in employment, education or training (NEET) by sex (%);Female;2023;12.595;;;Repository: ILO-STATISTICS - Micro data processing
Lithuania;LFS - EU Labour Force Survey;Share of youth not in employment, education or training (NEET) by sex (%);Total;2022;9.653;;;Repository: ILO-STATISTICS - Micro data processing
Lithuania;LFS - EU Labour Force Survey;Share of youth not in employment, education or training (NEET) by sex (%);Male;2022;10.162;;;Repository: ILO-STATISTICS - Micro data processing
Lithuania;LFS - EU Labour Force Survey;Share of youth not in employment, education or training (NEET) by sex (%);Female;2022;9.121;;;Repository: ILO-STATISTICS - Micro data processing
Lithuania;LFS - EU Labour Force Survey;Share of youth not in employment, education or training (NEET) by sex (%);Total;2021;11.314;;;Repository: ILO-STATISTICS - Micro data processing
Lithuania;LFS - EU Labour Force Survey;Share of youth not in employment, education or training (NEET) by sex (%);Male;2021;11.702;;;Repository: ILO-STATISTICS - Micro data processing
Lithuania;LFS - EU Labour Force Survey;Share of youth not in employment, education or training (NEET) by sex (%);Female;2021;10.901;;;Repository: ILO-STATISTICS - Micro data processing
Lithuania;LFS - EU Labour Force Survey;Share of youth not in employment, education or training (NEET) by sex (%);Total;2020;10.76;;;Repository: ILO-STATISTICS - Micro data processing
Lithuania;LFS - EU Labour Force Survey;Share of youth not in employment, education or training (NEET) by sex (%);Male;2020;12.246;;;Repository: ILO-STATISTICS - Micro data processing
Lithuania;LFS - EU Labour Force Survey;Share of youth not in employment, education or training (NEET) by sex (%);Female;2020;9.193;;;Repository: ILO-STATISTICS - Micro data processing
Lithuania;LFS - EU Labour Force Survey;Share of youth not in employment, education or training (NEET) by sex (%);Total;2019;8.649;;;Repository: ILO-STATISTICS - Micro data processing
Lithuania;LFS - EU Labour Force Survey;Share of youth not in employment, education or training (NEET) by sex (%);Male;2019;9.714;;;Repository: ILO-STATISTICS - Micro data processing
Lithuania;LFS - EU Labour Force Survey;Share of youth not in employment, education or training (NEET) by sex (%);Female;2019;7.529;;;Repository: ILO-STATISTICS - Micro data processing
Lithuania;LFS - EU Labour Force Survey;Share of youth not in employment, education or training (NEET) by sex (%);Total;2018;8.039;;;Repository: ILO-STATISTICS - Micro data processing
Lithuania;LFS - EU Labour Force Survey;Share of youth not in employment, education or training (NEET) by sex (%);Male;2018;8.447;;;Repository: ILO-STATISTICS - Micro data processing
Lithuania;LFS - EU Labour Force Survey;Share of youth not in employment, education or training (NEET) by sex (%);Female;2018;7.61;;;Repository: ILO-STATISTICS - Micro data processing
Lithuania;LFS - EU Labour Force Survey;Share of youth not in employment, education or training (NEET) by sex (%);Total;2017;9.149;;;Repository: ILO-STATISTICS - Micro data processing
Lithuania;LFS - EU Labour Force Survey;Share of youth not in employment, education or training (NEET) by sex (%);Male;2017;9.073;;;Repository: ILO-STATISTICS - Micro data processing
Lithuania;LFS - EU Labour Force Survey;Share of youth not in employment, education or training (NEET) by sex (%);Female;2017;9.228;;;Repository: ILO-STATISTICS - Micro data processing
Lithuania;LFS - EU Labour Force Survey;Share of youth not in employment, education or training (NEET) by sex (%);Total;2016;9.405;;;Repository: ILO-STATISTICS - Micro data processing
Lithuania;LFS - EU Labour Force Survey;Share of youth not in employment, education or training (NEET) by sex (%);Male;2016;10.002;;;Repository: ILO-STATISTICS - Micro data processing
Lithuania;LFS - EU Labour Force Survey;Share of youth not in employment, education or training (NEET) by sex (%);Female;2016;8.783;;;Repository: ILO-STATISTICS - Micro data processing
Lithuania;LFS - EU Labour Force Survey;Share of youth not in employment, education or training (NEET) by sex (%);Total;2015;9.196;;;Repository: ILO-STATISTICS - Micro data processing
Lithuania;LFS - EU Labour Force Survey;Share of youth not in employment, education or training (NEET) by sex (%);Male;2015;9.082;;;Repository: ILO-STATISTICS - Micro data processing
Lithuania;LFS - EU Labour Force Survey;Share of youth not in employment, education or training (NEET) by sex (%);Female;2015;9.316;;;Repository: ILO-STATISTICS - Micro data processing
Luxembourg;LFS - EU Labour Force Survey;Share of youth not in employment, education or training (NEET) by sex (%);Total;2023;8.184;;;Repository: ILO-STATISTICS - Micro data processing
Luxembourg;LFS - EU Labour Force Survey;Share of youth not in employment, education or training (NEET) by sex (%);Male;2023;5.967;;;Repository: ILO-STATISTICS - Micro data processing
Luxembourg;LFS - EU Labour Force Survey;Share of youth not in employment, education or training (NEET) by sex (%);Female;2023;10.513;;;Repository: ILO-STATISTICS - Micro data processing
Luxembourg;LFS - EU Labour Force Survey;Share of youth not in employment, education or training (NEET) by sex (%);Total;2022;9.969;;;Repository: ILO-STATISTICS - Micro data processing
Luxembourg;LFS - EU Labour Force Survey;Share of youth not in employment, education or training (NEET) by sex (%);Male;2022;10.252;;;Repository: ILO-STATISTICS - Micro data processing
Luxembourg;LFS - EU Labour Force Survey;Share of youth not in employment, education or training (NEET) by sex (%);Female;2022;9.67;;;Repository: ILO-STATISTICS - Micro data processing
Luxembourg;LFS - EU Labour Force Survey;Share of youth not in employment, education or training (NEET) by sex (%);Total;2021;9.827;;;Repository: ILO-STATISTICS - Micro data processing
Luxembourg;LFS - EU Labour Force Survey;Share of youth not in employment, education or training (NEET) by sex (%);Male;2021;10.994;;;Repository: ILO-STATISTICS - Micro data processing
Luxembourg;LFS - EU Labour Force Survey;Share of youth not in employment, education or training (NEET) by sex (%);Female;2021;8.595;;;Repository: ILO-STATISTICS - Micro data processing
Luxembourg;LFS - EU Labour Force Survey;Share of youth not in employment, education or training (NEET) by sex (%);Total;2020;6.712;;;Repository: ILO-STATISTICS - Micro data processing
Luxembourg;LFS - EU Labour Force Survey;Share of youth not in employment, education or training (NEET) by sex (%);Male;2020;8.207;;;Repository: ILO-STATISTICS - Micro data processing
Luxembourg;LFS - EU Labour Force Survey;Share of youth not in employment, education or training (NEET) by sex (%);Female;2020;5.153;;;Repository: ILO-STATISTICS - Micro data processing
Luxembourg;LFS - EU Labour Force Survey;Share of youth not in employment, education or training (NEET) by sex (%);Total;2019;4.775;;;Repository: ILO-STATISTICS - Micro data processing
Luxembourg;LFS - EU Labour Force Survey;Share of youth not in employment, education or training (NEET) by sex (%);Male;2019;5.085;;;Repository: ILO-STATISTICS - Micro data processing
Luxembourg;LFS - EU Labour Force Survey;Share of youth not in employment, education or training (NEET) by sex (%);Female;2019;4.453;;;Repository: ILO-STATISTICS - Micro data processing
Luxembourg;LFS - EU Labour Force Survey;Share of youth not in employment, education or training (NEET) by sex (%);Total;2018;5.599;;;Repository: ILO-STATISTICS - Micro data processing
Luxembourg;LFS - EU Labour Force Survey;Share of youth not in employment, education or training (NEET) by sex (%);Male;2018;4.456;;;Repository: ILO-STATISTICS - Micro data processing
Luxembourg;LFS - EU Labour Force Survey;Share of youth not in employment, education or training (NEET) by sex (%);Female;2018;6.785;;;Repository: ILO-STATISTICS - Micro data processing
Luxembourg;LFS - EU Labour Force Survey;Share of youth not in employment, education or training (NEET) by sex (%);Total;2017;6.195;;;Repository: ILO-STATISTICS - Micro data processing
Luxembourg;LFS - EU Labour Force Survey;Share of youth not in employment, education or training (NEET) by sex (%);Male;2017;6.561;;;Repository: ILO-STATISTICS - Micro data processing
Luxembourg;LFS - EU Labour Force Survey;Share of youth not in employment, education or training (NEET) by sex (%);Female;2017;5.822;;;Repository: ILO-STATISTICS - Micro data processing
Luxembourg;LFS - EU Labour Force Survey;Share of youth not in employment, education or training (NEET) by sex (%);Total;2016;6.218;;;Repository: ILO-STATISTICS - Micro data processing
Luxembourg;LFS - EU Labour Force Survey;Share of youth not in employment, education or training (NEET) by sex (%);Male;2016;5.623;;;Repository: ILO-STATISTICS - Micro data processing
Luxembourg;LFS - EU Labour Force Survey;Share of youth not in employment, education or training (NEET) by sex (%);Female;2016;6.837;;;Repository: ILO-STATISTICS - Micro data processing
Luxembourg;LFS - EU Labour Force Survey;Share of youth not in employment, education or training (NEET) by sex (%);Total;2015;5.808;;;Repository: ILO-STATISTICS - Micro data processing
Luxembourg;LFS - EU Labour Force Survey;Share of youth not in employment, education or training (NEET) by sex (%);Male;2015;6.181;;;Repository: ILO-STATISTICS - Micro data processing
Luxembourg;LFS - EU Labour Force Survey;Share of youth not in employment, education or training (NEET) by sex (%);Female;2015;5.421;;;Repository: ILO-STATISTICS - Micro data processing
Latvia;LFS - EU Labour Force Survey;Share of youth not in employment, education or training (NEET) by sex (%);Total;2023;5.7;;;Repository: ILO-STATISTICS - Micro data processing
Latvia;LFS - EU Labour Force Survey;Share of youth not in employment, education or training (NEET) by sex (%);Male;2023;6.808;;;Repository: ILO-STATISTICS - Micro data processing
Latvia;LFS - EU Labour Force Survey;Share of youth not in employment, education or training (NEET) by sex (%);Female;2023;4.541;;;Repository: ILO-STATISTICS - Micro data processing
Latvia;LFS - EU Labour Force Survey;Share of youth not in employment, education or training (NEET) by sex (%);Total;2022;7.767;;;Repository: ILO-STATISTICS - Micro data processing
Latvia;LFS - EU Labour Force Survey;Share of youth not in employment, education or training (NEET) by sex (%);Male;2022;10.445;;;Repository: ILO-STATISTICS - Micro data processing
Latvia;LFS - EU Labour Force Survey;Share of youth not in employment, education or training (NEET) by sex (%);Female;2022;4.972;;;Repository: ILO-STATISTICS - Micro data processing
Latvia;LFS - EU Labour Force Survey;Share of youth not in employment, education or training (NEET) by sex (%);Total;2021;8.687;;;Repository: ILO-STATISTICS - Micro data processing
Latvia;LFS - EU Labour Force Survey;Share of youth not in employment, education or training (NEET) by sex (%);Male;2021;8.477;;;Repository: ILO-STATISTICS - Micro data processing
Latvia;LFS - EU Labour Force Survey;Share of youth not in employment, education or training (NEET) by sex (%);Female;2021;8.908;;;Repository: ILO-STATISTICS - Micro data processing
Latvia;LFS - EU Labour Force Survey;Share of youth not in employment, education or training (NEET) by sex (%);Total;2020;8.547;;;Repository: ILO-STATISTICS - Micro data processing
Latvia;LFS - EU Labour Force Survey;Share of youth not in employment, education or training (NEET) by sex (%);Male;2020;8.552;;;Repository: ILO-STATISTICS - Micro data processing
Latvia;LFS - EU Labour Force Survey;Share of youth not in employment, education or training (NEET) by sex (%);Female;2020;8.543;;;Repository: ILO-STATISTICS - Micro data processing
Latvia;LFS - EU Labour Force Survey;Share of youth not in employment, education or training (NEET) by sex (%);Total;2019;9.24;;;Repository: ILO-STATISTICS - Micro data processing
Latvia;LFS - EU Labour Force Survey;Share of youth not in employment, education or training (NEET) by sex (%);Male;2019;9.838;;;Repository: ILO-STATISTICS - Micro data processing
Latvia;LFS - EU Labour Force Survey;Share of youth not in employment, education or training (NEET) by sex (%);Female;2019;8.607;;;Repository: ILO-STATISTICS - Micro data processing
Latvia;LFS - EU Labour Force Survey;Share of youth not in employment, education or training (NEET) by sex (%);Total;2018;7.897;;;Repository: ILO-STATISTICS - Micro data processing
Latvia;LFS - EU Labour Force Survey;Share of youth not in employment, education or training (NEET) by sex (%);Male;2018;8.665;;;Repository: ILO-STATISTICS - Micro data processing
Latvia;LFS - EU Labour Force Survey;Share of youth not in employment, education or training (NEET) by sex (%);Female;2018;7.092;;;Repository: ILO-STATISTICS - Micro data processing
Latvia;LFS - EU Labour Force Survey;Share of youth not in employment, education or training (NEET) by sex (%);Total;2017;11.956;;;Repository: ILO-STATISTICS - Micro data processing
Latvia;LFS - EU Labour Force Survey;Share of youth not in employment, education or training (NEET) by sex (%);Male;2017;12.041;;;Repository: ILO-STATISTICS - Micro data processing
Latvia;LFS - EU Labour Force Survey;Share of youth not in employment, education or training (NEET) by sex (%);Female;2017;11.867;;;Repository: ILO-STATISTICS - Micro data processing
Latvia;LFS - EU Labour Force Survey;Share of youth not in employment, education or training (NEET) by sex (%);Total;2016;11.205;;;Repository: ILO-STATISTICS - Micro data processing
Latvia;LFS - EU Labour Force Survey;Share of youth not in employment, education or training (NEET) by sex (%);Male;2016;12.629;;;Repository: ILO-STATISTICS - Micro data processing
Latvia;LFS - EU Labour Force Survey;Share of youth not in employment, education or training (NEET) by sex (%);Female;2016;9.711;;;Repository: ILO-STATISTICS - Micro data processing
Latvia;LFS - EU Labour Force Survey;Share of youth not in employment, education or training (NEET) by sex (%);Total;2015;10.518;;;Repository: ILO-STATISTICS - Micro data processing
Latvia;LFS - EU Labour Force Survey;Share of youth not in employment, education or training (NEET) by sex (%);Male;2015;9.366;;;Repository: ILO-STATISTICS - Micro data processing
Latvia;LFS - EU Labour Force Survey;Share of youth not in employment, education or training (NEET) by sex (%);Female;2015;11.727;;;Repository: ILO-STATISTICS - Micro data processing
Macao, China;LFS - Employment Survey;Share of youth not in employment, education or training (NEET) by sex (%);Total;2016;4.96;;;Geographical coverage: Total national, excluding some areas | Population coverage: Excluding both institutional population and armed forces and/or conscripts | Age coverage - minimum age: 16 years old
Macao, China;LFS - Employment Survey;Share of youth not in employment, education or training (NEET) by sex (%);Male;2016;5.56;;;Geographical coverage: Total national, excluding some areas | Population coverage: Excluding both institutional population and armed forces and/or conscripts | Age coverage - minimum age: 16 years old
Macao, China;LFS - Employment Survey;Share of youth not in employment, education or training (NEET) by sex (%);Female;2016;4.32;;;Geographical coverage: Total national, excluding some areas | Population coverage: Excluding both institutional population and armed forces and/or conscripts | Age coverage - minimum age: 16 years old
Macao, China;LFS - Employment Survey;Share of youth not in employment, education or training (NEET) by sex (%);Total;2015;5.31;;;Geographical coverage: Total national, excluding some areas | Population coverage: Excluding both institutional population and armed forces and/or conscripts | Age coverage - minimum age: 16 years old
Macao, China;LFS - Employment Survey;Share of youth not in employment, education or training (NEET) by sex (%);Male;2015;5.25;;;Geographical coverage: Total national, excluding some areas | Population coverage: Excluding both institutional population and armed forces and/or conscripts | Age coverage - minimum age: 16 years old
Macao, China;LFS - Employment Survey;Share of youth not in employment, education or training (NEET) by sex (%);Female;2015;5.36;;;Geographical coverage: Total national, excluding some areas | Population coverage: Excluding both institutional population and armed forces and/or conscripts | Age coverage - minimum age: 16 years old
Republic of Moldova;LFS - Labour Force Survey;Share of youth not in employment, education or training (NEET) by sex (%);Total;2023;13.308;;;Repository: ILO-STATISTICS - Micro data processing
Republic of Moldova;LFS - Labour Force Survey;Share of youth not in employment, education or training (NEET) by sex (%);Male;2023;14.556;;;Repository: ILO-STATISTICS - Micro data processing
Republic of Moldova;LFS - Labour Force Survey;Share of youth not in employment, education or training (NEET) by sex (%);Female;2023;12.092;;;Repository: ILO-STATISTICS - Micro data processing
Republic of Moldova;LFS - Labour Force Survey;Share of youth not in employment, education or training (NEET) by sex (%);Total;2022;14.963;;;Repository: ILO-STATISTICS - Micro data processing
Republic of Moldova;LFS - Labour Force Survey;Share of youth not in employment, education or training (NEET) by sex (%);Male;2022;15.155;;;Repository: ILO-STATISTICS - Micro data processing
Republic of Moldova;LFS - Labour Force Survey;Share of youth not in employment, education or training (NEET) by sex (%);Female;2022;14.772;;;Repository: ILO-STATISTICS - Micro data processing
Republic of Moldova;LFS - Labour Force Survey;Share of youth not in employment, education or training (NEET) by sex (%);Total;2021;13.55;;;Repository: ILO-STATISTICS - Micro data processing
Republic of Moldova;LFS - Labour Force Survey;Share of youth not in employment, education or training (NEET) by sex (%);Male;2021;13.8;;;Repository: ILO-STATISTICS - Micro data processing
Republic of Moldova;LFS - Labour Force Survey;Share of youth not in employment, education or training (NEET) by sex (%);Female;2021;13.288;;;Repository: ILO-STATISTICS - Micro data processing
Republic of Moldova;LFS - Labour Force Survey;Share of youth not in employment, education or training (NEET) by sex (%);Total;2020;15.592;;;Repository: ILO-STATISTICS - Micro data processing
Republic of Moldova;LFS - Labour Force Survey;Share of youth not in employment, education or training (NEET) by sex (%);Male;2020;16.603;;;Repository: ILO-STATISTICS - Micro data processing
Republic of Moldova;LFS - Labour Force Survey;Share of youth not in employment, education or training (NEET) by sex (%);Female;2020;14.506;;;Repository: ILO-STATISTICS - Micro data processing
Republic of Moldova;LFS - Labour Force Survey;Share of youth not in employment, education or training (NEET) by sex (%);Total;2019;17.479;;;Repository: ILO-STATISTICS - Micro data processing
Republic of Moldova;LFS - Labour Force Survey;Share of youth not in employment, education or training (NEET) by sex (%);Male;2019;18.884;;;Repository: ILO-STATISTICS - Micro data processing
Republic of Moldova;LFS - Labour Force Survey;Share of youth not in employment, education or training (NEET) by sex (%);Female;2019;15.992;;;Repository: ILO-STATISTICS - Micro data processing
Republic of Moldova;LFS - Labour Force Survey;Share of youth not in employment, education or training (NEET) by sex (%);Total;2018;17.83;;;Repository: ILO-STATISTICS - Micro data processing
Republic of Moldova;LFS - Labour Force Survey;Share of youth not in employment, education or training (NEET) by sex (%);Male;2018;21.387;;;Repository: ILO-STATISTICS - Micro data processing
Republic of Moldova;LFS - Labour Force Survey;Share of youth not in employment, education or training (NEET) by sex (%);Female;2018;13.913;;;Repository: ILO-STATISTICS - Micro data processing
Republic of Moldova;LFS - Labour Force Survey;Share of youth not in employment, education or training (NEET) by sex (%);Total;2017;16.922;;;Repository: ILO-STATISTICS - Micro data processing
Republic of Moldova;LFS - Labour Force Survey;Share of youth not in employment, education or training (NEET) by sex (%);Male;2017;18.356;;;Repository: ILO-STATISTICS - Micro data processing
Republic of Moldova;LFS - Labour Force Survey;Share of youth not in employment, education or training (NEET) by sex (%);Female;2017;15.31;;;Repository: ILO-STATISTICS - Micro data processing
Republic of Moldova;LFS - Labour Force Survey;Share of youth not in employment, education or training (NEET) by sex (%);Total;2016;16.272;;;Repository: ILO-STATISTICS - Micro data processing
Republic of Moldova;LFS - Labour Force Survey;Share of youth not in employment, education or training (NEET) by sex (%);Male;2016;19.674;;;Repository: ILO-STATISTICS - Micro data processing
Republic of Moldova;LFS - Labour Force Survey;Share of youth not in employment, education or training (NEET) by sex (%);Female;2016;12.49;;;Repository: ILO-STATISTICS - Micro data processing
Republic of Moldova;LFS - Labour Force Survey;Share of youth not in employment, education or training (NEET) by sex (%);Total;2015;15.768;;;Repository: ILO-STATISTICS - Micro data processing
Republic of Moldova;LFS - Labour Force Survey;Share of youth not in employment, education or training (NEET) by sex (%);Male;2015;18.488;;;Repository: ILO-STATISTICS - Micro data processing
Republic of Moldova;LFS - Labour Force Survey;Share of youth not in employment, education or training (NEET) by sex (%);Female;2015;12.787;;;Repository: ILO-STATISTICS - Micro data processing
Madagascar;HS - Periodic Household Survey;Share of youth not in employment, education or training (NEET) by sex (%);Total;2022;24.327;Break in series;Break in series: Methodology revised;Repository: ILO-STATISTICS - Micro data processing
Madagascar;HS - Periodic Household Survey;Share of youth not in employment, education or training (NEET) by sex (%);Male;2022;18.442;Break in series;Break in series: Methodology revised;Repository: ILO-STATISTICS - Micro data processing
Madagascar;HS - Periodic Household Survey;Share of youth not in employment, education or training (NEET) by sex (%);Female;2022;29.998;Break in series;Break in series: Methodology revised;Repository: ILO-STATISTICS - Micro data processing
Maldives;HIES - Household Income and Expenditure Survey;Share of youth not in employment, education or training (NEET) by sex (%);Total;2019;26.27;;;Repository: ILO-STATISTICS - Micro data processing
Maldives;HIES - Household Income and Expenditure Survey;Share of youth not in employment, education or training (NEET) by sex (%);Male;2019;24.072;;;Repository: ILO-STATISTICS - Micro data processing
Maldives;HIES - Household Income and Expenditure Survey;Share of youth not in employment, education or training (NEET) by sex (%);Female;2019;28.506;;;Repository: ILO-STATISTICS - Micro data processing
Maldives;HIES - Household Income and Expenditure Survey;Share of youth not in employment, education or training (NEET) by sex (%);Total;2016;24.338;Break in series;Break in series: Methodology revised;Repository: ILO-STATISTICS - Micro data processing
Maldives;HIES - Household Income and Expenditure Survey;Share of youth not in employment, education or training (NEET) by sex (%);Male;2016;22.457;Break in series;Break in series: Methodology revised;Repository: ILO-STATISTICS - Micro data processing
Maldives;HIES - Household Income and Expenditure Survey;Share of youth not in employment, education or training (NEET) by sex (%);Female;2016;26.081;Break in series;Break in series: Methodology revised;Repository: ILO-STATISTICS - Micro data processing
Mexico;LFS - National Occupation and Employment Survey;Share of youth not in employment, education or training (NEET) by sex (%);Total;2023;15.913;;;Repository: ILO-STATISTICS - Micro data processing
Mexico;LFS - National Occupation and Employment Survey;Share of youth not in employment, education or training (NEET) by sex (%);Male;2023;7.945;;;Repository: ILO-STATISTICS - Micro data processing
Mexico;LFS - National Occupation and Employment Survey;Share of youth not in employment, education or training (NEET) by sex (%);Female;2023;23.808;;;Repository: ILO-STATISTICS - Micro data processing
Mexico;LFS - National Occupation and Employment Survey;Share of youth not in employment, education or training (NEET) by sex (%);Total;2022;16.824;;;Repository: ILO-STATISTICS - Micro data processing
Mexico;LFS - National Occupation and Employment Survey;Share of youth not in employment, education or training (NEET) by sex (%);Male;2022;8.616;;;Repository: ILO-STATISTICS - Micro data processing
Mexico;LFS - National Occupation and Employment Survey;Share of youth not in employment, education or training (NEET) by sex (%);Female;2022;24.951;;;Repository: ILO-STATISTICS - Micro data processing
Mexico;LFS - National Occupation and Employment Survey;Share of youth not in employment, education or training (NEET) by sex (%);Total;2021;17.918;;;Repository: ILO-STATISTICS - Micro data processing
Mexico;LFS - National Occupation and Employment Survey;Share of youth not in employment, education or training (NEET) by sex (%);Male;2021;9.447;;;Repository: ILO-STATISTICS - Micro data processing
Mexico;LFS - National Occupation and Employment Survey;Share of youth not in employment, education or training (NEET) by sex (%);Female;2021;26.564;;;Repository: ILO-STATISTICS - Micro data processing
Mexico;LFS - National Occupation and Employment Survey;Share of youth not in employment, education or training (NEET) by sex (%);Total;2020;20.052;Break in series;Break in series: Methodology revised;Repository: ILO-STATISTICS - Micro data processing
Mexico;LFS - National Occupation and Employment Survey;Share of youth not in employment, education or training (NEET) by sex (%);Male;2020;11.302;Break in series;Break in series: Methodology revised;Repository: ILO-STATISTICS - Micro data processing
Mexico;LFS - National Occupation and Employment Survey;Share of youth not in employment, education or training (NEET) by sex (%);Female;2020;28.896;Break in series;Break in series: Methodology revised;Repository: ILO-STATISTICS - Micro data processing
Mexico;LFS - National Occupation and Employment Survey;Share of youth not in employment, education or training (NEET) by sex (%);Total;2019;18.299;;;Repository: ILO-STATISTICS - Micro data processing
Mexico;LFS - National Occupation and Employment Survey;Share of youth not in employment, education or training (NEET) by sex (%);Male;2019;8.883;;;Repository: ILO-STATISTICS - Micro data processing
Mexico;LFS - National Occupation and Employment Survey;Share of youth not in employment, education or training (NEET) by sex (%);Female;2019;27.713;;;Repository: ILO-STATISTICS - Micro data processing
Mexico;LFS - National Occupation and Employment Survey;Share of youth not in employment, education or training (NEET) by sex (%);Total;2018;18.412;;;Repository: ILO-STATISTICS - Micro data processing
Mexico;LFS - National Occupation and Employment Survey;Share of youth not in employment, education or training (NEET) by sex (%);Male;2018;8.297;;;Repository: ILO-STATISTICS - Micro data processing
Mexico;LFS - National Occupation and Employment Survey;Share of youth not in employment, education or training (NEET) by sex (%);Female;2018;28.58;;;Repository: ILO-STATISTICS - Micro data processing
Mexico;LFS - National Occupation and Employment Survey;Share of youth not in employment, education or training (NEET) by sex (%);Total;2017;18.701;;;Repository: ILO-STATISTICS - Micro data processing
Mexico;LFS - National Occupation and Employment Survey;Share of youth not in employment, education or training (NEET) by sex (%);Male;2017;8.081;;;Repository: ILO-STATISTICS - Micro data processing
Mexico;LFS - National Occupation and Employment Survey;Share of youth not in employment, education or training (NEET) by sex (%);Female;2017;29.374;;;Repository: ILO-STATISTICS - Micro data processing
Mexico;LFS - National Occupation and Employment Survey;Share of youth not in employment, education or training (NEET) by sex (%);Total;2016;19.498;;;Repository: ILO-STATISTICS - Micro data processing
Mexico;LFS - National Occupation and Employment Survey;Share of youth not in employment, education or training (NEET) by sex (%);Male;2016;8.581;;;Repository: ILO-STATISTICS - Micro data processing
Mexico;LFS - National Occupation and Employment Survey;Share of youth not in employment, education or training (NEET) by sex (%);Female;2016;30.451;;;Repository: ILO-STATISTICS - Micro data processing
Mexico;LFS - National Occupation and Employment Survey;Share of youth not in employment, education or training (NEET) by sex (%);Total;2015;19.716;;;Repository: ILO-STATISTICS - Micro data processing
Mexico;LFS - National Occupation and Employment Survey;Share of youth not in employment, education or training (NEET) by sex (%);Male;2015;8.795;;;Repository: ILO-STATISTICS - Micro data processing
Mexico;LFS - National Occupation and Employment Survey;Share of youth not in employment, education or training (NEET) by sex (%);Female;2015;30.733;;;Repository: ILO-STATISTICS - Micro data processing
Marshall Islands;PC - Population Census;Share of youth not in employment, education or training (NEET) by sex (%);Total;2021;39.972;Break in series;Break in series: Methodology revised;Repository: ILO-STATISTICS - Micro data processing
Marshall Islands;PC - Population Census;Share of youth not in employment, education or training (NEET) by sex (%);Male;2021;38.075;Break in series;Break in series: Methodology revised;Repository: ILO-STATISTICS - Micro data processing
Marshall Islands;PC - Population Census;Share of youth not in employment, education or training (NEET) by sex (%);Female;2021;42.019;Break in series;Break in series: Methodology revised;Repository: ILO-STATISTICS - Micro data processing
Marshall Islands;HIES - Household Income and Expenditure Survey;Share of youth not in employment, education or training (NEET) by sex (%);Total;2019;42.941;;;Repository: ILO-STATISTICS - Micro data processing
Marshall Islands;HIES - Household Income and Expenditure Survey;Share of youth not in employment, education or training (NEET) by sex (%);Male;2019;39.394;;;Repository: ILO-STATISTICS - Micro data processing
Marshall Islands;HIES - Household Income and Expenditure Survey;Share of youth not in employment, education or training (NEET) by sex (%);Female;2019;46.483;;;Repository: ILO-STATISTICS - Micro data processing
North Macedonia;LFS - Labour Force Survey;Share of youth not in employment, education or training (NEET) by sex (%);Total;2023;19.131;;;Repository: ILO-STATISTICS - Micro data processing
North Macedonia;LFS - Labour Force Survey;Share of youth not in employment, education or training (NEET) by sex (%);Male;2023;18.689;;;Repository: ILO-STATISTICS - Micro data processing
North Macedonia;LFS - Labour Force Survey;Share of youth not in employment, education or training (NEET) by sex (%);Female;2023;19.596;;;Repository: ILO-STATISTICS - Micro data processing
North Macedonia;LFS - Labour Force Survey;Share of youth not in employment, education or training (NEET) by sex (%);Total;2022;18.427;;;Repository: ILO-STATISTICS - Micro data processing
North Macedonia;LFS - Labour Force Survey;Share of youth not in employment, education or training (NEET) by sex (%);Male;2022;18.128;;;Repository: ILO-STATISTICS - Micro data processing
North Macedonia;LFS - Labour Force Survey;Share of youth not in employment, education or training (NEET) by sex (%);Female;2022;18.742;;;Repository: ILO-STATISTICS - Micro data processing
North Macedonia;LFS - Labour Force Survey;Share of youth not in employment, education or training (NEET) by sex (%);Total;2021;18.311;;;Repository: ILO-STATISTICS - Micro data processing
North Macedonia;LFS - Labour Force Survey;Share of youth not in employment, education or training (NEET) by sex (%);Male;2021;18.764;;;Repository: ILO-STATISTICS - Micro data processing
North Macedonia;LFS - Labour Force Survey;Share of youth not in employment, education or training (NEET) by sex (%);Female;2021;17.829;;;Repository: ILO-STATISTICS - Micro data processing
North Macedonia;LFS - Labour Force Survey;Share of youth not in employment, education or training (NEET) by sex (%);Total;2020;19.844;;;Repository: ILO-STATISTICS - Micro data processing
North Macedonia;LFS - Labour Force Survey;Share of youth not in employment, education or training (NEET) by sex (%);Male;2020;19.736;;;Repository: ILO-STATISTICS - Micro data processing
North Macedonia;LFS - Labour Force Survey;Share of youth not in employment, education or training (NEET) by sex (%);Female;2020;19.959;;;Repository: ILO-STATISTICS - Micro data processing
North Macedonia;LFS - Labour Force Survey;Share of youth not in employment, education or training (NEET) by sex (%);Total;2019;18.669;;;Repository: ILO-STATISTICS - Micro data processing
North Macedonia;LFS - Labour Force Survey;Share of youth not in employment, education or training (NEET) by sex (%);Male;2019;17.683;;;Repository: ILO-STATISTICS - Micro data processing
North Macedonia;LFS - Labour Force Survey;Share of youth not in employment, education or training (NEET) by sex (%);Female;2019;19.72;;;Repository: ILO-STATISTICS - Micro data processing
North Macedonia;LFS - Labour Force Survey;Share of youth not in employment, education or training (NEET) by sex (%);Total;2018;24.496;;;Repository: ILO-STATISTICS - Micro data processing
North Macedonia;LFS - Labour Force Survey;Share of youth not in employment, education or training (NEET) by sex (%);Male;2018;23.548;;;Repository: ILO-STATISTICS - Micro data processing
North Macedonia;LFS - Labour Force Survey;Share of youth not in employment, education or training (NEET) by sex (%);Female;2018;25.504;;;Repository: ILO-STATISTICS - Micro data processing
North Macedonia;LFS - Labour Force Survey;Share of youth not in employment, education or training (NEET) by sex (%);Total;2017;25.344;;;Repository: ILO-STATISTICS - Micro data processing
North Macedonia;LFS - Labour Force Survey;Share of youth not in employment, education or training (NEET) by sex (%);Male;2017;24.142;;;Repository: ILO-STATISTICS - Micro data processing
North Macedonia;LFS - Labour Force Survey;Share of youth not in employment, education or training (NEET) by sex (%);Female;2017;26.62;;;Repository: ILO-STATISTICS - Micro data processing
North Macedonia;LFS - Labour Force Survey;Share of youth not in employment, education or training (NEET) by sex (%);Total;2016;24.807;;;Repository: ILO-STATISTICS - Micro data processing
North Macedonia;LFS - Labour Force Survey;Share of youth not in employment, education or training (NEET) by sex (%);Male;2016;24.18;;;Repository: ILO-STATISTICS - Micro data processing
North Macedonia;LFS - Labour Force Survey;Share of youth not in employment, education or training (NEET) by sex (%);Female;2016;25.471;;;Repository: ILO-STATISTICS - Micro data processing
North Macedonia;LFS - Labour Force Survey;Share of youth not in employment, education or training (NEET) by sex (%);Total;2015;24.907;;;Repository: ILO-STATISTICS - Micro data processing
North Macedonia;LFS - Labour Force Survey;Share of youth not in employment, education or training (NEET) by sex (%);Male;2015;24.809;;;Repository: ILO-STATISTICS - Micro data processing
North Macedonia;LFS - Labour Force Survey;Share of youth not in employment, education or training (NEET) by sex (%);Female;2015;25.01;;;Repository: ILO-STATISTICS - Micro data processing
Mali;HIES - Harmonized Survey on Household Living Conditions;Share of youth not in employment, education or training (NEET) by sex (%);Total;2022;26.671;;;Repository: ILO-STATISTICS - Micro data processing
Mali;HIES - Harmonized Survey on Household Living Conditions;Share of youth not in employment, education or training (NEET) by sex (%);Male;2022;13.711;;;Repository: ILO-STATISTICS - Micro data processing
Mali;HIES - Harmonized Survey on Household Living Conditions;Share of youth not in employment, education or training (NEET) by sex (%);Female;2022;39.589;;;Repository: ILO-STATISTICS - Micro data processing
Mali;LFS - Continous Household Employment Survey;Share of youth not in employment, education or training (NEET) by sex (%);Total;2020;30.862;;;Repository: ILO-STATISTICS - Micro data processing
Mali;LFS - Continous Household Employment Survey;Share of youth not in employment, education or training (NEET) by sex (%);Male;2020;15.21;;;Repository: ILO-STATISTICS - Micro data processing
Mali;LFS - Continous Household Employment Survey;Share of youth not in employment, education or training (NEET) by sex (%);Female;2020;43.316;;;Repository: ILO-STATISTICS - Micro data processing
Mali;HIES - Harmonized Survey on Household Living Conditions;Share of youth not in employment, education or training (NEET) by sex (%);Total;2019;30.802;;;Repository: ILO-STATISTICS - Micro data processing
Mali;HIES - Harmonized Survey on Household Living Conditions;Share of youth not in employment, education or training (NEET) by sex (%);Male;2019;17.202;;;Repository: ILO-STATISTICS - Micro data processing
Mali;HIES - Harmonized Survey on Household Living Conditions;Share of youth not in employment, education or training (NEET) by sex (%);Female;2019;43.479;;;Repository: ILO-STATISTICS - Micro data processing
Mali;LFS - Continous Household Employment Survey;Share of youth not in employment, education or training (NEET) by sex (%);Total;2018;26.716;;;Repository: ILO-STATISTICS - Micro data processing
Mali;LFS - Continous Household Employment Survey;Share of youth not in employment, education or training (NEET) by sex (%);Male;2018;14.971;;;Repository: ILO-STATISTICS - Micro data processing
Mali;LFS - Continous Household Employment Survey;Share of youth not in employment, education or training (NEET) by sex (%);Female;2018;36.851;;;Repository: ILO-STATISTICS - Micro data processing
Mali;LFS - Continous Household Employment Survey;Share of youth not in employment, education or training (NEET) by sex (%);Total;2017;28.556;;;Repository: ILO-STATISTICS - Micro data processing
Mali;LFS - Continous Household Employment Survey;Share of youth not in employment, education or training (NEET) by sex (%);Male;2017;17.217;;;Repository: ILO-STATISTICS - Micro data processing
Mali;LFS - Continous Household Employment Survey;Share of youth not in employment, education or training (NEET) by sex (%);Female;2017;38.179;;;Repository: ILO-STATISTICS - Micro data processing
Mali;LFS - Continous Household Employment Survey;Share of youth not in employment, education or training (NEET) by sex (%);Total;2016;33.977;;;Repository: ILO-STATISTICS - Micro data processing
Mali;LFS - Continous Household Employment Survey;Share of youth not in employment, education or training (NEET) by sex (%);Male;2016;21.881;;;Repository: ILO-STATISTICS - Micro data processing
Mali;LFS - Continous Household Employment Survey;Share of youth not in employment, education or training (NEET) by sex (%);Female;2016;43.422;;;Repository: ILO-STATISTICS - Micro data processing
Mali;LFS - Continous Household Employment Survey;Share of youth not in employment, education or training (NEET) by sex (%);Total;2015;24.945;;;Repository: ILO-STATISTICS - Micro data processing
Mali;LFS - Continous Household Employment Survey;Share of youth not in employment, education or training (NEET) by sex (%);Male;2015;14.896;;;Repository: ILO-STATISTICS - Micro data processing
Mali;LFS - Continous Household Employment Survey;Share of youth not in employment, education or training (NEET) by sex (%);Female;2015;33.833;;;Repository: ILO-STATISTICS - Micro data processing
Malta;LFS - Labour Force Survey;Share of youth not in employment, education or training (NEET) by sex (%);Total;2023;7.882;;;Repository: ILO-STATISTICS - Micro data processing
Malta;LFS - Labour Force Survey;Share of youth not in employment, education or training (NEET) by sex (%);Male;2023;8.006;;;Repository: ILO-STATISTICS - Micro data processing
Malta;LFS - Labour Force Survey;Share of youth not in employment, education or training (NEET) by sex (%);Female;2023;7.738;;;Repository: ILO-STATISTICS - Micro data processing
Malta;LFS - Labour Force Survey;Share of youth not in employment, education or training (NEET) by sex (%);Total;2022;6.177;;;Repository: ILO-STATISTICS - Micro data processing
Malta;LFS - Labour Force Survey;Share of youth not in employment, education or training (NEET) by sex (%);Male;2022;6.097;;;Repository: ILO-STATISTICS - Micro data processing
Malta;LFS - Labour Force Survey;Share of youth not in employment, education or training (NEET) by sex (%);Female;2022;6.269;;;Repository: ILO-STATISTICS - Micro data processing
Malta;LFS - Labour Force Survey;Share of youth not in employment, education or training (NEET) by sex (%);Total;2021;11.61;;;Repository: ILO-STATISTICS - Micro data processing
Malta;LFS - Labour Force Survey;Share of youth not in employment, education or training (NEET) by sex (%);Male;2021;11.506;;;Repository: ILO-STATISTICS - Micro data processing
Malta;LFS - Labour Force Survey;Share of youth not in employment, education or training (NEET) by sex (%);Female;2021;11.731;;;Repository: ILO-STATISTICS - Micro data processing
Malta;LFS - Labour Force Survey;Share of youth not in employment, education or training (NEET) by sex (%);Total;2020;9.638;;;Repository: ILO-STATISTICS - Micro data processing
Malta;LFS - Labour Force Survey;Share of youth not in employment, education or training (NEET) by sex (%);Male;2020;11.003;;;Repository: ILO-STATISTICS - Micro data processing
Malta;LFS - Labour Force Survey;Share of youth not in employment, education or training (NEET) by sex (%);Female;2020;8.032;;;Repository: ILO-STATISTICS - Micro data processing
Malta;LFS - Labour Force Survey;Share of youth not in employment, education or training (NEET) by sex (%);Total;2019;9.113;;;Repository: ILO-STATISTICS - Micro data processing
Malta;LFS - Labour Force Survey;Share of youth not in employment, education or training (NEET) by sex (%);Male;2019;8.358;;;Repository: ILO-STATISTICS - Micro data processing
Malta;LFS - Labour Force Survey;Share of youth not in employment, education or training (NEET) by sex (%);Female;2019;9.997;;;Repository: ILO-STATISTICS - Micro data processing
Malta;LFS - Labour Force Survey;Share of youth not in employment, education or training (NEET) by sex (%);Total;2018;7.365;;;Repository: ILO-STATISTICS - Micro data processing
Malta;LFS - Labour Force Survey;Share of youth not in employment, education or training (NEET) by sex (%);Male;2018;6.901;;;Repository: ILO-STATISTICS - Micro data processing
Malta;LFS - Labour Force Survey;Share of youth not in employment, education or training (NEET) by sex (%);Female;2018;7.899;;;Repository: ILO-STATISTICS - Micro data processing
Malta;LFS - Labour Force Survey;Share of youth not in employment, education or training (NEET) by sex (%);Total;2017;8.585;;;Repository: ILO-STATISTICS - Micro data processing
Malta;LFS - Labour Force Survey;Share of youth not in employment, education or training (NEET) by sex (%);Male;2017;8.414;;;Repository: ILO-STATISTICS - Micro data processing
Malta;LFS - Labour Force Survey;Share of youth not in employment, education or training (NEET) by sex (%);Female;2017;8.77;;;Repository: ILO-STATISTICS - Micro data processing
Malta;LFS - Labour Force Survey;Share of youth not in employment, education or training (NEET) by sex (%);Total;2016;8.758;;;Repository: ILO-STATISTICS - Micro data processing
Malta;LFS - Labour Force Survey;Share of youth not in employment, education or training (NEET) by sex (%);Male;2016;6.855;;;Repository: ILO-STATISTICS - Micro data processing
Malta;LFS - Labour Force Survey;Share of youth not in employment, education or training (NEET) by sex (%);Female;2016;10.802;;;Repository: ILO-STATISTICS - Micro data processing
Malta;LFS - Labour Force Survey;Share of youth not in employment, education or training (NEET) by sex (%);Total;2015;10.538;;;Repository: ILO-STATISTICS - Micro data processing
Malta;LFS - Labour Force Survey;Share of youth not in employment, education or training (NEET) by sex (%);Male;2015;9.298;;;Repository: ILO-STATISTICS - Micro data processing
Malta;LFS - Labour Force Survey;Share of youth not in employment, education or training (NEET) by sex (%);Female;2015;11.871;;;Repository: ILO-STATISTICS - Micro data processing
Myanmar;LFS - Labour Force Survey;Share of youth not in employment, education or training (NEET) by sex (%);Total;2020;15.02;;;Repository: ILO-STATISTICS - Micro data processing | Data reference period: First semester
Myanmar;LFS - Labour Force Survey;Share of youth not in employment, education or training (NEET) by sex (%);Male;2020;8.884;;;Repository: ILO-STATISTICS - Micro data processing | Data reference period: First semester
Myanmar;LFS - Labour Force Survey;Share of youth not in employment, education or training (NEET) by sex (%);Female;2020;20.72;;;Repository: ILO-STATISTICS - Micro data processing | Data reference period: First semester
Myanmar;LFS - Labour Force Survey;Share of youth not in employment, education or training (NEET) by sex (%);Total;2019;13.782;;;Repository: ILO-STATISTICS - Micro data processing
Myanmar;LFS - Labour Force Survey;Share of youth not in employment, education or training (NEET) by sex (%);Male;2019;7.79;;;Repository: ILO-STATISTICS - Micro data processing
Myanmar;LFS - Labour Force Survey;Share of youth not in employment, education or training (NEET) by sex (%);Female;2019;19.32;;;Repository: ILO-STATISTICS - Micro data processing
Myanmar;LFS - Labour Force Survey;Share of youth not in employment, education or training (NEET) by sex (%);Total;2018;12.786;;;Repository: ILO-STATISTICS - Micro data processing
Myanmar;LFS - Labour Force Survey;Share of youth not in employment, education or training (NEET) by sex (%);Male;2018;7.266;;;Repository: ILO-STATISTICS - Micro data processing
Myanmar;LFS - Labour Force Survey;Share of youth not in employment, education or training (NEET) by sex (%);Female;2018;17.893;;;Repository: ILO-STATISTICS - Micro data processing
Myanmar;LFS - Labour Force Survey;Share of youth not in employment, education or training (NEET) by sex (%);Total;2017;16.586;Break in series;Break in series: Methodology revised;Repository: ILO-STATISTICS - Micro data processing
Myanmar;LFS - Labour Force Survey;Share of youth not in employment, education or training (NEET) by sex (%);Male;2017;9.67;Break in series;Break in series: Methodology revised;Repository: ILO-STATISTICS - Micro data processing
Myanmar;LFS - Labour Force Survey;Share of youth not in employment, education or training (NEET) by sex (%);Female;2017;22.893;Break in series;Break in series: Methodology revised;Repository: ILO-STATISTICS - Micro data processing
Myanmar;LFS - Labour Force Survey;Share of youth not in employment, education or training (NEET) by sex (%);Total;2015;18.62;Break in series;Break in series: Methodology revised;Repository: ILO-STATISTICS - Micro data processing
Myanmar;LFS - Labour Force Survey;Share of youth not in employment, education or training (NEET) by sex (%);Male;2015;11.19;Break in series;Break in series: Methodology revised;Repository: ILO-STATISTICS - Micro data processing
Myanmar;LFS - Labour Force Survey;Share of youth not in employment, education or training (NEET) by sex (%);Female;2015;25.221;Break in series;Break in series: Methodology revised;Repository: ILO-STATISTICS - Micro data processing
Montenegro;LFS - Labour Force Survey;Share of youth not in employment, education or training (NEET) by sex (%);Total;2023;17.621;;;Repository: ILO-STATISTICS - Micro data processing
Montenegro;LFS - Labour Force Survey;Share of youth not in employment, education or training (NEET) by sex (%);Male;2023;17.533;;;Repository: ILO-STATISTICS - Micro data processing
Montenegro;LFS - Labour Force Survey;Share of youth not in employment, education or training (NEET) by sex (%);Female;2023;17.717;;;Repository: ILO-STATISTICS - Micro data processing
Montenegro;LFS - Labour Force Survey;Share of youth not in employment, education or training (NEET) by sex (%);Total;2022;20.133;;;Repository: ILO-STATISTICS - Micro data processing
Montenegro;LFS - Labour Force Survey;Share of youth not in employment, education or training (NEET) by sex (%);Male;2022;21.735;;;Repository: ILO-STATISTICS - Micro data processing
Montenegro;LFS - Labour Force Survey;Share of youth not in employment, education or training (NEET) by sex (%);Female;2022;18.397;;;Repository: ILO-STATISTICS - Micro data processing
Montenegro;LFS - Labour Force Survey;Share of youth not in employment, education or training (NEET) by sex (%);Total;2021;20.657;;;Repository: ILO-STATISTICS - Micro data processing
Montenegro;LFS - Labour Force Survey;Share of youth not in employment, education or training (NEET) by sex (%);Male;2021;24.613;;;Repository: ILO-STATISTICS - Micro data processing
Montenegro;LFS - Labour Force Survey;Share of youth not in employment, education or training (NEET) by sex (%);Female;2021;16.425;;;Repository: ILO-STATISTICS - Micro data processing
Montenegro;LFS - Labour Force Survey;Share of youth not in employment, education or training (NEET) by sex (%);Total;2020;21.094;;;Repository: ILO-STATISTICS - Micro data processing
Montenegro;LFS - Labour Force Survey;Share of youth not in employment, education or training (NEET) by sex (%);Male;2020;21.507;;;Repository: ILO-STATISTICS - Micro data processing
Montenegro;LFS - Labour Force Survey;Share of youth not in employment, education or training (NEET) by sex (%);Female;2020;20.649;;;Repository: ILO-STATISTICS - Micro data processing
Montenegro;LFS - Labour Force Survey;Share of youth not in employment, education or training (NEET) by sex (%);Total;2019;17.344;;;Repository: ILO-STATISTICS - Micro data processing
Montenegro;LFS - Labour Force Survey;Share of youth not in employment, education or training (NEET) by sex (%);Male;2019;18.804;;;Repository: ILO-STATISTICS - Micro data processing
Montenegro;LFS - Labour Force Survey;Share of youth not in employment, education or training (NEET) by sex (%);Female;2019;15.772;;;Repository: ILO-STATISTICS - Micro data processing
Montenegro;LFS - Labour Force Survey;Share of youth not in employment, education or training (NEET) by sex (%);Total;2018;16.298;;;Repository: ILO-STATISTICS - Micro data processing
Montenegro;LFS - Labour Force Survey;Share of youth not in employment, education or training (NEET) by sex (%);Male;2018;18.68;;;Repository: ILO-STATISTICS - Micro data processing
Montenegro;LFS - Labour Force Survey;Share of youth not in employment, education or training (NEET) by sex (%);Female;2018;13.736;;;Repository: ILO-STATISTICS - Micro data processing
Montenegro;LFS - Labour Force Survey;Share of youth not in employment, education or training (NEET) by sex (%);Total;2017;16.687;;;Repository: ILO-STATISTICS - Micro data processing
Montenegro;LFS - Labour Force Survey;Share of youth not in employment, education or training (NEET) by sex (%);Male;2017;16.347;;;Repository: ILO-STATISTICS - Micro data processing
Montenegro;LFS - Labour Force Survey;Share of youth not in employment, education or training (NEET) by sex (%);Female;2017;17.052;;;Repository: ILO-STATISTICS - Micro data processing
Montenegro;LFS - Labour Force Survey;Share of youth not in employment, education or training (NEET) by sex (%);Total;2016;18.398;;;Repository: ILO-STATISTICS - Micro data processing
Montenegro;LFS - Labour Force Survey;Share of youth not in employment, education or training (NEET) by sex (%);Male;2016;18.745;;;Repository: ILO-STATISTICS - Micro data processing
Montenegro;LFS - Labour Force Survey;Share of youth not in employment, education or training (NEET) by sex (%);Female;2016;18.028;;;Repository: ILO-STATISTICS - Micro data processing
Montenegro;LFS - Labour Force Survey;Share of youth not in employment, education or training (NEET) by sex (%);Total;2015;19.154;;;Repository: ILO-STATISTICS - Micro data processing
Montenegro;LFS - Labour Force Survey;Share of youth not in employment, education or training (NEET) by sex (%);Male;2015;19.976;;;Repository: ILO-STATISTICS - Micro data processing
Montenegro;LFS - Labour Force Survey;Share of youth not in employment, education or training (NEET) by sex (%);Female;2015;18.276;;;Repository: ILO-STATISTICS - Micro data processing
Mongolia;LFS - Labour Force Survey;Share of youth not in employment, education or training (NEET) by sex (%);Total;2023;14.622;;;Repository: ILO-STATISTICS - Micro data processing
Mongolia;LFS - Labour Force Survey;Share of youth not in employment, education or training (NEET) by sex (%);Male;2023;13.358;;;Repository: ILO-STATISTICS - Micro data processing
Mongolia;LFS - Labour Force Survey;Share of youth not in employment, education or training (NEET) by sex (%);Female;2023;16.006;;;Repository: ILO-STATISTICS - Micro data processing
Mongolia;LFS - Labour Force Survey;Share of youth not in employment, education or training (NEET) by sex (%);Total;2022;15.318;;;Repository: ILO-STATISTICS - Micro data processing
Mongolia;LFS - Labour Force Survey;Share of youth not in employment, education or training (NEET) by sex (%);Male;2022;13.414;;;Repository: ILO-STATISTICS - Micro data processing
Mongolia;LFS - Labour Force Survey;Share of youth not in employment, education or training (NEET) by sex (%);Female;2022;17.356;;;Repository: ILO-STATISTICS - Micro data processing
Mongolia;LFS - Labour Force Survey;Share of youth not in employment, education or training (NEET) by sex (%);Total;2021;17.331;;;Repository: ILO-STATISTICS - Micro data processing
Mongolia;LFS - Labour Force Survey;Share of youth not in employment, education or training (NEET) by sex (%);Male;2021;16.238;;;Repository: ILO-STATISTICS - Micro data processing
Mongolia;LFS - Labour Force Survey;Share of youth not in employment, education or training (NEET) by sex (%);Female;2021;18.485;;;Repository: ILO-STATISTICS - Micro data processing
Mongolia;LFS - Labour Force Survey;Share of youth not in employment, education or training (NEET) by sex (%);Total;2020;19.173;;;Repository: ILO-STATISTICS - Micro data processing
Mongolia;LFS - Labour Force Survey;Share of youth not in employment, education or training (NEET) by sex (%);Male;2020;16.763;;;Repository: ILO-STATISTICS - Micro data processing
Mongolia;LFS - Labour Force Survey;Share of youth not in employment, education or training (NEET) by sex (%);Female;2020;21.716;;;Repository: ILO-STATISTICS - Micro data processing
Mongolia;LFS - Labour Force Survey;Share of youth not in employment, education or training (NEET) by sex (%);Total;2019;19.528;Break in series;Break in series: Methodology revised;Repository: ILO-STATISTICS - Micro data processing
Mongolia;LFS - Labour Force Survey;Share of youth not in employment, education or training (NEET) by sex (%);Male;2019;17.651;Break in series;Break in series: Methodology revised;Repository: ILO-STATISTICS - Micro data processing
Mongolia;LFS - Labour Force Survey;Share of youth not in employment, education or training (NEET) by sex (%);Female;2019;21.592;Break in series;Break in series: Methodology revised;Repository: ILO-STATISTICS - Micro data processing
Mongolia;LFS - Labour Force Survey;Share of youth not in employment, education or training (NEET) by sex (%);Total;2018;18.884;;;Repository: ILO-STATISTICS - Micro data processing
Mongolia;LFS - Labour Force Survey;Share of youth not in employment, education or training (NEET) by sex (%);Male;2018;16.287;;;Repository: ILO-STATISTICS - Micro data processing
Mongolia;LFS - Labour Force Survey;Share of youth not in employment, education or training (NEET) by sex (%);Female;2018;21.532;;;Repository: ILO-STATISTICS - Micro data processing
Mongolia;LFS - Labour Force Survey;Share of youth not in employment, education or training (NEET) by sex (%);Total;2017;19.822;;;Repository: ILO-STATISTICS - Micro data processing
Mongolia;LFS - Labour Force Survey;Share of youth not in employment, education or training (NEET) by sex (%);Male;2017;17.733;;;Repository: ILO-STATISTICS - Micro data processing
Mongolia;LFS - Labour Force Survey;Share of youth not in employment, education or training (NEET) by sex (%);Female;2017;22.076;;;Repository: ILO-STATISTICS - Micro data processing
Mongolia;LFS - Labour Force Survey;Share of youth not in employment, education or training (NEET) by sex (%);Total;2016;20.454;;;Repository: ILO-STATISTICS - Micro data processing
Mongolia;LFS - Labour Force Survey;Share of youth not in employment, education or training (NEET) by sex (%);Male;2016;18.684;;;Repository: ILO-STATISTICS - Micro data processing
Mongolia;LFS - Labour Force Survey;Share of youth not in employment, education or training (NEET) by sex (%);Female;2016;22.345;;;Repository: ILO-STATISTICS - Micro data processing
Mongolia;LFS - Labour Force Survey;Share of youth not in employment, education or training (NEET) by sex (%);Total;2015;16.806;;;Repository: ILO-STATISTICS - Micro data processing
Mongolia;LFS - Labour Force Survey;Share of youth not in employment, education or training (NEET) by sex (%);Male;2015;13.95;;;Repository: ILO-STATISTICS - Micro data processing
Mongolia;LFS - Labour Force Survey;Share of youth not in employment, education or training (NEET) by sex (%);Female;2015;19.793;;;Repository: ILO-STATISTICS - Micro data processing
Mozambique;HIES - Household Budget Survey;Share of youth not in employment, education or training (NEET) by sex (%);Total;2022;19.239;;;Repository: ILO-STATISTICS - Micro data processing
Mozambique;HIES - Household Budget Survey;Share of youth not in employment, education or training (NEET) by sex (%);Male;2022;15.848;;;Repository: ILO-STATISTICS - Micro data processing
Mozambique;HIES - Household Budget Survey;Share of youth not in employment, education or training (NEET) by sex (%);Female;2022;22.182;;;Repository: ILO-STATISTICS - Micro data processing
Mauritania;HIES - Living Standards Survey;Share of youth not in employment, education or training (NEET) by sex (%);Total;2019;44.085;;;Repository: ILO-STATISTICS - Micro data processing
Mauritania;HIES - Living Standards Survey;Share of youth not in employment, education or training (NEET) by sex (%);Male;2019;32.026;;;Repository: ILO-STATISTICS - Micro data processing
Mauritania;HIES - Living Standards Survey;Share of youth not in employment, education or training (NEET) by sex (%);Female;2019;54.847;;;Repository: ILO-STATISTICS - Micro data processing
Mauritania;LFS - National Reference Survey on Employment and Informal Sector;Share of youth not in employment, education or training (NEET) by sex (%);Total;2017;35.528;;;Repository: ILO-STATISTICS - Micro data processing | Age coverage - maximum age: 75 years old
Mauritania;LFS - National Reference Survey on Employment and Informal Sector;Share of youth not in employment, education or training (NEET) by sex (%);Male;2017;22.694;;;Repository: ILO-STATISTICS - Micro data processing | Age coverage - maximum age: 75 years old
Mauritania;LFS - National Reference Survey on Employment and Informal Sector;Share of youth not in employment, education or training (NEET) by sex (%);Female;2017;45.205;;;Repository: ILO-STATISTICS - Micro data processing | Age coverage - maximum age: 75 years old
Mauritius;LFS - Continuous Multi-Purpose Household Survey;Share of youth not in employment, education or training (NEET) by sex (%);Total;2023;17.37;;;Repository: ILO-STATISTICS - Micro data processing | Age coverage - minimum age: 16 years old
Mauritius;LFS - Continuous Multi-Purpose Household Survey;Share of youth not in employment, education or training (NEET) by sex (%);Male;2023;14.634;;;Repository: ILO-STATISTICS - Micro data processing | Age coverage - minimum age: 16 years old
Mauritius;LFS - Continuous Multi-Purpose Household Survey;Share of youth not in employment, education or training (NEET) by sex (%);Female;2023;20.152;;;Repository: ILO-STATISTICS - Micro data processing | Age coverage - minimum age: 16 years old
Mauritius;LFS - Continuous Multi-Purpose Household Survey;Share of youth not in employment, education or training (NEET) by sex (%);Total;2022;20.742;;;Repository: ILO-STATISTICS - Micro data processing | Age coverage - minimum age: 16 years old
Mauritius;LFS - Continuous Multi-Purpose Household Survey;Share of youth not in employment, education or training (NEET) by sex (%);Male;2022;18.702;;;Repository: ILO-STATISTICS - Micro data processing | Age coverage - minimum age: 16 years old
Mauritius;LFS - Continuous Multi-Purpose Household Survey;Share of youth not in employment, education or training (NEET) by sex (%);Female;2022;22.81;;;Repository: ILO-STATISTICS - Micro data processing | Age coverage - minimum age: 16 years old
Mauritius;LFS - Continuous Multi-Purpose Household Survey;Share of youth not in employment, education or training (NEET) by sex (%);Total;2021;31.211;;;Repository: ILO-STATISTICS - Micro data processing | Age coverage - minimum age: 16 years old
Mauritius;LFS - Continuous Multi-Purpose Household Survey;Share of youth not in employment, education or training (NEET) by sex (%);Male;2021;29.923;;;Repository: ILO-STATISTICS - Micro data processing | Age coverage - minimum age: 16 years old
Mauritius;LFS - Continuous Multi-Purpose Household Survey;Share of youth not in employment, education or training (NEET) by sex (%);Female;2021;32.513;;;Repository: ILO-STATISTICS - Micro data processing | Age coverage - minimum age: 16 years old
Mauritius;LFS - Continuous Multi-Purpose Household Survey;Share of youth not in employment, education or training (NEET) by sex (%);Total;2020;41.724;Break in series;Break in series: Methodology revised;Repository: ILO-STATISTICS - Micro data processing | Age coverage - minimum age: 16 years old | Age coverage - maximum age: 64 years old
Mauritius;LFS - Continuous Multi-Purpose Household Survey;Share of youth not in employment, education or training (NEET) by sex (%);Male;2020;36.145;Break in series;Break in series: Methodology revised;Repository: ILO-STATISTICS - Micro data processing | Age coverage - minimum age: 16 years old | Age coverage - maximum age: 64 years old
Mauritius;LFS - Continuous Multi-Purpose Household Survey;Share of youth not in employment, education or training (NEET) by sex (%);Female;2020;47.649;Break in series;Break in series: Methodology revised;Repository: ILO-STATISTICS - Micro data processing | Age coverage - minimum age: 16 years old | Age coverage - maximum age: 64 years old
Mauritius;LFS - Continuous Multi-Purpose Household Survey;Share of youth not in employment, education or training (NEET) by sex (%);Total;2019;18.078;;;Repository: ILO-STATISTICS - Micro data processing | Age coverage - minimum age: 16 years old
Mauritius;LFS - Continuous Multi-Purpose Household Survey;Share of youth not in employment, education or training (NEET) by sex (%);Male;2019;14.948;;;Repository: ILO-STATISTICS - Micro data processing | Age coverage - minimum age: 16 years old
Mauritius;LFS - Continuous Multi-Purpose Household Survey;Share of youth not in employment, education or training (NEET) by sex (%);Female;2019;21.249;;;Repository: ILO-STATISTICS - Micro data processing | Age coverage - minimum age: 16 years old
Mauritius;LFS - Continuous Multi-Purpose Household Survey;Share of youth not in employment, education or training (NEET) by sex (%);Total;2018;20.461;;;Repository: ILO-STATISTICS - Micro data processing | Age coverage - minimum age: 16 years old
Mauritius;LFS - Continuous Multi-Purpose Household Survey;Share of youth not in employment, education or training (NEET) by sex (%);Male;2018;17.053;;;Repository: ILO-STATISTICS - Micro data processing | Age coverage - minimum age: 16 years old
Mauritius;LFS - Continuous Multi-Purpose Household Survey;Share of youth not in employment, education or training (NEET) by sex (%);Female;2018;23.917;;;Repository: ILO-STATISTICS - Micro data processing | Age coverage - minimum age: 16 years old
Mauritius;LFS - Continuous Multi-Purpose Household Survey;Share of youth not in employment, education or training (NEET) by sex (%);Total;2017;19.939;;;Repository: ILO-STATISTICS - Micro data processing | Age coverage - minimum age: 16 years old
Mauritius;LFS - Continuous Multi-Purpose Household Survey;Share of youth not in employment, education or training (NEET) by sex (%);Male;2017;14.839;;;Repository: ILO-STATISTICS - Micro data processing | Age coverage - minimum age: 16 years old
Mauritius;LFS - Continuous Multi-Purpose Household Survey;Share of youth not in employment, education or training (NEET) by sex (%);Female;2017;25.096;;;Repository: ILO-STATISTICS - Micro data processing | Age coverage - minimum age: 16 years old
Mauritius;LFS - Continuous Multi-Purpose Household Survey;Share of youth not in employment, education or training (NEET) by sex (%);Total;2016;20.319;;;Repository: ILO-STATISTICS - Micro data processing | Age coverage - minimum age: 16 years old
Mauritius;LFS - Continuous Multi-Purpose Household Survey;Share of youth not in employment, education or training (NEET) by sex (%);Male;2016;15.091;;;Repository: ILO-STATISTICS - Micro data processing | Age coverage - minimum age: 16 years old
Mauritius;LFS - Continuous Multi-Purpose Household Survey;Share of youth not in employment, education or training (NEET) by sex (%);Female;2016;25.61;;;Repository: ILO-STATISTICS - Micro data processing | Age coverage - minimum age: 16 years old
Mauritius;LFS - Continuous Multi-Purpose Household Survey;Share of youth not in employment, education or training (NEET) by sex (%);Total;2015;20.087;;;Repository: ILO-STATISTICS - Micro data processing | Age coverage - minimum age: 16 years old
Mauritius;LFS - Continuous Multi-Purpose Household Survey;Share of youth not in employment, education or training (NEET) by sex (%);Male;2015;15.685;;;Repository: ILO-STATISTICS - Micro data processing | Age coverage - minimum age: 16 years old
Mauritius;LFS - Continuous Multi-Purpose Household Survey;Share of youth not in employment, education or training (NEET) by sex (%);Female;2015;24.541;;;Repository: ILO-STATISTICS - Micro data processing | Age coverage - minimum age: 16 years old
Malawi;HIES - Integrated Household Survey;Share of youth not in employment, education or training (NEET) by sex (%);Total;2020;19.41;;;Repository: ILO-STATISTICS - Micro data processing | Data reference period: Noncalendar year
Malawi;HIES - Integrated Household Survey;Share of youth not in employment, education or training (NEET) by sex (%);Male;2020;13.665;;;Repository: ILO-STATISTICS - Micro data processing | Data reference period: Noncalendar year
Malawi;HIES - Integrated Household Survey;Share of youth not in employment, education or training (NEET) by sex (%);Female;2020;24.887;;;Repository: ILO-STATISTICS - Micro data processing | Data reference period: Noncalendar year
Malawi;HIES - Integrated Household Survey;Share of youth not in employment, education or training (NEET) by sex (%);Total;2017;23.445;;;Repository: ILO-STATISTICS - Micro data processing | Data reference period: Noncalendar year
Malawi;HIES - Integrated Household Survey;Share of youth not in employment, education or training (NEET) by sex (%);Male;2017;16.809;;;Repository: ILO-STATISTICS - Micro data processing | Data reference period: Noncalendar year
Malawi;HIES - Integrated Household Survey;Share of youth not in employment, education or training (NEET) by sex (%);Female;2017;29.5;;;Repository: ILO-STATISTICS - Micro data processing | Data reference period: Noncalendar year
Malaysia;LFS - Labour Force Survey;Share of youth not in employment, education or training (NEET) by sex (%);Total;2022;10.22;;;Employment definition: Excluding own-use production workers
Malaysia;LFS - Labour Force Survey;Share of youth not in employment, education or training (NEET) by sex (%);Male;2022;9.91;;;Employment definition: Excluding own-use production workers
Malaysia;LFS - Labour Force Survey;Share of youth not in employment, education or training (NEET) by sex (%);Female;2022;10.57;;;Employment definition: Excluding own-use production workers
Malaysia;LFS - Labour Force Survey;Share of youth not in employment, education or training (NEET) by sex (%);Total;2021;9.25;;;Employment definition: Excluding own-use production workers
Malaysia;LFS - Labour Force Survey;Share of youth not in employment, education or training (NEET) by sex (%);Male;2021;7.09;;;Employment definition: Excluding own-use production workers
Malaysia;LFS - Labour Force Survey;Share of youth not in employment, education or training (NEET) by sex (%);Female;2021;11.61;;;Employment definition: Excluding own-use production workers
Malaysia;LFS - Labour Force Survey;Share of youth not in employment, education or training (NEET) by sex (%);Total;2020;13.63;;;Employment definition: Excluding own-use production workers
Malaysia;LFS - Labour Force Survey;Share of youth not in employment, education or training (NEET) by sex (%);Male;2020;12.6;;;Employment definition: Excluding own-use production workers
Malaysia;LFS - Labour Force Survey;Share of youth not in employment, education or training (NEET) by sex (%);Female;2020;14.75;;;Employment definition: Excluding own-use production workers
Malaysia;LFS - Labour Force Survey;Share of youth not in employment, education or training (NEET) by sex (%);Total;2019;11.41;;;Employment definition: Excluding own-use production workers
Malaysia;LFS - Labour Force Survey;Share of youth not in employment, education or training (NEET) by sex (%);Male;2019;8.1;;;Employment definition: Excluding own-use production workers
Malaysia;LFS - Labour Force Survey;Share of youth not in employment, education or training (NEET) by sex (%);Female;2019;15.04;;;Employment definition: Excluding own-use production workers
Malaysia;LFS - Labour Force Survey;Share of youth not in employment, education or training (NEET) by sex (%);Total;2018;12.47;;;Employment definition: Excluding own-use production workers
Malaysia;LFS - Labour Force Survey;Share of youth not in employment, education or training (NEET) by sex (%);Male;2018;9.14;;;Employment definition: Excluding own-use production workers
Malaysia;LFS - Labour Force Survey;Share of youth not in employment, education or training (NEET) by sex (%);Female;2018;16.08;;;Employment definition: Excluding own-use production workers
Malaysia;LFS - Labour Force Survey;Share of youth not in employment, education or training (NEET) by sex (%);Total;2017;11.8;;;Employment definition: Excluding own-use production workers
Malaysia;LFS - Labour Force Survey;Share of youth not in employment, education or training (NEET) by sex (%);Male;2017;8.8;;;Employment definition: Excluding own-use production workers
Malaysia;LFS - Labour Force Survey;Share of youth not in employment, education or training (NEET) by sex (%);Female;2017;15.09;;;Employment definition: Excluding own-use production workers
Malaysia;LFS - Labour Force Survey;Share of youth not in employment, education or training (NEET) by sex (%);Total;2016;11.69;;;Population coverage: Excluding institutional population
Malaysia;LFS - Labour Force Survey;Share of youth not in employment, education or training (NEET) by sex (%);Male;2016;8.42;;;Population coverage: Excluding institutional population
Malaysia;LFS - Labour Force Survey;Share of youth not in employment, education or training (NEET) by sex (%);Female;2016;15.25;;;Population coverage: Excluding institutional population
Namibia;LFS - Labour Force Survey;Share of youth not in employment, education or training (NEET) by sex (%);Total;2018;31.884;;;Repository: ILO-STATISTICS - Micro data processing
Namibia;LFS - Labour Force Survey;Share of youth not in employment, education or training (NEET) by sex (%);Male;2018;29.372;;;Repository: ILO-STATISTICS - Micro data processing
Namibia;LFS - Labour Force Survey;Share of youth not in employment, education or training (NEET) by sex (%);Female;2018;34.341;;;Repository: ILO-STATISTICS - Micro data processing
Namibia;LFS - Labour Force Survey;Share of youth not in employment, education or training (NEET) by sex (%);Total;2016;33.545;;;Repository: ILO-STATISTICS - Micro data processing
Namibia;LFS - Labour Force Survey;Share of youth not in employment, education or training (NEET) by sex (%);Male;2016;28.032;;;Repository: ILO-STATISTICS - Micro data processing
Namibia;LFS - Labour Force Survey;Share of youth not in employment, education or training (NEET) by sex (%);Female;2016;38.747;;;Repository: ILO-STATISTICS - Micro data processing
New Caledonia;LFS - Labour Force Survey;Share of youth not in employment, education or training (NEET) by sex (%);Total;2023;24.742;;;Repository: ILO-STATISTICS - Micro data processing
New Caledonia;LFS - Labour Force Survey;Share of youth not in employment, education or training (NEET) by sex (%);Male;2023;23.727;;;Repository: ILO-STATISTICS - Micro data processing
New Caledonia;LFS - Labour Force Survey;Share of youth not in employment, education or training (NEET) by sex (%);Female;2023;25.793;;;Repository: ILO-STATISTICS - Micro data processing
New Caledonia;LFS - Labour Force Survey;Share of youth not in employment, education or training (NEET) by sex (%);Total;2022;23.618;;;Repository: ILO-STATISTICS - Micro data processing
New Caledonia;LFS - Labour Force Survey;Share of youth not in employment, education or training (NEET) by sex (%);Male;2022;22.878;;;Repository: ILO-STATISTICS - Micro data processing
New Caledonia;LFS - Labour Force Survey;Share of youth not in employment, education or training (NEET) by sex (%);Female;2022;24.385;;;Repository: ILO-STATISTICS - Micro data processing
New Caledonia;LFS - Labour Force Survey;Share of youth not in employment, education or training (NEET) by sex (%);Total;2020;33.022;;;Repository: ILO-STATISTICS - Micro data processing
New Caledonia;LFS - Labour Force Survey;Share of youth not in employment, education or training (NEET) by sex (%);Male;2020;33.494;;;Repository: ILO-STATISTICS - Micro data processing
New Caledonia;LFS - Labour Force Survey;Share of youth not in employment, education or training (NEET) by sex (%);Female;2020;32.531;;;Repository: ILO-STATISTICS - Micro data processing
New Caledonia;LFS - Labour Force Survey;Share of youth not in employment, education or training (NEET) by sex (%);Total;2019;27.912;;;Repository: ILO-STATISTICS - Micro data processing
New Caledonia;LFS - Labour Force Survey;Share of youth not in employment, education or training (NEET) by sex (%);Male;2019;26.982;;;Repository: ILO-STATISTICS - Micro data processing
New Caledonia;LFS - Labour Force Survey;Share of youth not in employment, education or training (NEET) by sex (%);Female;2019;28.875;;;Repository: ILO-STATISTICS - Micro data processing
New Caledonia;LFS - Labour Force Survey;Share of youth not in employment, education or training (NEET) by sex (%);Total;2018;32.432;;;Repository: ILO-STATISTICS - Micro data processing
New Caledonia;LFS - Labour Force Survey;Share of youth not in employment, education or training (NEET) by sex (%);Male;2018;32.49;;;Repository: ILO-STATISTICS - Micro data processing
New Caledonia;LFS - Labour Force Survey;Share of youth not in employment, education or training (NEET) by sex (%);Female;2018;32.373;;;Repository: ILO-STATISTICS - Micro data processing
New Caledonia;LFS - Labour Force Survey;Share of youth not in employment, education or training (NEET) by sex (%);Total;2017;39.239;;;Repository: ILO-STATISTICS - Micro data processing
New Caledonia;LFS - Labour Force Survey;Share of youth not in employment, education or training (NEET) by sex (%);Male;2017;36.623;;;Repository: ILO-STATISTICS - Micro data processing
New Caledonia;LFS - Labour Force Survey;Share of youth not in employment, education or training (NEET) by sex (%);Female;2017;41.969;;;Repository: ILO-STATISTICS - Micro data processing
Niger;HIES - National Survey on Household Living Conditions;Share of youth not in employment, education or training (NEET) by sex (%);Total;2022;15.657;;;Repository: ILO-STATISTICS - Micro data processing
Niger;HIES - National Survey on Household Living Conditions;Share of youth not in employment, education or training (NEET) by sex (%);Male;2022;8.749;;;Repository: ILO-STATISTICS - Micro data processing
Niger;HIES - National Survey on Household Living Conditions;Share of youth not in employment, education or training (NEET) by sex (%);Female;2022;22.036;;;Repository: ILO-STATISTICS - Micro data processing
Niger;HIES - National Survey on Household Living Conditions;Share of youth not in employment, education or training (NEET) by sex (%);Total;2019;24.261;;;Repository: ILO-STATISTICS - Micro data processing
Niger;HIES - National Survey on Household Living Conditions;Share of youth not in employment, education or training (NEET) by sex (%);Male;2019;11.078;;;Repository: ILO-STATISTICS - Micro data processing
Niger;HIES - National Survey on Household Living Conditions;Share of youth not in employment, education or training (NEET) by sex (%);Female;2019;35.296;;;Repository: ILO-STATISTICS - Micro data processing
Niger;LFS - National Survey on Employment and the Informal Sector;Share of youth not in employment, education or training (NEET) by sex (%);Total;2017;68.658;Break in series;Break in series: Methodology revised;Repository: ILO-STATISTICS - Micro data processing
Niger;LFS - National Survey on Employment and the Informal Sector;Share of youth not in employment, education or training (NEET) by sex (%);Male;2017;56.938;Break in series;Break in series: Methodology revised;Repository: ILO-STATISTICS - Micro data processing
Niger;LFS - National Survey on Employment and the Informal Sector;Share of youth not in employment, education or training (NEET) by sex (%);Female;2017;77.205;Break in series;Break in series: Methodology revised;Repository: ILO-STATISTICS - Micro data processing
Nigeria;LFS - Unemployment, Under-employment Watch;Share of youth not in employment, education or training (NEET) by sex (%);Total;2023;11.723;Break in series;Break in series: Methodology revised;Repository: ILO-STATISTICS - Micro data processing
Nigeria;LFS - Unemployment, Under-employment Watch;Share of youth not in employment, education or training (NEET) by sex (%);Male;2023;8.52;Break in series;Break in series: Methodology revised;Repository: ILO-STATISTICS - Micro data processing
Nigeria;LFS - Unemployment, Under-employment Watch;Share of youth not in employment, education or training (NEET) by sex (%);Female;2023;14.973;Break in series;Break in series: Methodology revised;Repository: ILO-STATISTICS - Micro data processing
Nigeria;LFS - Unemployment, Under-employment Watch;Share of youth not in employment, education or training (NEET) by sex (%);Total;2022;13.86;;;Repository: ILO-STATISTICS - Micro data processing
Nigeria;LFS - Unemployment, Under-employment Watch;Share of youth not in employment, education or training (NEET) by sex (%);Male;2022;8.82;;;Repository: ILO-STATISTICS - Micro data processing
Nigeria;LFS - Unemployment, Under-employment Watch;Share of youth not in employment, education or training (NEET) by sex (%);Female;2022;18.922;;;Repository: ILO-STATISTICS - Micro data processing
Nigeria;HIES - Socio Economic Survey;Share of youth not in employment, education or training (NEET) by sex (%);Total;2019;28.131;Break in series;Break in series: Methodology revised;Repository: ILO-STATISTICS - Micro data processing
Nigeria;HIES - Socio Economic Survey;Share of youth not in employment, education or training (NEET) by sex (%);Male;2019;25.333;Break in series;Break in series: Methodology revised;Repository: ILO-STATISTICS - Micro data processing
Nigeria;HIES - Socio Economic Survey;Share of youth not in employment, education or training (NEET) by sex (%);Female;2019;30.989;Break in series;Break in series: Methodology revised;Repository: ILO-STATISTICS - Micro data processing
Nigeria;HS - General Household Survey;Share of youth not in employment, education or training (NEET) by sex (%);Total;2016;27.063;;;Repository: ILO-STATISTICS - Micro data processing
Nigeria;HS - General Household Survey;Share of youth not in employment, education or training (NEET) by sex (%);Male;2016;23.162;;;Repository: ILO-STATISTICS - Micro data processing
Nigeria;HS - General Household Survey;Share of youth not in employment, education or training (NEET) by sex (%);Female;2016;31.977;;;Repository: ILO-STATISTICS - Micro data processing
Niue;PC - Population Census;Share of youth not in employment, education or training (NEET) by sex (%);Total;2022;10.825;;;Repository: ILO-STATISTICS - Micro data processing
Niue;PC - Population Census;Share of youth not in employment, education or training (NEET) by sex (%);Male;2022;13.83;Unreliable;;Repository: ILO-STATISTICS - Micro data processing
Niue;PC - Population Census;Share of youth not in employment, education or training (NEET) by sex (%);Female;2022;8;Unreliable;;Repository: ILO-STATISTICS - Micro data processing
Niue;PC - Population Census;Share of youth not in employment, education or training (NEET) by sex (%);Total;2017;17.778;;;Repository: ILO-STATISTICS - Micro data processing
Niue;PC - Population Census;Share of youth not in employment, education or training (NEET) by sex (%);Male;2017;12.644;Unreliable;;Repository: ILO-STATISTICS - Micro data processing
Niue;PC - Population Census;Share of youth not in employment, education or training (NEET) by sex (%);Female;2017;22.581;;;Repository: ILO-STATISTICS - Micro data processing
Netherlands;LFS - EU Labour Force Survey;Share of youth not in employment, education or training (NEET) by sex (%);Total;2023;3.717;;;Repository: ILO-STATISTICS - Micro data processing
Netherlands;LFS - EU Labour Force Survey;Share of youth not in employment, education or training (NEET) by sex (%);Male;2023;3.517;;;Repository: ILO-STATISTICS - Micro data processing
Netherlands;LFS - EU Labour Force Survey;Share of youth not in employment, education or training (NEET) by sex (%);Female;2023;3.923;;;Repository: ILO-STATISTICS - Micro data processing
Netherlands;LFS - EU Labour Force Survey;Share of youth not in employment, education or training (NEET) by sex (%);Total;2022;3.259;;;Repository: ILO-STATISTICS - Micro data processing
Netherlands;LFS - EU Labour Force Survey;Share of youth not in employment, education or training (NEET) by sex (%);Male;2022;3.053;;;Repository: ILO-STATISTICS - Micro data processing
Netherlands;LFS - EU Labour Force Survey;Share of youth not in employment, education or training (NEET) by sex (%);Female;2022;3.472;;;Repository: ILO-STATISTICS - Micro data processing
Netherlands;LFS - EU Labour Force Survey;Share of youth not in employment, education or training (NEET) by sex (%);Total;2021;3.079;;;Repository: ILO-STATISTICS - Micro data processing
Netherlands;LFS - EU Labour Force Survey;Share of youth not in employment, education or training (NEET) by sex (%);Male;2021;3.439;;;Repository: ILO-STATISTICS - Micro data processing
Netherlands;LFS - EU Labour Force Survey;Share of youth not in employment, education or training (NEET) by sex (%);Female;2021;2.705;;;Repository: ILO-STATISTICS - Micro data processing
Netherlands;LFS - EU Labour Force Survey;Share of youth not in employment, education or training (NEET) by sex (%);Total;2020;4.673;;;Repository: ILO-STATISTICS - Micro data processing
Netherlands;LFS - EU Labour Force Survey;Share of youth not in employment, education or training (NEET) by sex (%);Male;2020;5.213;;;Repository: ILO-STATISTICS - Micro data processing
Netherlands;LFS - EU Labour Force Survey;Share of youth not in employment, education or training (NEET) by sex (%);Female;2020;4.113;;;Repository: ILO-STATISTICS - Micro data processing
Netherlands;LFS - EU Labour Force Survey;Share of youth not in employment, education or training (NEET) by sex (%);Total;2019;4.256;;;Repository: ILO-STATISTICS - Micro data processing
Netherlands;LFS - EU Labour Force Survey;Share of youth not in employment, education or training (NEET) by sex (%);Male;2019;4.401;;;Repository: ILO-STATISTICS - Micro data processing
Netherlands;LFS - EU Labour Force Survey;Share of youth not in employment, education or training (NEET) by sex (%);Female;2019;4.107;;;Repository: ILO-STATISTICS - Micro data processing
Netherlands;LFS - EU Labour Force Survey;Share of youth not in employment, education or training (NEET) by sex (%);Total;2018;4.027;;;Repository: ILO-STATISTICS - Micro data processing
Netherlands;LFS - EU Labour Force Survey;Share of youth not in employment, education or training (NEET) by sex (%);Male;2018;4.165;;;Repository: ILO-STATISTICS - Micro data processing
Netherlands;LFS - EU Labour Force Survey;Share of youth not in employment, education or training (NEET) by sex (%);Female;2018;3.884;;;Repository: ILO-STATISTICS - Micro data processing
Netherlands;LFS - EU Labour Force Survey;Share of youth not in employment, education or training (NEET) by sex (%);Total;2017;4.182;;;Repository: ILO-STATISTICS - Micro data processing
Netherlands;LFS - EU Labour Force Survey;Share of youth not in employment, education or training (NEET) by sex (%);Male;2017;4.554;;;Repository: ILO-STATISTICS - Micro data processing
Netherlands;LFS - EU Labour Force Survey;Share of youth not in employment, education or training (NEET) by sex (%);Female;2017;3.8;;;Repository: ILO-STATISTICS - Micro data processing
Netherlands;LFS - EU Labour Force Survey;Share of youth not in employment, education or training (NEET) by sex (%);Total;2016;4.594;;;Repository: ILO-STATISTICS - Micro data processing
Netherlands;LFS - EU Labour Force Survey;Share of youth not in employment, education or training (NEET) by sex (%);Male;2016;4.516;;;Repository: ILO-STATISTICS - Micro data processing
Netherlands;LFS - EU Labour Force Survey;Share of youth not in employment, education or training (NEET) by sex (%);Female;2016;4.675;;;Repository: ILO-STATISTICS - Micro data processing
Netherlands;LFS - EU Labour Force Survey;Share of youth not in employment, education or training (NEET) by sex (%);Total;2015;4.22;;;Repository: ILO-STATISTICS - Micro data processing
Netherlands;LFS - EU Labour Force Survey;Share of youth not in employment, education or training (NEET) by sex (%);Male;2015;4.497;;;Repository: ILO-STATISTICS - Micro data processing
Netherlands;LFS - EU Labour Force Survey;Share of youth not in employment, education or training (NEET) by sex (%);Female;2015;3.933;;;Repository: ILO-STATISTICS - Micro data processing
Norway;LFS - EU Labour Force Survey;Share of youth not in employment, education or training (NEET) by sex (%);Total;2023;5.717;;;Repository: ILO-STATISTICS - Micro data processing
Norway;LFS - EU Labour Force Survey;Share of youth not in employment, education or training (NEET) by sex (%);Male;2023;5.918;;;Repository: ILO-STATISTICS - Micro data processing
Norway;LFS - EU Labour Force Survey;Share of youth not in employment, education or training (NEET) by sex (%);Female;2023;5.507;;;Repository: ILO-STATISTICS - Micro data processing
Norway;LFS - EU Labour Force Survey;Share of youth not in employment, education or training (NEET) by sex (%);Total;2022;6.225;;;Repository: ILO-STATISTICS - Micro data processing
Norway;LFS - EU Labour Force Survey;Share of youth not in employment, education or training (NEET) by sex (%);Male;2022;6.862;;;Repository: ILO-STATISTICS - Micro data processing
Norway;LFS - EU Labour Force Survey;Share of youth not in employment, education or training (NEET) by sex (%);Female;2022;5.556;;;Repository: ILO-STATISTICS - Micro data processing
Norway;LFS - EU Labour Force Survey;Share of youth not in employment, education or training (NEET) by sex (%);Total;2021;6.692;;;Repository: ILO-STATISTICS - Micro data processing
Norway;LFS - EU Labour Force Survey;Share of youth not in employment, education or training (NEET) by sex (%);Male;2021;7.398;;;Repository: ILO-STATISTICS - Micro data processing
Norway;LFS - EU Labour Force Survey;Share of youth not in employment, education or training (NEET) by sex (%);Female;2021;5.95;;;Repository: ILO-STATISTICS - Micro data processing
Norway;LFS - EU Labour Force Survey;Share of youth not in employment, education or training (NEET) by sex (%);Total;2020;6.152;;;Repository: ILO-STATISTICS - Micro data processing
Norway;LFS - EU Labour Force Survey;Share of youth not in employment, education or training (NEET) by sex (%);Male;2020;7.105;;;Repository: ILO-STATISTICS - Micro data processing
Norway;LFS - EU Labour Force Survey;Share of youth not in employment, education or training (NEET) by sex (%);Female;2020;5.142;;;Repository: ILO-STATISTICS - Micro data processing
Norway;LFS - EU Labour Force Survey;Share of youth not in employment, education or training (NEET) by sex (%);Total;2019;5.443;;;Repository: ILO-STATISTICS - Micro data processing
Norway;LFS - EU Labour Force Survey;Share of youth not in employment, education or training (NEET) by sex (%);Male;2019;5.686;;;Repository: ILO-STATISTICS - Micro data processing
Norway;LFS - EU Labour Force Survey;Share of youth not in employment, education or training (NEET) by sex (%);Female;2019;5.187;;;Repository: ILO-STATISTICS - Micro data processing
Norway;LFS - EU Labour Force Survey;Share of youth not in employment, education or training (NEET) by sex (%);Total;2018;5.566;;;Repository: ILO-STATISTICS - Micro data processing
Norway;LFS - EU Labour Force Survey;Share of youth not in employment, education or training (NEET) by sex (%);Male;2018;6.16;;;Repository: ILO-STATISTICS - Micro data processing
Norway;LFS - EU Labour Force Survey;Share of youth not in employment, education or training (NEET) by sex (%);Female;2018;4.936;;;Repository: ILO-STATISTICS - Micro data processing
Norway;LFS - EU Labour Force Survey;Share of youth not in employment, education or training (NEET) by sex (%);Total;2017;5.905;;;Repository: ILO-STATISTICS - Micro data processing
Norway;LFS - EU Labour Force Survey;Share of youth not in employment, education or training (NEET) by sex (%);Male;2017;6.135;;;Repository: ILO-STATISTICS - Micro data processing
Norway;LFS - EU Labour Force Survey;Share of youth not in employment, education or training (NEET) by sex (%);Female;2017;5.662;;;Repository: ILO-STATISTICS - Micro data processing
Norway;LFS - EU Labour Force Survey;Share of youth not in employment, education or training (NEET) by sex (%);Total;2016;6.434;;;Repository: ILO-STATISTICS - Micro data processing
Norway;LFS - EU Labour Force Survey;Share of youth not in employment, education or training (NEET) by sex (%);Male;2016;6.691;;;Repository: ILO-STATISTICS - Micro data processing
Norway;LFS - EU Labour Force Survey;Share of youth not in employment, education or training (NEET) by sex (%);Female;2016;6.164;;;Repository: ILO-STATISTICS - Micro data processing
Norway;LFS - EU Labour Force Survey;Share of youth not in employment, education or training (NEET) by sex (%);Total;2015;6.239;;;Repository: ILO-STATISTICS - Micro data processing
Norway;LFS - EU Labour Force Survey;Share of youth not in employment, education or training (NEET) by sex (%);Male;2015;6.908;;;Repository: ILO-STATISTICS - Micro data processing
Norway;LFS - EU Labour Force Survey;Share of youth not in employment, education or training (NEET) by sex (%);Female;2015;5.529;;;Repository: ILO-STATISTICS - Micro data processing
Nepal;LFS - Labour Force Survey;Share of youth not in employment, education or training (NEET) by sex (%);Total;2017;34.763;Break in series;Break in series: Methodology revised;Repository: ILO-STATISTICS - Micro data processing
Nepal;LFS - Labour Force Survey;Share of youth not in employment, education or training (NEET) by sex (%);Male;2017;21.156;Break in series;Break in series: Methodology revised;Repository: ILO-STATISTICS - Micro data processing
Nepal;LFS - Labour Force Survey;Share of youth not in employment, education or training (NEET) by sex (%);Female;2017;45.817;Break in series;Break in series: Methodology revised;Repository: ILO-STATISTICS - Micro data processing
Nepal;HS - Annual Household Survey;Share of youth not in employment, education or training (NEET) by sex (%);Male;2015;86.79;;;
Nauru;PC - Population Census;Share of youth not in employment, education or training (NEET) by sex (%);Total;2021;40.986;;;Repository: ILO-STATISTICS - Micro data processing
Nauru;PC - Population Census;Share of youth not in employment, education or training (NEET) by sex (%);Male;2021;33.366;;;Repository: ILO-STATISTICS - Micro data processing
Nauru;PC - Population Census;Share of youth not in employment, education or training (NEET) by sex (%);Female;2021;48.884;;;Repository: ILO-STATISTICS - Micro data processing
New Zealand;LFS - Household Labour Force Survey;Share of youth not in employment, education or training (NEET) by sex (%);Total;2023;11.69;;;
New Zealand;LFS - Household Labour Force Survey;Share of youth not in employment, education or training (NEET) by sex (%);Male;2023;11.02;;;
New Zealand;LFS - Household Labour Force Survey;Share of youth not in employment, education or training (NEET) by sex (%);Female;2023;12.4;;;
New Zealand;LFS - Household Labour Force Survey;Share of youth not in employment, education or training (NEET) by sex (%);Total;2022;11.57;;;
New Zealand;LFS - Household Labour Force Survey;Share of youth not in employment, education or training (NEET) by sex (%);Male;2022;11.21;;;
New Zealand;LFS - Household Labour Force Survey;Share of youth not in employment, education or training (NEET) by sex (%);Female;2022;11.95;;;
New Zealand;LFS - Household Labour Force Survey;Share of youth not in employment, education or training (NEET) by sex (%);Total;2021;11.89;;;
New Zealand;LFS - Household Labour Force Survey;Share of youth not in employment, education or training (NEET) by sex (%);Male;2021;11.15;;;
New Zealand;LFS - Household Labour Force Survey;Share of youth not in employment, education or training (NEET) by sex (%);Female;2021;12.68;;;
New Zealand;LFS - Household Labour Force Survey;Share of youth not in employment, education or training (NEET) by sex (%);Total;2020;12.94;;;
New Zealand;LFS - Household Labour Force Survey;Share of youth not in employment, education or training (NEET) by sex (%);Male;2020;12.06;;;
New Zealand;LFS - Household Labour Force Survey;Share of youth not in employment, education or training (NEET) by sex (%);Female;2020;13.88;;;
New Zealand;LFS - Household Labour Force Survey;Share of youth not in employment, education or training (NEET) by sex (%);Total;2019;11.62;;;
New Zealand;LFS - Household Labour Force Survey;Share of youth not in employment, education or training (NEET) by sex (%);Male;2019;10.84;;;
New Zealand;LFS - Household Labour Force Survey;Share of youth not in employment, education or training (NEET) by sex (%);Female;2019;12.45;;;
New Zealand;LFS - Household Labour Force Survey;Share of youth not in employment, education or training (NEET) by sex (%);Total;2018;12.04;;;
New Zealand;LFS - Household Labour Force Survey;Share of youth not in employment, education or training (NEET) by sex (%);Male;2018;11.39;;;
New Zealand;LFS - Household Labour Force Survey;Share of youth not in employment, education or training (NEET) by sex (%);Female;2018;12.75;;;
New Zealand;LFS - Household Labour Force Survey;Share of youth not in employment, education or training (NEET) by sex (%);Total;2017;11.92;;;
New Zealand;LFS - Household Labour Force Survey;Share of youth not in employment, education or training (NEET) by sex (%);Male;2017;10.52;;;
New Zealand;LFS - Household Labour Force Survey;Share of youth not in employment, education or training (NEET) by sex (%);Female;2017;13.41;;;
New Zealand;LFS - Household Labour Force Survey;Share of youth not in employment, education or training (NEET) by sex (%);Total;2016;12.18;;;
New Zealand;LFS - Household Labour Force Survey;Share of youth not in employment, education or training (NEET) by sex (%);Male;2016;11.02;;;
New Zealand;LFS - Household Labour Force Survey;Share of youth not in employment, education or training (NEET) by sex (%);Female;2016;13.44;;;
New Zealand;LFS - Household Labour Force Survey;Share of youth not in employment, education or training (NEET) by sex (%);Total;2015;11.54;;;
New Zealand;LFS - Household Labour Force Survey;Share of youth not in employment, education or training (NEET) by sex (%);Male;2015;9.67;;;
New Zealand;LFS - Household Labour Force Survey;Share of youth not in employment, education or training (NEET) by sex (%);Female;2015;13.54;;;
Oman;ADM - Records of the Directorate General of Civil Status;Share of youth not in employment, education or training (NEET) by sex (%);Total;2022;25.5;;;Data reference period: End of the year
Oman;ADM - Records of the Directorate General of Civil Status;Share of youth not in employment, education or training (NEET) by sex (%);Male;2022;20.76;;;Data reference period: End of the year
Oman;ADM - Records of the Directorate General of Civil Status;Share of youth not in employment, education or training (NEET) by sex (%);Female;2022;32.11;;;Data reference period: End of the year
Pakistan;LFS - Labour Force Survey;Share of youth not in employment, education or training (NEET) by sex (%);Total;2021;34.564;;;Repository: ILO-STATISTICS - Micro data processing | Data reference period: Noncalendar year
Pakistan;LFS - Labour Force Survey;Share of youth not in employment, education or training (NEET) by sex (%);Male;2021;13.59;;;Repository: ILO-STATISTICS - Micro data processing | Data reference period: Noncalendar year
Pakistan;LFS - Labour Force Survey;Share of youth not in employment, education or training (NEET) by sex (%);Female;2021;56.417;;;Repository: ILO-STATISTICS - Micro data processing | Data reference period: Noncalendar year
Pakistan;HIES - Household Income and Expenditure Survey;Share of youth not in employment, education or training (NEET) by sex (%);Total;2020;42.625;Break in series;Break in series: Methodology revised;Repository: ILO-STATISTICS - Micro data processing
Pakistan;HIES - Household Income and Expenditure Survey;Share of youth not in employment, education or training (NEET) by sex (%);Male;2020;20.052;Break in series;Break in series: Methodology revised;Repository: ILO-STATISTICS - Micro data processing
Pakistan;HIES - Household Income and Expenditure Survey;Share of youth not in employment, education or training (NEET) by sex (%);Female;2020;66.807;Break in series;Break in series: Methodology revised;Repository: ILO-STATISTICS - Micro data processing
Pakistan;LFS - Labour Force Survey;Share of youth not in employment, education or training (NEET) by sex (%);Total;2019;29.708;;;Repository: ILO-STATISTICS - Micro data processing | Data reference period: Noncalendar year
Pakistan;LFS - Labour Force Survey;Share of youth not in employment, education or training (NEET) by sex (%);Male;2019;7.6;;;Repository: ILO-STATISTICS - Micro data processing | Data reference period: Noncalendar year
Pakistan;LFS - Labour Force Survey;Share of youth not in employment, education or training (NEET) by sex (%);Female;2019;52.545;;;Repository: ILO-STATISTICS - Micro data processing | Data reference period: Noncalendar year
Pakistan;LFS - Labour Force Survey;Share of youth not in employment, education or training (NEET) by sex (%);Total;2018;30.958;;;Repository: ILO-STATISTICS - Micro data processing | Data reference period: Noncalendar year
Pakistan;LFS - Labour Force Survey;Share of youth not in employment, education or training (NEET) by sex (%);Male;2018;7.545;;;Repository: ILO-STATISTICS - Micro data processing | Data reference period: Noncalendar year
Pakistan;LFS - Labour Force Survey;Share of youth not in employment, education or training (NEET) by sex (%);Female;2018;54.943;;;Repository: ILO-STATISTICS - Micro data processing | Data reference period: Noncalendar year
Pakistan;HIES - Household Income and Expenditure Survey;Share of youth not in employment, education or training (NEET) by sex (%);Total;2016;38.02;;;Repository: ILO-STATISTICS - Micro data processing
Pakistan;HIES - Household Income and Expenditure Survey;Share of youth not in employment, education or training (NEET) by sex (%);Male;2016;13.888;;;Repository: ILO-STATISTICS - Micro data processing
Pakistan;HIES - Household Income and Expenditure Survey;Share of youth not in employment, education or training (NEET) by sex (%);Female;2016;61.144;;;Repository: ILO-STATISTICS - Micro data processing
Pakistan;LFS - Labour Force Survey;Share of youth not in employment, education or training (NEET) by sex (%);Total;2015;30.41;;;Repository: ILO-STATISTICS - Micro data processing
Pakistan;LFS - Labour Force Survey;Share of youth not in employment, education or training (NEET) by sex (%);Male;2015;7.407;;;Repository: ILO-STATISTICS - Micro data processing
Pakistan;LFS - Labour Force Survey;Share of youth not in employment, education or training (NEET) by sex (%);Female;2015;53.626;;;Repository: ILO-STATISTICS - Micro data processing
Panama;LFS - Labour Market Survey;Share of youth not in employment, education or training (NEET) by sex (%);Total;2023;15.139;;;Repository: ILO-STATISTICS - Micro data processing | Data reference period: October
Panama;LFS - Labour Market Survey;Share of youth not in employment, education or training (NEET) by sex (%);Male;2023;9.169;;;Repository: ILO-STATISTICS - Micro data processing | Data reference period: October
Panama;LFS - Labour Market Survey;Share of youth not in employment, education or training (NEET) by sex (%);Female;2023;21.442;;;Repository: ILO-STATISTICS - Micro data processing | Data reference period: October
Panama;HS - Multipurpose Household Survey;Share of youth not in employment, education or training (NEET) by sex (%);Total;2022;17.564;;;Repository: ILO-STATISTICS - Micro data processing | Data reference period: October
Panama;HS - Multipurpose Household Survey;Share of youth not in employment, education or training (NEET) by sex (%);Male;2022;13.229;;;Repository: ILO-STATISTICS - Micro data processing | Data reference period: October
Panama;HS - Multipurpose Household Survey;Share of youth not in employment, education or training (NEET) by sex (%);Female;2022;22.186;;;Repository: ILO-STATISTICS - Micro data processing | Data reference period: October
Panama;LFS - Labour Market Survey;Share of youth not in employment, education or training (NEET) by sex (%);Total;2021;19.298;Break in series;Break in series: Methodology revised;Repository: ILO-STATISTICS - Micro data processing | Data reference period: October
Panama;LFS - Labour Market Survey;Share of youth not in employment, education or training (NEET) by sex (%);Male;2021;15.715;Break in series;Break in series: Methodology revised;Repository: ILO-STATISTICS - Micro data processing | Data reference period: October
Panama;LFS - Labour Market Survey;Share of youth not in employment, education or training (NEET) by sex (%);Female;2021;22.962;Break in series;Break in series: Methodology revised;Repository: ILO-STATISTICS - Micro data processing | Data reference period: October
Panama;LFS - Labour Market Survey;Share of youth not in employment, education or training (NEET) by sex (%);Total;2020;18.735;Break in series;Break in series: Methodology revised;Repository: ILO-STATISTICS - Micro data processing | Data reference period: August
Panama;LFS - Labour Market Survey;Share of youth not in employment, education or training (NEET) by sex (%);Male;2020;15.182;Break in series;Break in series: Methodology revised;Repository: ILO-STATISTICS - Micro data processing | Data reference period: August
Panama;LFS - Labour Market Survey;Share of youth not in employment, education or training (NEET) by sex (%);Female;2020;22.157;Break in series;Break in series: Methodology revised;Repository: ILO-STATISTICS - Micro data processing | Data reference period: August
Panama;LFS - Labour Market Survey;Share of youth not in employment, education or training (NEET) by sex (%);Total;2019;16.683;;;Repository: ILO-STATISTICS - Micro data processing | Data reference period: August
Panama;LFS - Labour Market Survey;Share of youth not in employment, education or training (NEET) by sex (%);Male;2019;10.952;;;Repository: ILO-STATISTICS - Micro data processing | Data reference period: August
Panama;LFS - Labour Market Survey;Share of youth not in employment, education or training (NEET) by sex (%);Female;2019;22.792;;;Repository: ILO-STATISTICS - Micro data processing | Data reference period: August
Panama;LFS - Labour Market Survey;Share of youth not in employment, education or training (NEET) by sex (%);Total;2018;16.381;;;Repository: ILO-STATISTICS - Micro data processing | Data reference period: August
Panama;LFS - Labour Market Survey;Share of youth not in employment, education or training (NEET) by sex (%);Male;2018;9.905;;;Repository: ILO-STATISTICS - Micro data processing | Data reference period: August
Panama;LFS - Labour Market Survey;Share of youth not in employment, education or training (NEET) by sex (%);Female;2018;23.083;;;Repository: ILO-STATISTICS - Micro data processing | Data reference period: August
Panama;LFS - Labour Market Survey;Share of youth not in employment, education or training (NEET) by sex (%);Total;2017;17.198;;;Repository: ILO-STATISTICS - Micro data processing | Data reference period: August
Panama;LFS - Labour Market Survey;Share of youth not in employment, education or training (NEET) by sex (%);Male;2017;10.63;;;Repository: ILO-STATISTICS - Micro data processing | Data reference period: August
Panama;LFS - Labour Market Survey;Share of youth not in employment, education or training (NEET) by sex (%);Female;2017;23.914;;;Repository: ILO-STATISTICS - Micro data processing | Data reference period: August
Panama;LFS - Labour Market Survey;Share of youth not in employment, education or training (NEET) by sex (%);Total;2016;17.09;;;Repository: ILO-STATISTICS - Micro data processing | Data reference period: August
Panama;LFS - Labour Market Survey;Share of youth not in employment, education or training (NEET) by sex (%);Male;2016;10.299;;;Repository: ILO-STATISTICS - Micro data processing | Data reference period: August
Panama;LFS - Labour Market Survey;Share of youth not in employment, education or training (NEET) by sex (%);Female;2016;24.058;;;Repository: ILO-STATISTICS - Micro data processing | Data reference period: August
Panama;LFS - Labour Market Survey;Share of youth not in employment, education or training (NEET) by sex (%);Total;2015;18.449;;;Repository: ILO-STATISTICS - Micro data processing | Data reference period: August
Panama;LFS - Labour Market Survey;Share of youth not in employment, education or training (NEET) by sex (%);Male;2015;9.959;;;Repository: ILO-STATISTICS - Micro data processing | Data reference period: August
Panama;LFS - Labour Market Survey;Share of youth not in employment, education or training (NEET) by sex (%);Female;2015;27.153;;;Repository: ILO-STATISTICS - Micro data processing | Data reference period: August
Peru;HS - National Household Survey;Share of youth not in employment, education or training (NEET) by sex (%);Total;2022;22.779;;;Repository: ILO-STATISTICS - Micro data processing
Peru;HS - National Household Survey;Share of youth not in employment, education or training (NEET) by sex (%);Male;2022;19.882;;;Repository: ILO-STATISTICS - Micro data processing
Peru;HS - National Household Survey;Share of youth not in employment, education or training (NEET) by sex (%);Female;2022;25.767;;;Repository: ILO-STATISTICS - Micro data processing
Peru;HS - National Household Survey;Share of youth not in employment, education or training (NEET) by sex (%);Total;2021;22.695;;;Repository: ILO-STATISTICS - Micro data processing
Peru;HS - National Household Survey;Share of youth not in employment, education or training (NEET) by sex (%);Male;2021;19.507;;;Repository: ILO-STATISTICS - Micro data processing
Peru;HS - National Household Survey;Share of youth not in employment, education or training (NEET) by sex (%);Female;2021;26.004;;;Repository: ILO-STATISTICS - Micro data processing
Peru;HS - National Household Survey;Share of youth not in employment, education or training (NEET) by sex (%);Total;2020;25.676;Break in series;Break in series: Methodology revised;Repository: ILO-STATISTICS - Micro data processing
Peru;HS - National Household Survey;Share of youth not in employment, education or training (NEET) by sex (%);Male;2020;22.052;Break in series;Break in series: Methodology revised;Repository: ILO-STATISTICS - Micro data processing
Peru;HS - National Household Survey;Share of youth not in employment, education or training (NEET) by sex (%);Female;2020;29.44;Break in series;Break in series: Methodology revised;Repository: ILO-STATISTICS - Micro data processing
Peru;HS - National Household Survey;Share of youth not in employment, education or training (NEET) by sex (%);Total;2019;16.873;;;Repository: ILO-STATISTICS - Micro data processing
Peru;HS - National Household Survey;Share of youth not in employment, education or training (NEET) by sex (%);Male;2019;13.626;;;Repository: ILO-STATISTICS - Micro data processing
Peru;HS - National Household Survey;Share of youth not in employment, education or training (NEET) by sex (%);Female;2019;20.237;;;Repository: ILO-STATISTICS - Micro data processing
Peru;HS - National Household Survey;Share of youth not in employment, education or training (NEET) by sex (%);Total;2018;17.749;;;Repository: ILO-STATISTICS - Micro data processing
Peru;HS - National Household Survey;Share of youth not in employment, education or training (NEET) by sex (%);Male;2018;14.459;;;Repository: ILO-STATISTICS - Micro data processing
Peru;HS - National Household Survey;Share of youth not in employment, education or training (NEET) by sex (%);Female;2018;21.115;;;Repository: ILO-STATISTICS - Micro data processing
Peru;HS - National Household Survey;Share of youth not in employment, education or training (NEET) by sex (%);Total;2017;17.353;;;Repository: ILO-STATISTICS - Micro data processing
Peru;HS - National Household Survey;Share of youth not in employment, education or training (NEET) by sex (%);Male;2017;14.266;;;Repository: ILO-STATISTICS - Micro data processing
Peru;HS - National Household Survey;Share of youth not in employment, education or training (NEET) by sex (%);Female;2017;20.52;;;Repository: ILO-STATISTICS - Micro data processing
Peru;HS - National Household Survey;Share of youth not in employment, education or training (NEET) by sex (%);Total;2016;19.196;;;Repository: ILO-STATISTICS - Micro data processing
Peru;HS - National Household Survey;Share of youth not in employment, education or training (NEET) by sex (%);Male;2016;16.085;;;Repository: ILO-STATISTICS - Micro data processing
Peru;HS - National Household Survey;Share of youth not in employment, education or training (NEET) by sex (%);Female;2016;22.429;;;Repository: ILO-STATISTICS - Micro data processing
Peru;HS - National Household Survey;Share of youth not in employment, education or training (NEET) by sex (%);Total;2015;18.586;;;Repository: ILO-STATISTICS - Micro data processing
Peru;HS - National Household Survey;Share of youth not in employment, education or training (NEET) by sex (%);Male;2015;15.662;;;Repository: ILO-STATISTICS - Micro data processing
Peru;HS - National Household Survey;Share of youth not in employment, education or training (NEET) by sex (%);Female;2015;21.629;;;Repository: ILO-STATISTICS - Micro data processing
Philippines;LFS - Labour Force Survey;Share of youth not in employment, education or training (NEET) by sex (%);Total;2023;12.362;;;Repository: ILO-STATISTICS - Micro data processing
Philippines;LFS - Labour Force Survey;Share of youth not in employment, education or training (NEET) by sex (%);Male;2023;9.326;;;Repository: ILO-STATISTICS - Micro data processing
Philippines;LFS - Labour Force Survey;Share of youth not in employment, education or training (NEET) by sex (%);Female;2023;15.554;;;Repository: ILO-STATISTICS - Micro data processing
Philippines;LFS - Labour Force Survey;Share of youth not in employment, education or training (NEET) by sex (%);Total;2022;12.96;;;Repository: ILO-STATISTICS - Micro data processing
Philippines;LFS - Labour Force Survey;Share of youth not in employment, education or training (NEET) by sex (%);Male;2022;10.396;;;Repository: ILO-STATISTICS - Micro data processing
Philippines;LFS - Labour Force Survey;Share of youth not in employment, education or training (NEET) by sex (%);Female;2022;15.65;;;Repository: ILO-STATISTICS - Micro data processing
Philippines;LFS - Labour Force Survey;Share of youth not in employment, education or training (NEET) by sex (%);Total;2021;17.721;Break in series;Break in series: Methodology revised;Repository: ILO-STATISTICS - Micro data processing
Philippines;LFS - Labour Force Survey;Share of youth not in employment, education or training (NEET) by sex (%);Male;2021;14.541;Break in series;Break in series: Methodology revised;Repository: ILO-STATISTICS - Micro data processing
Philippines;LFS - Labour Force Survey;Share of youth not in employment, education or training (NEET) by sex (%);Female;2021;21.049;Break in series;Break in series: Methodology revised;Repository: ILO-STATISTICS - Micro data processing
Philippines;LFS - Labour Force Survey;Share of youth not in employment, education or training (NEET) by sex (%);Total;2020;21.406;;;Repository: ILO-STATISTICS - Micro data processing
Philippines;LFS - Labour Force Survey;Share of youth not in employment, education or training (NEET) by sex (%);Male;2020;17.682;;;Repository: ILO-STATISTICS - Micro data processing
Philippines;LFS - Labour Force Survey;Share of youth not in employment, education or training (NEET) by sex (%);Female;2020;25.296;;;Repository: ILO-STATISTICS - Micro data processing
Philippines;LFS - Labour Force Survey;Share of youth not in employment, education or training (NEET) by sex (%);Total;2019;19.338;;;Repository: ILO-STATISTICS - Micro data processing
Philippines;LFS - Labour Force Survey;Share of youth not in employment, education or training (NEET) by sex (%);Male;2019;14.193;;;Repository: ILO-STATISTICS - Micro data processing
Philippines;LFS - Labour Force Survey;Share of youth not in employment, education or training (NEET) by sex (%);Female;2019;24.798;;;Repository: ILO-STATISTICS - Micro data processing
Philippines;LFS - Labour Force Survey;Share of youth not in employment, education or training (NEET) by sex (%);Total;2018;20.376;;;Repository: ILO-STATISTICS - Micro data processing
Philippines;LFS - Labour Force Survey;Share of youth not in employment, education or training (NEET) by sex (%);Male;2018;14.758;;;Repository: ILO-STATISTICS - Micro data processing
Philippines;LFS - Labour Force Survey;Share of youth not in employment, education or training (NEET) by sex (%);Female;2018;26.317;;;Repository: ILO-STATISTICS - Micro data processing
Philippines;LFS - Labour Force Survey;Share of youth not in employment, education or training (NEET) by sex (%);Total;2017;22.294;;;Repository: ILO-STATISTICS - Micro data processing
Philippines;LFS - Labour Force Survey;Share of youth not in employment, education or training (NEET) by sex (%);Male;2017;15.79;;;Repository: ILO-STATISTICS - Micro data processing
Philippines;LFS - Labour Force Survey;Share of youth not in employment, education or training (NEET) by sex (%);Female;2017;29.15;;;Repository: ILO-STATISTICS - Micro data processing
Philippines;LFS - Labour Force Survey;Share of youth not in employment, education or training (NEET) by sex (%);Total;2016;22.808;Break in series;Break in series: Methodology revised;Repository: ILO-STATISTICS - Micro data processing
Philippines;LFS - Labour Force Survey;Share of youth not in employment, education or training (NEET) by sex (%);Male;2016;16.058;Break in series;Break in series: Methodology revised;Repository: ILO-STATISTICS - Micro data processing
Philippines;LFS - Labour Force Survey;Share of youth not in employment, education or training (NEET) by sex (%);Female;2016;29.896;Break in series;Break in series: Methodology revised;Repository: ILO-STATISTICS - Micro data processing
Philippines;LFS - Labour Force Survey;Share of youth not in employment, education or training (NEET) by sex (%);Total;2015;23.156;;;Repository: ILO-STATISTICS - Micro data processing
Philippines;LFS - Labour Force Survey;Share of youth not in employment, education or training (NEET) by sex (%);Male;2015;17.399;;;Repository: ILO-STATISTICS - Micro data processing
Philippines;LFS - Labour Force Survey;Share of youth not in employment, education or training (NEET) by sex (%);Female;2015;29.108;;;Repository: ILO-STATISTICS - Micro data processing
Palau;PC - Population Census;Share of youth not in employment, education or training (NEET) by sex (%);Total;2020;18.041;;;Repository: ILO-STATISTICS - Micro data processing
Palau;PC - Population Census;Share of youth not in employment, education or training (NEET) by sex (%);Male;2020;16.962;;;Repository: ILO-STATISTICS - Micro data processing
Palau;PC - Population Census;Share of youth not in employment, education or training (NEET) by sex (%);Female;2020;19.222;;;Repository: ILO-STATISTICS - Micro data processing
Papua New Guinea;HS - Socio-Demographic and Economic Survey;Share of youth not in employment, education or training (NEET) by sex (%);Total;2022;27.69;;;Repository: ILO-STATISTICS - Micro data processing
Papua New Guinea;HS - Socio-Demographic and Economic Survey;Share of youth not in employment, education or training (NEET) by sex (%);Male;2022;24.385;;;Repository: ILO-STATISTICS - Micro data processing
Papua New Guinea;HS - Socio-Demographic and Economic Survey;Share of youth not in employment, education or training (NEET) by sex (%);Female;2022;31.166;;;Repository: ILO-STATISTICS - Micro data processing
Poland;LFS - Labour Force Survey;Share of youth not in employment, education or training (NEET) by sex (%);Total;2023;10.236;;;Repository: ILO-STATISTICS - Micro data processing
Poland;LFS - Labour Force Survey;Share of youth not in employment, education or training (NEET) by sex (%);Male;2023;10.115;;;Repository: ILO-STATISTICS - Micro data processing
Poland;LFS - Labour Force Survey;Share of youth not in employment, education or training (NEET) by sex (%);Female;2023;10.364;;;Repository: ILO-STATISTICS - Micro data processing
Poland;LFS - Labour Force Survey;Share of youth not in employment, education or training (NEET) by sex (%);Total;2022;10.5;;;Repository: ILO-STATISTICS - Micro data processing
Poland;LFS - Labour Force Survey;Share of youth not in employment, education or training (NEET) by sex (%);Male;2022;9.805;;;Repository: ILO-STATISTICS - Micro data processing
Poland;LFS - Labour Force Survey;Share of youth not in employment, education or training (NEET) by sex (%);Female;2022;11.235;;;Repository: ILO-STATISTICS - Micro data processing
Poland;LFS - Labour Force Survey;Share of youth not in employment, education or training (NEET) by sex (%);Total;2021;12.445;;;Repository: ILO-STATISTICS - Micro data processing
Poland;LFS - Labour Force Survey;Share of youth not in employment, education or training (NEET) by sex (%);Male;2021;11.555;;;Repository: ILO-STATISTICS - Micro data processing
Poland;LFS - Labour Force Survey;Share of youth not in employment, education or training (NEET) by sex (%);Female;2021;13.387;;;Repository: ILO-STATISTICS - Micro data processing
Poland;LFS - Labour Force Survey;Share of youth not in employment, education or training (NEET) by sex (%);Total;2020;10.136;;;Repository: ILO-STATISTICS - Micro data processing
Poland;LFS - Labour Force Survey;Share of youth not in employment, education or training (NEET) by sex (%);Male;2020;9.283;;;Repository: ILO-STATISTICS - Micro data processing
Poland;LFS - Labour Force Survey;Share of youth not in employment, education or training (NEET) by sex (%);Female;2020;11.039;;;Repository: ILO-STATISTICS - Micro data processing
Poland;LFS - Labour Force Survey;Share of youth not in employment, education or training (NEET) by sex (%);Total;2019;9.573;;;Repository: ILO-STATISTICS - Micro data processing
Poland;LFS - Labour Force Survey;Share of youth not in employment, education or training (NEET) by sex (%);Male;2019;8.376;;;Repository: ILO-STATISTICS - Micro data processing
Poland;LFS - Labour Force Survey;Share of youth not in employment, education or training (NEET) by sex (%);Female;2019;10.835;;;Repository: ILO-STATISTICS - Micro data processing
Poland;LFS - Labour Force Survey;Share of youth not in employment, education or training (NEET) by sex (%);Total;2018;9.974;;;Repository: ILO-STATISTICS - Micro data processing
Poland;LFS - Labour Force Survey;Share of youth not in employment, education or training (NEET) by sex (%);Male;2018;8.55;;;Repository: ILO-STATISTICS - Micro data processing
Poland;LFS - Labour Force Survey;Share of youth not in employment, education or training (NEET) by sex (%);Female;2018;11.475;;;Repository: ILO-STATISTICS - Micro data processing
Poland;LFS - Labour Force Survey;Share of youth not in employment, education or training (NEET) by sex (%);Total;2017;10.585;;;Repository: ILO-STATISTICS - Micro data processing
Poland;LFS - Labour Force Survey;Share of youth not in employment, education or training (NEET) by sex (%);Male;2017;9.438;;;Repository: ILO-STATISTICS - Micro data processing
Poland;LFS - Labour Force Survey;Share of youth not in employment, education or training (NEET) by sex (%);Female;2017;11.793;;;Repository: ILO-STATISTICS - Micro data processing
Poland;LFS - Labour Force Survey;Share of youth not in employment, education or training (NEET) by sex (%);Total;2016;11.544;;;Repository: ILO-STATISTICS - Micro data processing
Poland;LFS - Labour Force Survey;Share of youth not in employment, education or training (NEET) by sex (%);Male;2016;11.012;;;Repository: ILO-STATISTICS - Micro data processing
Poland;LFS - Labour Force Survey;Share of youth not in employment, education or training (NEET) by sex (%);Female;2016;12.103;;;Repository: ILO-STATISTICS - Micro data processing
Poland;LFS - Labour Force Survey;Share of youth not in employment, education or training (NEET) by sex (%);Total;2015;11.841;Break in series;Break in series: Methodology revised;Repository: ILO-STATISTICS - Micro data processing
Poland;LFS - Labour Force Survey;Share of youth not in employment, education or training (NEET) by sex (%);Male;2015;12.059;Break in series;Break in series: Methodology revised;Repository: ILO-STATISTICS - Micro data processing
Poland;LFS - Labour Force Survey;Share of youth not in employment, education or training (NEET) by sex (%);Female;2015;11.609;Break in series;Break in series: Methodology revised;Repository: ILO-STATISTICS - Micro data processing
Puerto Rico;PC - Population Census;Share of youth not in employment, education or training (NEET) by sex (%);Total;2020;19.487;;;Repository: ILO-STATISTICS - Micro data processing
Puerto Rico;PC - Population Census;Share of youth not in employment, education or training (NEET) by sex (%);Male;2020;20.708;;;Repository: ILO-STATISTICS - Micro data processing
Puerto Rico;PC - Population Census;Share of youth not in employment, education or training (NEET) by sex (%);Female;2020;18.22;;;Repository: ILO-STATISTICS - Micro data processing
Puerto Rico;PC - Population Census;Share of youth not in employment, education or training (NEET) by sex (%);Total;2015;21.682;;;Repository: ILO-STATISTICS - Micro data processing
Puerto Rico;PC - Population Census;Share of youth not in employment, education or training (NEET) by sex (%);Male;2015;22.982;;;Repository: ILO-STATISTICS - Micro data processing
Puerto Rico;PC - Population Census;Share of youth not in employment, education or training (NEET) by sex (%);Female;2015;20.335;;;Repository: ILO-STATISTICS - Micro data processing
Portugal;LFS - EU Labour Force Survey;Share of youth not in employment, education or training (NEET) by sex (%);Total;2023;8.531;;;Repository: ILO-STATISTICS - Micro data processing
Portugal;LFS - EU Labour Force Survey;Share of youth not in employment, education or training (NEET) by sex (%);Male;2023;8.872;;;Repository: ILO-STATISTICS - Micro data processing
Portugal;LFS - EU Labour Force Survey;Share of youth not in employment, education or training (NEET) by sex (%);Female;2023;8.176;;;Repository: ILO-STATISTICS - Micro data processing
Portugal;LFS - EU Labour Force Survey;Share of youth not in employment, education or training (NEET) by sex (%);Total;2022;7.774;;;Repository: ILO-STATISTICS - Micro data processing
Portugal;LFS - EU Labour Force Survey;Share of youth not in employment, education or training (NEET) by sex (%);Male;2022;7.672;;;Repository: ILO-STATISTICS - Micro data processing
Portugal;LFS - EU Labour Force Survey;Share of youth not in employment, education or training (NEET) by sex (%);Female;2022;7.88;;;Repository: ILO-STATISTICS - Micro data processing
Portugal;LFS - EU Labour Force Survey;Share of youth not in employment, education or training (NEET) by sex (%);Total;2021;8.057;;;Repository: ILO-STATISTICS - Micro data processing
Portugal;LFS - EU Labour Force Survey;Share of youth not in employment, education or training (NEET) by sex (%);Male;2021;8.556;;;Repository: ILO-STATISTICS - Micro data processing
Portugal;LFS - EU Labour Force Survey;Share of youth not in employment, education or training (NEET) by sex (%);Female;2021;7.537;;;Repository: ILO-STATISTICS - Micro data processing
Portugal;LFS - EU Labour Force Survey;Share of youth not in employment, education or training (NEET) by sex (%);Total;2020;9.125;;;Repository: ILO-STATISTICS - Micro data processing
Portugal;LFS - EU Labour Force Survey;Share of youth not in employment, education or training (NEET) by sex (%);Male;2020;9.508;;;Repository: ILO-STATISTICS - Micro data processing
Portugal;LFS - EU Labour Force Survey;Share of youth not in employment, education or training (NEET) by sex (%);Female;2020;8.724;;;Repository: ILO-STATISTICS - Micro data processing
Portugal;LFS - EU Labour Force Survey;Share of youth not in employment, education or training (NEET) by sex (%);Total;2019;7.966;;;Repository: ILO-STATISTICS - Micro data processing
Portugal;LFS - EU Labour Force Survey;Share of youth not in employment, education or training (NEET) by sex (%);Male;2019;7.405;;;Repository: ILO-STATISTICS - Micro data processing
Portugal;LFS - EU Labour Force Survey;Share of youth not in employment, education or training (NEET) by sex (%);Female;2019;8.551;;;Repository: ILO-STATISTICS - Micro data processing
Portugal;LFS - EU Labour Force Survey;Share of youth not in employment, education or training (NEET) by sex (%);Total;2018;8.32;;;Repository: ILO-STATISTICS - Micro data processing
Portugal;LFS - EU Labour Force Survey;Share of youth not in employment, education or training (NEET) by sex (%);Male;2018;8.367;;;Repository: ILO-STATISTICS - Micro data processing
Portugal;LFS - EU Labour Force Survey;Share of youth not in employment, education or training (NEET) by sex (%);Female;2018;8.27;;;Repository: ILO-STATISTICS - Micro data processing
Portugal;LFS - EU Labour Force Survey;Share of youth not in employment, education or training (NEET) by sex (%);Total;2017;9.325;;;Repository: ILO-STATISTICS - Micro data processing
Portugal;LFS - EU Labour Force Survey;Share of youth not in employment, education or training (NEET) by sex (%);Male;2017;9.12;;;Repository: ILO-STATISTICS - Micro data processing
Portugal;LFS - EU Labour Force Survey;Share of youth not in employment, education or training (NEET) by sex (%);Female;2017;9.539;;;Repository: ILO-STATISTICS - Micro data processing
Portugal;LFS - EU Labour Force Survey;Share of youth not in employment, education or training (NEET) by sex (%);Total;2016;10.456;;;Repository: ILO-STATISTICS - Micro data processing
Portugal;LFS - EU Labour Force Survey;Share of youth not in employment, education or training (NEET) by sex (%);Male;2016;10.678;;;Repository: ILO-STATISTICS - Micro data processing
Portugal;LFS - EU Labour Force Survey;Share of youth not in employment, education or training (NEET) by sex (%);Female;2016;10.226;;;Repository: ILO-STATISTICS - Micro data processing
Portugal;LFS - EU Labour Force Survey;Share of youth not in employment, education or training (NEET) by sex (%);Total;2015;11.161;;;Repository: ILO-STATISTICS - Micro data processing
Portugal;LFS - EU Labour Force Survey;Share of youth not in employment, education or training (NEET) by sex (%);Male;2015;10.334;;;Repository: ILO-STATISTICS - Micro data processing
Portugal;LFS - EU Labour Force Survey;Share of youth not in employment, education or training (NEET) by sex (%);Female;2015;12.014;;;Repository: ILO-STATISTICS - Micro data processing
Paraguay;HS - Continous Household Survey;Share of youth not in employment, education or training (NEET) by sex (%);Total;2017;18.586;;;Repository: ILO-STATISTICS - Micro data processing
Paraguay;HS - Continous Household Survey;Share of youth not in employment, education or training (NEET) by sex (%);Male;2017;10.328;;;Repository: ILO-STATISTICS - Micro data processing
Paraguay;HS - Continous Household Survey;Share of youth not in employment, education or training (NEET) by sex (%);Female;2017;27.637;;;Repository: ILO-STATISTICS - Micro data processing
Paraguay;HS - Continous Household Survey;Share of youth not in employment, education or training (NEET) by sex (%);Total;2016;18.568;;;Repository: ILO-STATISTICS - Micro data processing
Paraguay;HS - Continous Household Survey;Share of youth not in employment, education or training (NEET) by sex (%);Male;2016;10.011;;;Repository: ILO-STATISTICS - Micro data processing
Paraguay;HS - Continous Household Survey;Share of youth not in employment, education or training (NEET) by sex (%);Female;2016;27.496;;;Repository: ILO-STATISTICS - Micro data processing
Paraguay;HS - Continous Household Survey;Share of youth not in employment, education or training (NEET) by sex (%);Total;2015;17.45;;;Repository: ILO-STATISTICS - Micro data processing
Paraguay;HS - Continous Household Survey;Share of youth not in employment, education or training (NEET) by sex (%);Male;2015;10.8;;;Repository: ILO-STATISTICS - Micro data processing
Paraguay;HS - Continous Household Survey;Share of youth not in employment, education or training (NEET) by sex (%);Female;2015;24.204;;;Repository: ILO-STATISTICS - Micro data processing
Occupied Palestinian Territory;LFS - Labour Force Survey;Share of youth not in employment, education or training (NEET) by sex (%);Total;2022;25.443;;;Repository: ILO-STATISTICS - Micro data processing
Occupied Palestinian Territory;LFS - Labour Force Survey;Share of youth not in employment, education or training (NEET) by sex (%);Male;2022;19.936;;;Repository: ILO-STATISTICS - Micro data processing
Occupied Palestinian Territory;LFS - Labour Force Survey;Share of youth not in employment, education or training (NEET) by sex (%);Female;2022;31.186;;;Repository: ILO-STATISTICS - Micro data processing
Occupied Palestinian Territory;LFS - Labour Force Survey;Share of youth not in employment, education or training (NEET) by sex (%);Total;2021;28.062;;;Repository: ILO-STATISTICS - Micro data processing
Occupied Palestinian Territory;LFS - Labour Force Survey;Share of youth not in employment, education or training (NEET) by sex (%);Male;2021;22.832;;;Repository: ILO-STATISTICS - Micro data processing
Occupied Palestinian Territory;LFS - Labour Force Survey;Share of youth not in employment, education or training (NEET) by sex (%);Female;2021;33.522;;;Repository: ILO-STATISTICS - Micro data processing
Occupied Palestinian Territory;LFS - Labour Force Survey;Share of youth not in employment, education or training (NEET) by sex (%);Total;2020;30.344;;;Repository: ILO-STATISTICS - Micro data processing
Occupied Palestinian Territory;LFS - Labour Force Survey;Share of youth not in employment, education or training (NEET) by sex (%);Male;2020;25.39;;;Repository: ILO-STATISTICS - Micro data processing
Occupied Palestinian Territory;LFS - Labour Force Survey;Share of youth not in employment, education or training (NEET) by sex (%);Female;2020;35.522;;;Repository: ILO-STATISTICS - Micro data processing
Occupied Palestinian Territory;LFS - Labour Force Survey;Share of youth not in employment, education or training (NEET) by sex (%);Total;2019;29.11;;;Repository: ILO-STATISTICS - Micro data processing
Occupied Palestinian Territory;LFS - Labour Force Survey;Share of youth not in employment, education or training (NEET) by sex (%);Male;2019;21.933;;;Repository: ILO-STATISTICS - Micro data processing
Occupied Palestinian Territory;LFS - Labour Force Survey;Share of youth not in employment, education or training (NEET) by sex (%);Female;2019;36.621;;;Repository: ILO-STATISTICS - Micro data processing
Occupied Palestinian Territory;LFS - Labour Force Survey;Share of youth not in employment, education or training (NEET) by sex (%);Total;2018;31.749;;;Repository: ILO-STATISTICS - Micro data processing
Occupied Palestinian Territory;LFS - Labour Force Survey;Share of youth not in employment, education or training (NEET) by sex (%);Male;2018;26.326;;;Repository: ILO-STATISTICS - Micro data processing
Occupied Palestinian Territory;LFS - Labour Force Survey;Share of youth not in employment, education or training (NEET) by sex (%);Female;2018;37.432;;;Repository: ILO-STATISTICS - Micro data processing
Occupied Palestinian Territory;LFS - Labour Force Survey;Share of youth not in employment, education or training (NEET) by sex (%);Total;2017;31.484;;;Repository: ILO-STATISTICS - Micro data processing
Occupied Palestinian Territory;LFS - Labour Force Survey;Share of youth not in employment, education or training (NEET) by sex (%);Male;2017;25.927;;;Repository: ILO-STATISTICS - Micro data processing
Occupied Palestinian Territory;LFS - Labour Force Survey;Share of youth not in employment, education or training (NEET) by sex (%);Female;2017;37.315;;;Repository: ILO-STATISTICS - Micro data processing
Occupied Palestinian Territory;LFS - Labour Force Survey;Share of youth not in employment, education or training (NEET) by sex (%);Total;2016;30.648;;;Repository: ILO-STATISTICS - Micro data processing
Occupied Palestinian Territory;LFS - Labour Force Survey;Share of youth not in employment, education or training (NEET) by sex (%);Male;2016;24.35;;;Repository: ILO-STATISTICS - Micro data processing
Occupied Palestinian Territory;LFS - Labour Force Survey;Share of youth not in employment, education or training (NEET) by sex (%);Female;2016;37.253;;;Repository: ILO-STATISTICS - Micro data processing
Occupied Palestinian Territory;LFS - Labour Force Survey;Share of youth not in employment, education or training (NEET) by sex (%);Total;2015;29.854;;;Repository: ILO-STATISTICS - Micro data processing
Occupied Palestinian Territory;LFS - Labour Force Survey;Share of youth not in employment, education or training (NEET) by sex (%);Male;2015;24.018;;;Repository: ILO-STATISTICS - Micro data processing
Occupied Palestinian Territory;LFS - Labour Force Survey;Share of youth not in employment, education or training (NEET) by sex (%);Female;2015;35.974;;;Repository: ILO-STATISTICS - Micro data processing
Romania;LFS - Household Labour Force Survey;Share of youth not in employment, education or training (NEET) by sex (%);Total;2023;16.541;;;Repository: ILO-STATISTICS - Micro data processing
Romania;LFS - Household Labour Force Survey;Share of youth not in employment, education or training (NEET) by sex (%);Male;2023;13.623;;;Repository: ILO-STATISTICS - Micro data processing
Romania;LFS - Household Labour Force Survey;Share of youth not in employment, education or training (NEET) by sex (%);Female;2023;19.606;;;Repository: ILO-STATISTICS - Micro data processing
Romania;LFS - Household Labour Force Survey;Share of youth not in employment, education or training (NEET) by sex (%);Total;2022;17.518;;;Repository: ILO-STATISTICS - Micro data processing
Romania;LFS - Household Labour Force Survey;Share of youth not in employment, education or training (NEET) by sex (%);Male;2022;14.294;;;Repository: ILO-STATISTICS - Micro data processing
Romania;LFS - Household Labour Force Survey;Share of youth not in employment, education or training (NEET) by sex (%);Female;2022;20.922;;;Repository: ILO-STATISTICS - Micro data processing
Romania;LFS - Household Labour Force Survey;Share of youth not in employment, education or training (NEET) by sex (%);Total;2021;18.015;;;Repository: ILO-STATISTICS - Micro data processing
Romania;LFS - Household Labour Force Survey;Share of youth not in employment, education or training (NEET) by sex (%);Male;2021;14.736;;;Repository: ILO-STATISTICS - Micro data processing
Romania;LFS - Household Labour Force Survey;Share of youth not in employment, education or training (NEET) by sex (%);Female;2021;21.48;;;Repository: ILO-STATISTICS - Micro data processing
Romania;LFS - Household Labour Force Survey;Share of youth not in employment, education or training (NEET) by sex (%);Total;2020;14.754;;;Repository: ILO-STATISTICS - Micro data processing
Romania;LFS - Household Labour Force Survey;Share of youth not in employment, education or training (NEET) by sex (%);Male;2020;11.574;;;Repository: ILO-STATISTICS - Micro data processing
Romania;LFS - Household Labour Force Survey;Share of youth not in employment, education or training (NEET) by sex (%);Female;2020;18.105;;;Repository: ILO-STATISTICS - Micro data processing
Romania;LFS - Household Labour Force Survey;Share of youth not in employment, education or training (NEET) by sex (%);Total;2019;14.657;;;Repository: ILO-STATISTICS - Micro data processing
Romania;LFS - Household Labour Force Survey;Share of youth not in employment, education or training (NEET) by sex (%);Male;2019;11.52;;;Repository: ILO-STATISTICS - Micro data processing
Romania;LFS - Household Labour Force Survey;Share of youth not in employment, education or training (NEET) by sex (%);Female;2019;17.938;;;Repository: ILO-STATISTICS - Micro data processing
Romania;LFS - Household Labour Force Survey;Share of youth not in employment, education or training (NEET) by sex (%);Total;2018;14.517;;;Repository: ILO-STATISTICS - Micro data processing
Romania;LFS - Household Labour Force Survey;Share of youth not in employment, education or training (NEET) by sex (%);Male;2018;11.35;;;Repository: ILO-STATISTICS - Micro data processing
Romania;LFS - Household Labour Force Survey;Share of youth not in employment, education or training (NEET) by sex (%);Female;2018;17.842;;;Repository: ILO-STATISTICS - Micro data processing
Romania;LFS - Household Labour Force Survey;Share of youth not in employment, education or training (NEET) by sex (%);Total;2017;15.154;;;Repository: ILO-STATISTICS - Micro data processing
Romania;LFS - Household Labour Force Survey;Share of youth not in employment, education or training (NEET) by sex (%);Male;2017;12.061;;;Repository: ILO-STATISTICS - Micro data processing
Romania;LFS - Household Labour Force Survey;Share of youth not in employment, education or training (NEET) by sex (%);Female;2017;18.412;;;Repository: ILO-STATISTICS - Micro data processing
Romania;LFS - Household Labour Force Survey;Share of youth not in employment, education or training (NEET) by sex (%);Total;2016;17.382;;;Repository: ILO-STATISTICS - Micro data processing
Romania;LFS - Household Labour Force Survey;Share of youth not in employment, education or training (NEET) by sex (%);Male;2016;14.106;;;Repository: ILO-STATISTICS - Micro data processing
Romania;LFS - Household Labour Force Survey;Share of youth not in employment, education or training (NEET) by sex (%);Female;2016;20.844;;;Repository: ILO-STATISTICS - Micro data processing
Romania;LFS - Household Labour Force Survey;Share of youth not in employment, education or training (NEET) by sex (%);Total;2015;18.084;;;Repository: ILO-STATISTICS - Micro data processing
Romania;LFS - Household Labour Force Survey;Share of youth not in employment, education or training (NEET) by sex (%);Male;2015;14.983;;;Repository: ILO-STATISTICS - Micro data processing
Romania;LFS - Household Labour Force Survey;Share of youth not in employment, education or training (NEET) by sex (%);Female;2015;21.387;;;Repository: ILO-STATISTICS - Micro data processing
Russian Federation;LFS - Labour Force Survey;Share of youth not in employment, education or training (NEET) by sex (%);Total;2023;8.701;;;Repository: ILO-STATISTICS - Micro data processing
Russian Federation;LFS - Labour Force Survey;Share of youth not in employment, education or training (NEET) by sex (%);Male;2023;7.571;;;Repository: ILO-STATISTICS - Micro data processing
Russian Federation;LFS - Labour Force Survey;Share of youth not in employment, education or training (NEET) by sex (%);Female;2023;9.906;;;Repository: ILO-STATISTICS - Micro data processing
Russian Federation;LFS - Labour Force Survey;Share of youth not in employment, education or training (NEET) by sex (%);Total;2022;10.076;;;Repository: ILO-STATISTICS - Micro data processing
Russian Federation;LFS - Labour Force Survey;Share of youth not in employment, education or training (NEET) by sex (%);Male;2022;9.029;;;Repository: ILO-STATISTICS - Micro data processing
Russian Federation;LFS - Labour Force Survey;Share of youth not in employment, education or training (NEET) by sex (%);Female;2022;11.165;;;Repository: ILO-STATISTICS - Micro data processing
Russian Federation;LFS - Labour Force Survey;Share of youth not in employment, education or training (NEET) by sex (%);Total;2016;12.71;;;
Russian Federation;LFS - Labour Force Survey;Share of youth not in employment, education or training (NEET) by sex (%);Male;2016;10.58;;;
Russian Federation;LFS - Labour Force Survey;Share of youth not in employment, education or training (NEET) by sex (%);Female;2016;14.93;;;
Russian Federation;LFS - Labour Force Survey;Share of youth not in employment, education or training (NEET) by sex (%);Total;2015;12.32;;;
Russian Federation;LFS - Labour Force Survey;Share of youth not in employment, education or training (NEET) by sex (%);Male;2015;9.88;;;
Russian Federation;LFS - Labour Force Survey;Share of youth not in employment, education or training (NEET) by sex (%);Female;2015;14.87;;;
Rwanda;LFS - Labour Force Survey;Share of youth not in employment, education or training (NEET) by sex (%);Total;2023;27.923;;;Repository: ILO-STATISTICS - Micro data processing
Rwanda;LFS - Labour Force Survey;Share of youth not in employment, education or training (NEET) by sex (%);Male;2023;24.498;;;Repository: ILO-STATISTICS - Micro data processing
Rwanda;LFS - Labour Force Survey;Share of youth not in employment, education or training (NEET) by sex (%);Female;2023;31.27;;;Repository: ILO-STATISTICS - Micro data processing
Rwanda;LFS - Labour Force Survey;Share of youth not in employment, education or training (NEET) by sex (%);Total;2022;28.584;;;Repository: ILO-STATISTICS - Micro data processing
Rwanda;LFS - Labour Force Survey;Share of youth not in employment, education or training (NEET) by sex (%);Male;2022;27.261;;;Repository: ILO-STATISTICS - Micro data processing
Rwanda;LFS - Labour Force Survey;Share of youth not in employment, education or training (NEET) by sex (%);Female;2022;29.893;;;Repository: ILO-STATISTICS - Micro data processing
Rwanda;LFS - Labour Force Survey;Share of youth not in employment, education or training (NEET) by sex (%);Total;2021;29.042;;;Repository: ILO-STATISTICS - Micro data processing
Rwanda;LFS - Labour Force Survey;Share of youth not in employment, education or training (NEET) by sex (%);Male;2021;27.256;;;Repository: ILO-STATISTICS - Micro data processing
Rwanda;LFS - Labour Force Survey;Share of youth not in employment, education or training (NEET) by sex (%);Female;2021;30.771;;;Repository: ILO-STATISTICS - Micro data processing
Rwanda;LFS - Labour Force Survey;Share of youth not in employment, education or training (NEET) by sex (%);Total;2020;26.139;;;Repository: ILO-STATISTICS - Micro data processing
Rwanda;LFS - Labour Force Survey;Share of youth not in employment, education or training (NEET) by sex (%);Male;2020;22.685;;;Repository: ILO-STATISTICS - Micro data processing
Rwanda;LFS - Labour Force Survey;Share of youth not in employment, education or training (NEET) by sex (%);Female;2020;29.504;;;Repository: ILO-STATISTICS - Micro data processing
Rwanda;LFS - Labour Force Survey;Share of youth not in employment, education or training (NEET) by sex (%);Total;2019;28.55;;;Repository: ILO-STATISTICS - Micro data processing
Rwanda;LFS - Labour Force Survey;Share of youth not in employment, education or training (NEET) by sex (%);Male;2019;24.114;;;Repository: ILO-STATISTICS - Micro data processing
Rwanda;LFS - Labour Force Survey;Share of youth not in employment, education or training (NEET) by sex (%);Female;2019;32.761;;;Repository: ILO-STATISTICS - Micro data processing
Rwanda;LFS - Labour Force Survey;Share of youth not in employment, education or training (NEET) by sex (%);Total;2018;26.304;;;Repository: ILO-STATISTICS - Micro data processing
Rwanda;LFS - Labour Force Survey;Share of youth not in employment, education or training (NEET) by sex (%);Male;2018;21.487;;;Repository: ILO-STATISTICS - Micro data processing
Rwanda;LFS - Labour Force Survey;Share of youth not in employment, education or training (NEET) by sex (%);Female;2018;30.738;;;Repository: ILO-STATISTICS - Micro data processing
Rwanda;LFS - Labour Force Survey;Share of youth not in employment, education or training (NEET) by sex (%);Total;2017;25.594;Break in series;Break in series: Methodology revised;Repository: ILO-STATISTICS - Micro data processing
Rwanda;LFS - Labour Force Survey;Share of youth not in employment, education or training (NEET) by sex (%);Male;2017;20.903;Break in series;Break in series: Methodology revised;Repository: ILO-STATISTICS - Micro data processing
Rwanda;LFS - Labour Force Survey;Share of youth not in employment, education or training (NEET) by sex (%);Female;2017;29.977;Break in series;Break in series: Methodology revised;Repository: ILO-STATISTICS - Micro data processing
Saudi Arabia;LFS - Labour Force Survey;Share of youth not in employment, education or training (NEET) by sex (%);Total;2023;16.986;;;Repository: ILO-STATISTICS - Micro data processing
Saudi Arabia;LFS - Labour Force Survey;Share of youth not in employment, education or training (NEET) by sex (%);Male;2023;13.28;;;Repository: ILO-STATISTICS - Micro data processing
Saudi Arabia;LFS - Labour Force Survey;Share of youth not in employment, education or training (NEET) by sex (%);Female;2023;21.548;;;Repository: ILO-STATISTICS - Micro data processing
Saudi Arabia;LFS - Labour Force Survey;Share of youth not in employment, education or training (NEET) by sex (%);Total;2022;18.369;;;Repository: ILO-STATISTICS - Micro data processing
Saudi Arabia;LFS - Labour Force Survey;Share of youth not in employment, education or training (NEET) by sex (%);Male;2022;13.504;;;Repository: ILO-STATISTICS - Micro data processing
Saudi Arabia;LFS - Labour Force Survey;Share of youth not in employment, education or training (NEET) by sex (%);Female;2022;23.611;;;Repository: ILO-STATISTICS - Micro data processing
Saudi Arabia;LFS - Labour Force Survey;Share of youth not in employment, education or training (NEET) by sex (%);Total;2021;19.22;;;Repository: ILO-STATISTICS - Micro data processing
Saudi Arabia;LFS - Labour Force Survey;Share of youth not in employment, education or training (NEET) by sex (%);Male;2021;14.973;;;Repository: ILO-STATISTICS - Micro data processing
Saudi Arabia;LFS - Labour Force Survey;Share of youth not in employment, education or training (NEET) by sex (%);Female;2021;23.862;;;Repository: ILO-STATISTICS - Micro data processing
Saudi Arabia;LFS - Labour Force Survey;Share of youth not in employment, education or training (NEET) by sex (%);Total;2020;20.323;;;Repository: ILO-STATISTICS - Micro data processing
Saudi Arabia;LFS - Labour Force Survey;Share of youth not in employment, education or training (NEET) by sex (%);Male;2020;14.547;;;Repository: ILO-STATISTICS - Micro data processing
Saudi Arabia;LFS - Labour Force Survey;Share of youth not in employment, education or training (NEET) by sex (%);Female;2020;26.618;;;Repository: ILO-STATISTICS - Micro data processing
Saudi Arabia;LFS - Labour Force Survey;Share of youth not in employment, education or training (NEET) by sex (%);Total;2019;15.6;;;Repository: ILO-STATISTICS - Micro data processing
Saudi Arabia;LFS - Labour Force Survey;Share of youth not in employment, education or training (NEET) by sex (%);Male;2019;8.553;;;Repository: ILO-STATISTICS - Micro data processing
Saudi Arabia;LFS - Labour Force Survey;Share of youth not in employment, education or training (NEET) by sex (%);Female;2019;23.308;;;Repository: ILO-STATISTICS - Micro data processing
Sudan;LFS - Labor Market Panel Survey;Share of youth not in employment, education or training (NEET) by sex (%);Total;2022;46.529;Break in series;Break in series: Methodology revised;Repository: ILO-STATISTICS - Micro data processing
Sudan;LFS - Labor Market Panel Survey;Share of youth not in employment, education or training (NEET) by sex (%);Male;2022;29.563;Break in series;Break in series: Methodology revised;Repository: ILO-STATISTICS - Micro data processing
Sudan;LFS - Labor Market Panel Survey;Share of youth not in employment, education or training (NEET) by sex (%);Female;2022;62.055;Break in series;Break in series: Methodology revised;Repository: ILO-STATISTICS - Micro data processing
Senegal;LFS - National Employment Survey;Share of youth not in employment, education or training (NEET) by sex (%);Total;2023;30.565;;;Repository: ILO-STATISTICS - Micro data processing
Senegal;LFS - National Employment Survey;Share of youth not in employment, education or training (NEET) by sex (%);Male;2023;21.332;;;Repository: ILO-STATISTICS - Micro data processing
Senegal;LFS - National Employment Survey;Share of youth not in employment, education or training (NEET) by sex (%);Female;2023;40.186;;;Repository: ILO-STATISTICS - Micro data processing
Senegal;LFS - National Employment Survey;Share of youth not in employment, education or training (NEET) by sex (%);Total;2022;33.88;;;Repository: ILO-STATISTICS - Micro data processing
Senegal;LFS - National Employment Survey;Share of youth not in employment, education or training (NEET) by sex (%);Male;2022;25.111;;;Repository: ILO-STATISTICS - Micro data processing
Senegal;LFS - National Employment Survey;Share of youth not in employment, education or training (NEET) by sex (%);Female;2022;43.03;;;Repository: ILO-STATISTICS - Micro data processing
Senegal;LFS - National Employment Survey;Share of youth not in employment, education or training (NEET) by sex (%);Total;2019;32.712;;;Repository: ILO-STATISTICS - Micro data processing
Senegal;LFS - National Employment Survey;Share of youth not in employment, education or training (NEET) by sex (%);Male;2019;21.613;;;Repository: ILO-STATISTICS - Micro data processing
Senegal;LFS - National Employment Survey;Share of youth not in employment, education or training (NEET) by sex (%);Female;2019;44.222;;;Repository: ILO-STATISTICS - Micro data processing
Senegal;LFS - National Employment Survey;Share of youth not in employment, education or training (NEET) by sex (%);Total;2017;35.519;;;Repository: ILO-STATISTICS - Micro data processing
Senegal;LFS - National Employment Survey;Share of youth not in employment, education or training (NEET) by sex (%);Male;2017;26.204;;;Repository: ILO-STATISTICS - Micro data processing
Senegal;LFS - National Employment Survey;Share of youth not in employment, education or training (NEET) by sex (%);Female;2017;43.573;;;Repository: ILO-STATISTICS - Micro data processing
Senegal;LFS - National Employment Survey;Share of youth not in employment, education or training (NEET) by sex (%);Total;2016;29.519;;;Repository: ILO-STATISTICS - Micro data processing
Senegal;LFS - National Employment Survey;Share of youth not in employment, education or training (NEET) by sex (%);Male;2016;18.935;;;Repository: ILO-STATISTICS - Micro data processing
Senegal;LFS - National Employment Survey;Share of youth not in employment, education or training (NEET) by sex (%);Female;2016;39.261;;;Repository: ILO-STATISTICS - Micro data processing
Senegal;LFS - National Employment Survey;Share of youth not in employment, education or training (NEET) by sex (%);Total;2015;36.263;;;Repository: ILO-STATISTICS - Micro data processing
Senegal;LFS - National Employment Survey;Share of youth not in employment, education or training (NEET) by sex (%);Male;2015;28.761;;;Repository: ILO-STATISTICS - Micro data processing
Senegal;LFS - National Employment Survey;Share of youth not in employment, education or training (NEET) by sex (%);Female;2015;42.77;;;Repository: ILO-STATISTICS - Micro data processing
Singapore;LFS - Labour Force Survey;Share of youth not in employment, education or training (NEET) by sex (%);Total;2023;6.757;;;Repository: ILO-STATISTICS - Micro data processing
Singapore;LFS - Labour Force Survey;Share of youth not in employment, education or training (NEET) by sex (%);Male;2023;7.528;;;Repository: ILO-STATISTICS - Micro data processing
Singapore;LFS - Labour Force Survey;Share of youth not in employment, education or training (NEET) by sex (%);Female;2023;5.912;;;Repository: ILO-STATISTICS - Micro data processing
Singapore;LFS - Labour Force Survey;Share of youth not in employment, education or training (NEET) by sex (%);Total;2022;6.623;;;Repository: ILO-STATISTICS - Micro data processing
Singapore;LFS - Labour Force Survey;Share of youth not in employment, education or training (NEET) by sex (%);Male;2022;7.555;;;Repository: ILO-STATISTICS - Micro data processing
Singapore;LFS - Labour Force Survey;Share of youth not in employment, education or training (NEET) by sex (%);Female;2022;5.619;;;Repository: ILO-STATISTICS - Micro data processing
Singapore;LFS - Labour Force Survey;Share of youth not in employment, education or training (NEET) by sex (%);Total;2021;7.543;;;Repository: ILO-STATISTICS - Micro data processing
Singapore;LFS - Labour Force Survey;Share of youth not in employment, education or training (NEET) by sex (%);Male;2021;7.78;;;Repository: ILO-STATISTICS - Micro data processing
Singapore;LFS - Labour Force Survey;Share of youth not in employment, education or training (NEET) by sex (%);Female;2021;7.288;;;Repository: ILO-STATISTICS - Micro data processing
Singapore;LFS - Labour Force Survey;Share of youth not in employment, education or training (NEET) by sex (%);Total;2020;4.46;;;Employment definition: Excluding own-use production workers | Population coverage: Nationals, residents
Singapore;LFS - Labour Force Survey;Share of youth not in employment, education or training (NEET) by sex (%);Male;2020;3.41;;;Employment definition: Excluding own-use production workers | Population coverage: Nationals, residents
Singapore;LFS - Labour Force Survey;Share of youth not in employment, education or training (NEET) by sex (%);Female;2020;5.58;;;Employment definition: Excluding own-use production workers | Population coverage: Nationals, residents
Singapore;LFS - Labour Force Survey;Share of youth not in employment, education or training (NEET) by sex (%);Total;2019;4.13;;;Employment definition: Excluding own-use production workers | Population coverage: Nationals, residents
Singapore;LFS - Labour Force Survey;Share of youth not in employment, education or training (NEET) by sex (%);Male;2019;3.19;;;Employment definition: Excluding own-use production workers | Population coverage: Nationals, residents
Singapore;LFS - Labour Force Survey;Share of youth not in employment, education or training (NEET) by sex (%);Female;2019;5.17;;;Employment definition: Excluding own-use production workers | Population coverage: Nationals, residents
Singapore;LFS - Labour Force Survey;Share of youth not in employment, education or training (NEET) by sex (%);Total;2018;4.3;;;Data reference period: June | Population coverage: Nationals, residents
Singapore;LFS - Labour Force Survey;Share of youth not in employment, education or training (NEET) by sex (%);Male;2018;3.1;;;Data reference period: June | Population coverage: Nationals, residents
Singapore;LFS - Labour Force Survey;Share of youth not in employment, education or training (NEET) by sex (%);Female;2018;5.6;;;Data reference period: June | Population coverage: Nationals, residents
Singapore;LFS - Labour Force Survey;Share of youth not in employment, education or training (NEET) by sex (%);Total;2017;4.5;;;Data reference period: June | Population coverage: Nationals, residents
Singapore;LFS - Labour Force Survey;Share of youth not in employment, education or training (NEET) by sex (%);Male;2017;3.6;;;Data reference period: June | Population coverage: Nationals, residents
Singapore;LFS - Labour Force Survey;Share of youth not in employment, education or training (NEET) by sex (%);Female;2017;5.5;;;Data reference period: June | Population coverage: Nationals, residents
Singapore;LFS - Labour Force Survey;Share of youth not in employment, education or training (NEET) by sex (%);Total;2016;4.1;;;Data reference period: June | Population coverage: Nationals, residents
Singapore;LFS - Labour Force Survey;Share of youth not in employment, education or training (NEET) by sex (%);Male;2016;2.9;;;Data reference period: June | Population coverage: Nationals, residents
Singapore;LFS - Labour Force Survey;Share of youth not in employment, education or training (NEET) by sex (%);Female;2016;5.2;;;Data reference period: June | Population coverage: Nationals, residents
Singapore;LFS - Labour Force Survey;Share of youth not in employment, education or training (NEET) by sex (%);Total;2015;3.6;;;Data reference period: June | Population coverage: Nationals, residents
Singapore;LFS - Labour Force Survey;Share of youth not in employment, education or training (NEET) by sex (%);Male;2015;2.7;;;Data reference period: June | Population coverage: Nationals, residents
Singapore;LFS - Labour Force Survey;Share of youth not in employment, education or training (NEET) by sex (%);Female;2015;4.7;;;Data reference period: June | Population coverage: Nationals, residents
Sierra Leone;HS - Integrated Household Survey;Share of youth not in employment, education or training (NEET) by sex (%);Total;2018;33.167;;;Repository: ILO-STATISTICS - Micro data processing
Sierra Leone;HS - Integrated Household Survey;Share of youth not in employment, education or training (NEET) by sex (%);Male;2018;31.227;;;Repository: ILO-STATISTICS - Micro data processing
Sierra Leone;HS - Integrated Household Survey;Share of youth not in employment, education or training (NEET) by sex (%);Female;2018;34.813;;;Repository: ILO-STATISTICS - Micro data processing
El Salvador;HS - Multi-purpose Household Survey;Share of youth not in employment, education or training (NEET) by sex (%);Total;2023;21.518;;;Repository: ILO-STATISTICS - Micro data processing
El Salvador;HS - Multi-purpose Household Survey;Share of youth not in employment, education or training (NEET) by sex (%);Male;2023;11.49;;;Repository: ILO-STATISTICS - Micro data processing
El Salvador;HS - Multi-purpose Household Survey;Share of youth not in employment, education or training (NEET) by sex (%);Female;2023;30.757;;;Repository: ILO-STATISTICS - Micro data processing
El Salvador;HS - Multi-purpose Household Survey;Share of youth not in employment, education or training (NEET) by sex (%);Total;2022;23.462;;;Repository: ILO-STATISTICS - Micro data processing
El Salvador;HS - Multi-purpose Household Survey;Share of youth not in employment, education or training (NEET) by sex (%);Male;2022;12.374;;;Repository: ILO-STATISTICS - Micro data processing
El Salvador;HS - Multi-purpose Household Survey;Share of youth not in employment, education or training (NEET) by sex (%);Female;2022;33.948;;;Repository: ILO-STATISTICS - Micro data processing
El Salvador;HS - Multi-purpose Household Survey;Share of youth not in employment, education or training (NEET) by sex (%);Total;2021;26.152;;;Repository: ILO-STATISTICS - Micro data processing
El Salvador;HS - Multi-purpose Household Survey;Share of youth not in employment, education or training (NEET) by sex (%);Male;2021;14.056;;;Repository: ILO-STATISTICS - Micro data processing
El Salvador;HS - Multi-purpose Household Survey;Share of youth not in employment, education or training (NEET) by sex (%);Female;2021;37.368;;;Repository: ILO-STATISTICS - Micro data processing
El Salvador;HS - Multi-purpose Household Survey;Share of youth not in employment, education or training (NEET) by sex (%);Total;2020;25.169;;;Repository: ILO-STATISTICS - Micro data processing
El Salvador;HS - Multi-purpose Household Survey;Share of youth not in employment, education or training (NEET) by sex (%);Male;2020;14.542;;;Repository: ILO-STATISTICS - Micro data processing
El Salvador;HS - Multi-purpose Household Survey;Share of youth not in employment, education or training (NEET) by sex (%);Female;2020;35.615;;;Repository: ILO-STATISTICS - Micro data processing
El Salvador;HS - Multi-purpose Household Survey;Share of youth not in employment, education or training (NEET) by sex (%);Total;2019;27.94;;;Repository: ILO-STATISTICS - Micro data processing | Age coverage - minimum age: 16 years old
El Salvador;HS - Multi-purpose Household Survey;Share of youth not in employment, education or training (NEET) by sex (%);Male;2019;14.902;;;Repository: ILO-STATISTICS - Micro data processing | Age coverage - minimum age: 16 years old
El Salvador;HS - Multi-purpose Household Survey;Share of youth not in employment, education or training (NEET) by sex (%);Female;2019;39.816;;;Repository: ILO-STATISTICS - Micro data processing | Age coverage - minimum age: 16 years old
El Salvador;HS - Multi-purpose Household Survey;Share of youth not in employment, education or training (NEET) by sex (%);Total;2018;27.149;;;Repository: ILO-STATISTICS - Micro data processing | Age coverage - minimum age: 16 years old
El Salvador;HS - Multi-purpose Household Survey;Share of youth not in employment, education or training (NEET) by sex (%);Male;2018;14.522;;;Repository: ILO-STATISTICS - Micro data processing | Age coverage - minimum age: 16 years old
El Salvador;HS - Multi-purpose Household Survey;Share of youth not in employment, education or training (NEET) by sex (%);Female;2018;39.139;;;Repository: ILO-STATISTICS - Micro data processing | Age coverage - minimum age: 16 years old
El Salvador;HS - Multi-purpose Household Survey;Share of youth not in employment, education or training (NEET) by sex (%);Total;2017;28.398;;;Repository: ILO-STATISTICS - Micro data processing | Age coverage - minimum age: 16 years old
El Salvador;HS - Multi-purpose Household Survey;Share of youth not in employment, education or training (NEET) by sex (%);Male;2017;14.914;;;Repository: ILO-STATISTICS - Micro data processing | Age coverage - minimum age: 16 years old
El Salvador;HS - Multi-purpose Household Survey;Share of youth not in employment, education or training (NEET) by sex (%);Female;2017;40.954;;;Repository: ILO-STATISTICS - Micro data processing | Age coverage - minimum age: 16 years old
El Salvador;HS - Multi-purpose Household Survey;Share of youth not in employment, education or training (NEET) by sex (%);Total;2016;28.224;;;Repository: ILO-STATISTICS - Micro data processing | Age coverage - minimum age: 16 years old
El Salvador;HS - Multi-purpose Household Survey;Share of youth not in employment, education or training (NEET) by sex (%);Male;2016;15.394;;;Repository: ILO-STATISTICS - Micro data processing | Age coverage - minimum age: 16 years old
El Salvador;HS - Multi-purpose Household Survey;Share of youth not in employment, education or training (NEET) by sex (%);Female;2016;40.258;;;Repository: ILO-STATISTICS - Micro data processing | Age coverage - minimum age: 16 years old
El Salvador;HS - Multi-purpose Household Survey;Share of youth not in employment, education or training (NEET) by sex (%);Total;2015;28.541;;;Repository: ILO-STATISTICS - Micro data processing | Age coverage - minimum age: 16 years old
El Salvador;HS - Multi-purpose Household Survey;Share of youth not in employment, education or training (NEET) by sex (%);Male;2015;15.549;;;Repository: ILO-STATISTICS - Micro data processing | Age coverage - minimum age: 16 years old
El Salvador;HS - Multi-purpose Household Survey;Share of youth not in employment, education or training (NEET) by sex (%);Female;2015;41.243;;;Repository: ILO-STATISTICS - Micro data processing | Age coverage - minimum age: 16 years old
Somalia;LFS - Labour Force Survey;Share of youth not in employment, education or training (NEET) by sex (%);Total;2019;43.734;;;Repository: ILO-STATISTICS - Micro data processing
Somalia;LFS - Labour Force Survey;Share of youth not in employment, education or training (NEET) by sex (%);Male;2019;37.23;;;Repository: ILO-STATISTICS - Micro data processing
Somalia;LFS - Labour Force Survey;Share of youth not in employment, education or training (NEET) by sex (%);Female;2019;49.728;;;Repository: ILO-STATISTICS - Micro data processing
Serbia;LFS - Labour Force Survey;Share of youth not in employment, education or training (NEET) by sex (%);Total;2023;12.397;;;Repository: ILO-STATISTICS - Micro data processing
Serbia;LFS - Labour Force Survey;Share of youth not in employment, education or training (NEET) by sex (%);Male;2023;12.626;;;Repository: ILO-STATISTICS - Micro data processing
Serbia;LFS - Labour Force Survey;Share of youth not in employment, education or training (NEET) by sex (%);Female;2023;12.157;;;Repository: ILO-STATISTICS - Micro data processing
Serbia;LFS - Labour Force Survey;Share of youth not in employment, education or training (NEET) by sex (%);Total;2022;13.231;;;Repository: ILO-STATISTICS - Micro data processing
Serbia;LFS - Labour Force Survey;Share of youth not in employment, education or training (NEET) by sex (%);Male;2022;13.281;;;Repository: ILO-STATISTICS - Micro data processing
Serbia;LFS - Labour Force Survey;Share of youth not in employment, education or training (NEET) by sex (%);Female;2022;13.178;;;Repository: ILO-STATISTICS - Micro data processing
Serbia;LFS - Labour Force Survey;Share of youth not in employment, education or training (NEET) by sex (%);Total;2021;16.714;;;Repository: ILO-STATISTICS - Micro data processing
Serbia;LFS - Labour Force Survey;Share of youth not in employment, education or training (NEET) by sex (%);Male;2021;16.631;;;Repository: ILO-STATISTICS - Micro data processing
Serbia;LFS - Labour Force Survey;Share of youth not in employment, education or training (NEET) by sex (%);Female;2021;16.801;;;Repository: ILO-STATISTICS - Micro data processing
Serbia;LFS - Labour Force Survey;Share of youth not in employment, education or training (NEET) by sex (%);Total;2020;16.177;;;Repository: ILO-STATISTICS - Micro data processing
Serbia;LFS - Labour Force Survey;Share of youth not in employment, education or training (NEET) by sex (%);Male;2020;17.198;;;Repository: ILO-STATISTICS - Micro data processing
Serbia;LFS - Labour Force Survey;Share of youth not in employment, education or training (NEET) by sex (%);Female;2020;15.093;;;Repository: ILO-STATISTICS - Micro data processing
Serbia;LFS - Labour Force Survey;Share of youth not in employment, education or training (NEET) by sex (%);Total;2019;15.663;;;Repository: ILO-STATISTICS - Micro data processing
Serbia;LFS - Labour Force Survey;Share of youth not in employment, education or training (NEET) by sex (%);Male;2019;15.17;;;Repository: ILO-STATISTICS - Micro data processing
Serbia;LFS - Labour Force Survey;Share of youth not in employment, education or training (NEET) by sex (%);Female;2019;16.186;;;Repository: ILO-STATISTICS - Micro data processing
Serbia;LFS - Labour Force Survey;Share of youth not in employment, education or training (NEET) by sex (%);Total;2018;16.98;;;Repository: ILO-STATISTICS - Micro data processing
Serbia;LFS - Labour Force Survey;Share of youth not in employment, education or training (NEET) by sex (%);Male;2018;16.48;;;Repository: ILO-STATISTICS - Micro data processing
Serbia;LFS - Labour Force Survey;Share of youth not in employment, education or training (NEET) by sex (%);Female;2018;17.51;;;Repository: ILO-STATISTICS - Micro data processing
Serbia;LFS - Labour Force Survey;Share of youth not in employment, education or training (NEET) by sex (%);Total;2017;17.582;;;Repository: ILO-STATISTICS - Micro data processing
Serbia;LFS - Labour Force Survey;Share of youth not in employment, education or training (NEET) by sex (%);Male;2017;17.511;;;Repository: ILO-STATISTICS - Micro data processing
Serbia;LFS - Labour Force Survey;Share of youth not in employment, education or training (NEET) by sex (%);Female;2017;17.659;;;Repository: ILO-STATISTICS - Micro data processing
Serbia;LFS - Labour Force Survey;Share of youth not in employment, education or training (NEET) by sex (%);Total;2016;18.076;;;Repository: ILO-STATISTICS - Micro data processing
Serbia;LFS - Labour Force Survey;Share of youth not in employment, education or training (NEET) by sex (%);Male;2016;17.511;;;Repository: ILO-STATISTICS - Micro data processing
Serbia;LFS - Labour Force Survey;Share of youth not in employment, education or training (NEET) by sex (%);Female;2016;18.674;;;Repository: ILO-STATISTICS - Micro data processing
Serbia;LFS - Labour Force Survey;Share of youth not in employment, education or training (NEET) by sex (%);Total;2015;20.363;;;Repository: ILO-STATISTICS - Micro data processing
Serbia;LFS - Labour Force Survey;Share of youth not in employment, education or training (NEET) by sex (%);Male;2015;20.645;;;Repository: ILO-STATISTICS - Micro data processing
Serbia;LFS - Labour Force Survey;Share of youth not in employment, education or training (NEET) by sex (%);Female;2015;20.065;;;Repository: ILO-STATISTICS - Micro data processing
Sao Tome and Principe;HIES - Household Budget Survey;Share of youth not in employment, education or training (NEET) by sex (%);Total;2017;48.73;;;Repository: ILO-STATISTICS - Micro data processing | Age coverage - minimum age: Less than or equal to 9 years old
Sao Tome and Principe;HIES - Household Budget Survey;Share of youth not in employment, education or training (NEET) by sex (%);Male;2017;47.621;;;Repository: ILO-STATISTICS - Micro data processing | Age coverage - minimum age: Less than or equal to 9 years old
Sao Tome and Principe;HIES - Household Budget Survey;Share of youth not in employment, education or training (NEET) by sex (%);Female;2017;49.819;;;Repository: ILO-STATISTICS - Micro data processing | Age coverage - minimum age: Less than or equal to 9 years old
Suriname;HIES - Survey on Living Conditions;Share of youth not in employment, education or training (NEET) by sex (%);Total;2016;18.193;;;Repository: ILO-STATISTICS - Micro data processing
Suriname;HIES - Survey on Living Conditions;Share of youth not in employment, education or training (NEET) by sex (%);Male;2016;14.727;;;Repository: ILO-STATISTICS - Micro data processing
Suriname;HIES - Survey on Living Conditions;Share of youth not in employment, education or training (NEET) by sex (%);Female;2016;21.849;;;Repository: ILO-STATISTICS - Micro data processing
Slovakia;LFS - Labour Force Survey;Share of youth not in employment, education or training (NEET) by sex (%);Total;2023;9.166;;;Repository: ILO-STATISTICS - Micro data processing
Slovakia;LFS - Labour Force Survey;Share of youth not in employment, education or training (NEET) by sex (%);Male;2023;10.24;;;Repository: ILO-STATISTICS - Micro data processing
Slovakia;LFS - Labour Force Survey;Share of youth not in employment, education or training (NEET) by sex (%);Female;2023;8.044;;;Repository: ILO-STATISTICS - Micro data processing
Slovakia;LFS - Labour Force Survey;Share of youth not in employment, education or training (NEET) by sex (%);Total;2022;9.995;;;Repository: ILO-STATISTICS - Micro data processing
Slovakia;LFS - Labour Force Survey;Share of youth not in employment, education or training (NEET) by sex (%);Male;2022;10.387;;;Repository: ILO-STATISTICS - Micro data processing
Slovakia;LFS - Labour Force Survey;Share of youth not in employment, education or training (NEET) by sex (%);Female;2022;9.584;;;Repository: ILO-STATISTICS - Micro data processing
Slovakia;LFS - Labour Force Survey;Share of youth not in employment, education or training (NEET) by sex (%);Total;2021;11.075;Break in series;Break in series: Methodology revised;Repository: ILO-STATISTICS - Micro data processing
Slovakia;LFS - Labour Force Survey;Share of youth not in employment, education or training (NEET) by sex (%);Male;2021;10.682;Break in series;Break in series: Methodology revised;Repository: ILO-STATISTICS - Micro data processing
Slovakia;LFS - Labour Force Survey;Share of youth not in employment, education or training (NEET) by sex (%);Female;2021;11.487;Break in series;Break in series: Methodology revised;Repository: ILO-STATISTICS - Micro data processing
Slovakia;LFS - Labour Force Survey;Share of youth not in employment, education or training (NEET) by sex (%);Total;2020;10.748;;;Repository: ILO-STATISTICS - Micro data processing
Slovakia;LFS - Labour Force Survey;Share of youth not in employment, education or training (NEET) by sex (%);Male;2020;9.773;;;Repository: ILO-STATISTICS - Micro data processing
Slovakia;LFS - Labour Force Survey;Share of youth not in employment, education or training (NEET) by sex (%);Female;2020;11.775;;;Repository: ILO-STATISTICS - Micro data processing
Slovakia;LFS - Labour Force Survey;Share of youth not in employment, education or training (NEET) by sex (%);Total;2019;10.479;;;Repository: ILO-STATISTICS - Micro data processing
Slovakia;LFS - Labour Force Survey;Share of youth not in employment, education or training (NEET) by sex (%);Male;2019;9.221;;;Repository: ILO-STATISTICS - Micro data processing
Slovakia;LFS - Labour Force Survey;Share of youth not in employment, education or training (NEET) by sex (%);Female;2019;11.802;;;Repository: ILO-STATISTICS - Micro data processing
Slovakia;LFS - Labour Force Survey;Share of youth not in employment, education or training (NEET) by sex (%);Total;2018;10.405;;;Repository: ILO-STATISTICS - Micro data processing
Slovakia;LFS - Labour Force Survey;Share of youth not in employment, education or training (NEET) by sex (%);Male;2018;8.572;;;Repository: ILO-STATISTICS - Micro data processing
Slovakia;LFS - Labour Force Survey;Share of youth not in employment, education or training (NEET) by sex (%);Female;2018;12.331;;;Repository: ILO-STATISTICS - Micro data processing
Slovakia;LFS - Labour Force Survey;Share of youth not in employment, education or training (NEET) by sex (%);Total;2017;12.326;;;Repository: ILO-STATISTICS - Micro data processing
Slovakia;LFS - Labour Force Survey;Share of youth not in employment, education or training (NEET) by sex (%);Male;2017;10.673;;;Repository: ILO-STATISTICS - Micro data processing
Slovakia;LFS - Labour Force Survey;Share of youth not in employment, education or training (NEET) by sex (%);Female;2017;14.062;;;Repository: ILO-STATISTICS - Micro data processing
Slovakia;LFS - Labour Force Survey;Share of youth not in employment, education or training (NEET) by sex (%);Total;2016;12.688;;;Repository: ILO-STATISTICS - Micro data processing
Slovakia;LFS - Labour Force Survey;Share of youth not in employment, education or training (NEET) by sex (%);Male;2016;11.271;;;Repository: ILO-STATISTICS - Micro data processing
Slovakia;LFS - Labour Force Survey;Share of youth not in employment, education or training (NEET) by sex (%);Female;2016;14.172;;;Repository: ILO-STATISTICS - Micro data processing
Slovakia;LFS - Labour Force Survey;Share of youth not in employment, education or training (NEET) by sex (%);Total;2015;13.973;;;Repository: ILO-STATISTICS - Micro data processing
Slovakia;LFS - Labour Force Survey;Share of youth not in employment, education or training (NEET) by sex (%);Male;2015;13.582;;;Repository: ILO-STATISTICS - Micro data processing
Slovakia;LFS - Labour Force Survey;Share of youth not in employment, education or training (NEET) by sex (%);Female;2015;14.383;;;Repository: ILO-STATISTICS - Micro data processing
Slovenia;LFS - Labour Force Survey;Share of youth not in employment, education or training (NEET) by sex (%);Total;2023;7.27;;;Repository: ILO-STATISTICS - Micro data processing
Slovenia;LFS - Labour Force Survey;Share of youth not in employment, education or training (NEET) by sex (%);Male;2023;7.082;;;Repository: ILO-STATISTICS - Micro data processing
Slovenia;LFS - Labour Force Survey;Share of youth not in employment, education or training (NEET) by sex (%);Female;2023;7.484;;;Repository: ILO-STATISTICS - Micro data processing
Slovenia;LFS - Labour Force Survey;Share of youth not in employment, education or training (NEET) by sex (%);Total;2022;8.234;;;Repository: ILO-STATISTICS - Micro data processing
Slovenia;LFS - Labour Force Survey;Share of youth not in employment, education or training (NEET) by sex (%);Male;2022;7.48;;;Repository: ILO-STATISTICS - Micro data processing
Slovenia;LFS - Labour Force Survey;Share of youth not in employment, education or training (NEET) by sex (%);Female;2022;9.07;;;Repository: ILO-STATISTICS - Micro data processing
Slovenia;LFS - Labour Force Survey;Share of youth not in employment, education or training (NEET) by sex (%);Total;2021;6.597;;;Repository: ILO-STATISTICS - Micro data processing
Slovenia;LFS - Labour Force Survey;Share of youth not in employment, education or training (NEET) by sex (%);Male;2021;6.802;;;Repository: ILO-STATISTICS - Micro data processing
Slovenia;LFS - Labour Force Survey;Share of youth not in employment, education or training (NEET) by sex (%);Female;2021;6.371;;;Repository: ILO-STATISTICS - Micro data processing
Slovenia;LFS - Labour Force Survey;Share of youth not in employment, education or training (NEET) by sex (%);Total;2020;7.683;;;Repository: ILO-STATISTICS - Micro data processing
Slovenia;LFS - Labour Force Survey;Share of youth not in employment, education or training (NEET) by sex (%);Male;2020;6.929;;;Repository: ILO-STATISTICS - Micro data processing
Slovenia;LFS - Labour Force Survey;Share of youth not in employment, education or training (NEET) by sex (%);Female;2020;8.533;;;Repository: ILO-STATISTICS - Micro data processing
Slovenia;LFS - Labour Force Survey;Share of youth not in employment, education or training (NEET) by sex (%);Total;2019;7.029;;;Repository: ILO-STATISTICS - Micro data processing
Slovenia;LFS - Labour Force Survey;Share of youth not in employment, education or training (NEET) by sex (%);Male;2019;6.047;;;Repository: ILO-STATISTICS - Micro data processing
Slovenia;LFS - Labour Force Survey;Share of youth not in employment, education or training (NEET) by sex (%);Female;2019;8.136;;;Repository: ILO-STATISTICS - Micro data processing
Slovenia;LFS - Labour Force Survey;Share of youth not in employment, education or training (NEET) by sex (%);Total;2018;6.619;;;Repository: ILO-STATISTICS - Micro data processing
Slovenia;LFS - Labour Force Survey;Share of youth not in employment, education or training (NEET) by sex (%);Male;2018;6.079;;;Repository: ILO-STATISTICS - Micro data processing
Slovenia;LFS - Labour Force Survey;Share of youth not in employment, education or training (NEET) by sex (%);Female;2018;7.217;;;Repository: ILO-STATISTICS - Micro data processing
Slovenia;LFS - Labour Force Survey;Share of youth not in employment, education or training (NEET) by sex (%);Total;2017;6.518;;;Repository: ILO-STATISTICS - Micro data processing
Slovenia;LFS - Labour Force Survey;Share of youth not in employment, education or training (NEET) by sex (%);Male;2017;6.749;;;Repository: ILO-STATISTICS - Micro data processing
Slovenia;LFS - Labour Force Survey;Share of youth not in employment, education or training (NEET) by sex (%);Female;2017;6.259;;;Repository: ILO-STATISTICS - Micro data processing
Slovenia;LFS - Labour Force Survey;Share of youth not in employment, education or training (NEET) by sex (%);Total;2016;8.032;;;Repository: ILO-STATISTICS - Micro data processing
Slovenia;LFS - Labour Force Survey;Share of youth not in employment, education or training (NEET) by sex (%);Male;2016;9.084;;;Repository: ILO-STATISTICS - Micro data processing
Slovenia;LFS - Labour Force Survey;Share of youth not in employment, education or training (NEET) by sex (%);Female;2016;6.949;;;Repository: ILO-STATISTICS - Micro data processing
Slovenia;LFS - Labour Force Survey;Share of youth not in employment, education or training (NEET) by sex (%);Total;2015;9.506;;;Repository: ILO-STATISTICS - Micro data processing
Slovenia;LFS - Labour Force Survey;Share of youth not in employment, education or training (NEET) by sex (%);Male;2015;9.95;;;Repository: ILO-STATISTICS - Micro data processing
Slovenia;LFS - Labour Force Survey;Share of youth not in employment, education or training (NEET) by sex (%);Female;2015;9.05;;;Repository: ILO-STATISTICS - Micro data processing
Sweden;LFS - EU Labour Force Survey;Share of youth not in employment, education or training (NEET) by sex (%);Total;2023;5.12;;;Repository: ILO-STATISTICS - Micro data processing
Sweden;LFS - EU Labour Force Survey;Share of youth not in employment, education or training (NEET) by sex (%);Male;2023;5.082;;;Repository: ILO-STATISTICS - Micro data processing
Sweden;LFS - EU Labour Force Survey;Share of youth not in employment, education or training (NEET) by sex (%);Female;2023;5.16;;;Repository: ILO-STATISTICS - Micro data processing
Sweden;LFS - EU Labour Force Survey;Share of youth not in employment, education or training (NEET) by sex (%);Total;2022;4.948;;;Repository: ILO-STATISTICS - Micro data processing
Sweden;LFS - EU Labour Force Survey;Share of youth not in employment, education or training (NEET) by sex (%);Male;2022;5.065;;;Repository: ILO-STATISTICS - Micro data processing
Sweden;LFS - EU Labour Force Survey;Share of youth not in employment, education or training (NEET) by sex (%);Female;2022;4.819;;;Repository: ILO-STATISTICS - Micro data processing
Sweden;LFS - EU Labour Force Survey;Share of youth not in employment, education or training (NEET) by sex (%);Total;2021;5.061;;;Repository: ILO-STATISTICS - Micro data processing
Sweden;LFS - EU Labour Force Survey;Share of youth not in employment, education or training (NEET) by sex (%);Male;2021;5.426;;;Repository: ILO-STATISTICS - Micro data processing
Sweden;LFS - EU Labour Force Survey;Share of youth not in employment, education or training (NEET) by sex (%);Female;2021;4.661;;;Repository: ILO-STATISTICS - Micro data processing
Sweden;LFS - EU Labour Force Survey;Share of youth not in employment, education or training (NEET) by sex (%);Total;2020;6.517;;;Repository: ILO-STATISTICS - Micro data processing
Sweden;LFS - EU Labour Force Survey;Share of youth not in employment, education or training (NEET) by sex (%);Male;2020;6.61;;;Repository: ILO-STATISTICS - Micro data processing
Sweden;LFS - EU Labour Force Survey;Share of youth not in employment, education or training (NEET) by sex (%);Female;2020;6.414;;;Repository: ILO-STATISTICS - Micro data processing
Sweden;LFS - EU Labour Force Survey;Share of youth not in employment, education or training (NEET) by sex (%);Total;2019;5.527;;;Repository: ILO-STATISTICS - Micro data processing
Sweden;LFS - EU Labour Force Survey;Share of youth not in employment, education or training (NEET) by sex (%);Male;2019;5.633;;;Repository: ILO-STATISTICS - Micro data processing
Sweden;LFS - EU Labour Force Survey;Share of youth not in employment, education or training (NEET) by sex (%);Female;2019;5.41;;;Repository: ILO-STATISTICS - Micro data processing
Sweden;LFS - EU Labour Force Survey;Share of youth not in employment, education or training (NEET) by sex (%);Total;2018;6.174;;;Repository: ILO-STATISTICS - Micro data processing
Sweden;LFS - EU Labour Force Survey;Share of youth not in employment, education or training (NEET) by sex (%);Male;2018;6.346;;;Repository: ILO-STATISTICS - Micro data processing
Sweden;LFS - EU Labour Force Survey;Share of youth not in employment, education or training (NEET) by sex (%);Female;2018;5.987;;;Repository: ILO-STATISTICS - Micro data processing
Sweden;LFS - EU Labour Force Survey;Share of youth not in employment, education or training (NEET) by sex (%);Total;2017;6.273;;;Repository: ILO-STATISTICS - Micro data processing
Sweden;LFS - EU Labour Force Survey;Share of youth not in employment, education or training (NEET) by sex (%);Male;2017;6.274;;;Repository: ILO-STATISTICS - Micro data processing
Sweden;LFS - EU Labour Force Survey;Share of youth not in employment, education or training (NEET) by sex (%);Female;2017;6.273;;;Repository: ILO-STATISTICS - Micro data processing
Sweden;LFS - EU Labour Force Survey;Share of youth not in employment, education or training (NEET) by sex (%);Total;2016;6.589;;;Repository: ILO-STATISTICS - Micro data processing
Sweden;LFS - EU Labour Force Survey;Share of youth not in employment, education or training (NEET) by sex (%);Male;2016;6.973;;;Repository: ILO-STATISTICS - Micro data processing
Sweden;LFS - EU Labour Force Survey;Share of youth not in employment, education or training (NEET) by sex (%);Female;2016;6.178;;;Repository: ILO-STATISTICS - Micro data processing
Sweden;LFS - EU Labour Force Survey;Share of youth not in employment, education or training (NEET) by sex (%);Total;2015;6.809;;;Repository: ILO-STATISTICS - Micro data processing
Sweden;LFS - EU Labour Force Survey;Share of youth not in employment, education or training (NEET) by sex (%);Male;2015;7.006;;;Repository: ILO-STATISTICS - Micro data processing
Sweden;LFS - EU Labour Force Survey;Share of youth not in employment, education or training (NEET) by sex (%);Female;2015;6.599;;;Repository: ILO-STATISTICS - Micro data processing
Eswatini;LFS - Labour Force Survey;Share of youth not in employment, education or training (NEET) by sex (%);Total;2023;36.472;;;Repository: ILO-STATISTICS - Micro data processing
Eswatini;LFS - Labour Force Survey;Share of youth not in employment, education or training (NEET) by sex (%);Male;2023;33.854;;;Repository: ILO-STATISTICS - Micro data processing
Eswatini;LFS - Labour Force Survey;Share of youth not in employment, education or training (NEET) by sex (%);Female;2023;39.031;;;Repository: ILO-STATISTICS - Micro data processing
Eswatini;LFS - Labour Force Survey;Share of youth not in employment, education or training (NEET) by sex (%);Total;2021;34.389;;;Repository: ILO-STATISTICS - Micro data processing
Eswatini;LFS - Labour Force Survey;Share of youth not in employment, education or training (NEET) by sex (%);Male;2021;29.88;;;Repository: ILO-STATISTICS - Micro data processing
Eswatini;LFS - Labour Force Survey;Share of youth not in employment, education or training (NEET) by sex (%);Female;2021;38.883;;;Repository: ILO-STATISTICS - Micro data processing
Eswatini;LFS - Labour Force Survey;Share of youth not in employment, education or training (NEET) by sex (%);Total;2016;35.498;;;Repository: ILO-STATISTICS - Micro data processing
Eswatini;LFS - Labour Force Survey;Share of youth not in employment, education or training (NEET) by sex (%);Male;2016;29.917;;;Repository: ILO-STATISTICS - Micro data processing
Eswatini;LFS - Labour Force Survey;Share of youth not in employment, education or training (NEET) by sex (%);Female;2016;41.195;;;Repository: ILO-STATISTICS - Micro data processing
Seychelles;LFS - Labour Force Survey;Share of youth not in employment, education or training (NEET) by sex (%);Total;2023;20.365;;;Repository: ILO-STATISTICS - Micro data processing
Seychelles;LFS - Labour Force Survey;Share of youth not in employment, education or training (NEET) by sex (%);Male;2023;23.465;;;Repository: ILO-STATISTICS - Micro data processing
Seychelles;LFS - Labour Force Survey;Share of youth not in employment, education or training (NEET) by sex (%);Female;2023;17.112;;;Repository: ILO-STATISTICS - Micro data processing
Seychelles;LFS - Labour Force Survey;Share of youth not in employment, education or training (NEET) by sex (%);Total;2020;26.009;;;Repository: ILO-STATISTICS - Micro data processing
Seychelles;LFS - Labour Force Survey;Share of youth not in employment, education or training (NEET) by sex (%);Male;2020;29.821;;;Repository: ILO-STATISTICS - Micro data processing
Seychelles;LFS - Labour Force Survey;Share of youth not in employment, education or training (NEET) by sex (%);Female;2020;22.152;;;Repository: ILO-STATISTICS - Micro data processing
Seychelles;LFS - Labour Force Survey;Share of youth not in employment, education or training (NEET) by sex (%);Total;2019;21.822;;;Repository: ILO-STATISTICS - Micro data processing
Seychelles;LFS - Labour Force Survey;Share of youth not in employment, education or training (NEET) by sex (%);Male;2019;21.282;;;Repository: ILO-STATISTICS - Micro data processing
Seychelles;LFS - Labour Force Survey;Share of youth not in employment, education or training (NEET) by sex (%);Female;2019;22.358;;;Repository: ILO-STATISTICS - Micro data processing
Chad;HIES - Modular and Integrated Household Survey on Living Conditions;Share of youth not in employment, education or training (NEET) by sex (%);Total;2018;37.047;;;Repository: ILO-STATISTICS - Micro data processing
Chad;HIES - Modular and Integrated Household Survey on Living Conditions;Share of youth not in employment, education or training (NEET) by sex (%);Male;2018;24.814;;;Repository: ILO-STATISTICS - Micro data processing
Chad;HIES - Modular and Integrated Household Survey on Living Conditions;Share of youth not in employment, education or training (NEET) by sex (%);Female;2018;46.376;;;Repository: ILO-STATISTICS - Micro data processing
Togo;HIES - Living Standards Measurement Survey;Share of youth not in employment, education or training (NEET) by sex (%);Total;2022;13.02;;;Repository: ILO-STATISTICS - Micro data processing
Togo;HIES - Living Standards Measurement Survey;Share of youth not in employment, education or training (NEET) by sex (%);Male;2022;10.347;;;Repository: ILO-STATISTICS - Micro data processing
Togo;HIES - Living Standards Measurement Survey;Share of youth not in employment, education or training (NEET) by sex (%);Female;2022;15.486;;;Repository: ILO-STATISTICS - Micro data processing
Togo;HIES - Living Standards Measurement Survey;Share of youth not in employment, education or training (NEET) by sex (%);Total;2019;10.398;;;Repository: ILO-STATISTICS - Micro data processing
Togo;HIES - Living Standards Measurement Survey;Share of youth not in employment, education or training (NEET) by sex (%);Male;2019;5.681;;;Repository: ILO-STATISTICS - Micro data processing
Togo;HIES - Living Standards Measurement Survey;Share of youth not in employment, education or training (NEET) by sex (%);Female;2019;14.862;;;Repository: ILO-STATISTICS - Micro data processing
Togo;LFS - Regional Integrated Survey on Employment and the Informal Sector;Share of youth not in employment, education or training (NEET) by sex (%);Total;2017;25.078;Break in series;Break in series: Methodology revised;Repository: ILO-STATISTICS - Micro data processing | Age coverage - maximum age: 75 years old
Togo;LFS - Regional Integrated Survey on Employment and the Informal Sector;Share of youth not in employment, education or training (NEET) by sex (%);Male;2017;18.28;Break in series;Break in series: Methodology revised;Repository: ILO-STATISTICS - Micro data processing | Age coverage - maximum age: 75 years old
Togo;LFS - Regional Integrated Survey on Employment and the Informal Sector;Share of youth not in employment, education or training (NEET) by sex (%);Female;2017;31.534;Break in series;Break in series: Methodology revised;Repository: ILO-STATISTICS - Micro data processing | Age coverage - maximum age: 75 years old
Togo;HS - Questionnaire on Indicators of Well-being;Share of youth not in employment, education or training (NEET) by sex (%);Total;2015;17.759;;;Repository: ILO-STATISTICS - Micro data processing
Togo;HS - Questionnaire on Indicators of Well-being;Share of youth not in employment, education or training (NEET) by sex (%);Male;2015;15.053;;;Repository: ILO-STATISTICS - Micro data processing
Togo;HS - Questionnaire on Indicators of Well-being;Share of youth not in employment, education or training (NEET) by sex (%);Female;2015;20.874;;;Repository: ILO-STATISTICS - Micro data processing
Thailand;LFS - Labour Force Survey;Share of youth not in employment, education or training (NEET) by sex (%);Total;2023;12.463;;;Repository: ILO-STATISTICS - Micro data processing
Thailand;LFS - Labour Force Survey;Share of youth not in employment, education or training (NEET) by sex (%);Male;2023;9.396;;;Repository: ILO-STATISTICS - Micro data processing
Thailand;LFS - Labour Force Survey;Share of youth not in employment, education or training (NEET) by sex (%);Female;2023;15.546;;;Repository: ILO-STATISTICS - Micro data processing
Thailand;LFS - Labour Force Survey;Share of youth not in employment, education or training (NEET) by sex (%);Total;2022;13.347;;;Repository: ILO-STATISTICS - Micro data processing
Thailand;LFS - Labour Force Survey;Share of youth not in employment, education or training (NEET) by sex (%);Male;2022;10.336;;;Repository: ILO-STATISTICS - Micro data processing
Thailand;LFS - Labour Force Survey;Share of youth not in employment, education or training (NEET) by sex (%);Female;2022;16.374;;;Repository: ILO-STATISTICS - Micro data processing
Thailand;LFS - Labour Force Survey;Share of youth not in employment, education or training (NEET) by sex (%);Total;2021;14.751;;;Repository: ILO-STATISTICS - Micro data processing
Thailand;LFS - Labour Force Survey;Share of youth not in employment, education or training (NEET) by sex (%);Male;2021;11.36;;;Repository: ILO-STATISTICS - Micro data processing
Thailand;LFS - Labour Force Survey;Share of youth not in employment, education or training (NEET) by sex (%);Female;2021;18.237;;;Repository: ILO-STATISTICS - Micro data processing
Thailand;LFS - Labour Force Survey;Share of youth not in employment, education or training (NEET) by sex (%);Total;2020;15.135;;;Repository: ILO-STATISTICS - Micro data processing
Thailand;LFS - Labour Force Survey;Share of youth not in employment, education or training (NEET) by sex (%);Male;2020;11.83;;;Repository: ILO-STATISTICS - Micro data processing
Thailand;LFS - Labour Force Survey;Share of youth not in employment, education or training (NEET) by sex (%);Female;2020;18.528;;;Repository: ILO-STATISTICS - Micro data processing
Thailand;LFS - Labour Force Survey;Share of youth not in employment, education or training (NEET) by sex (%);Total;2019;14.88;;;Repository: ILO-STATISTICS - Micro data processing
Thailand;LFS - Labour Force Survey;Share of youth not in employment, education or training (NEET) by sex (%);Male;2019;11.245;;;Repository: ILO-STATISTICS - Micro data processing
Thailand;LFS - Labour Force Survey;Share of youth not in employment, education or training (NEET) by sex (%);Female;2019;18.607;;;Repository: ILO-STATISTICS - Micro data processing
Thailand;LFS - Labour Force Survey;Share of youth not in employment, education or training (NEET) by sex (%);Total;2018;14.782;;;Repository: ILO-STATISTICS - Micro data processing
Thailand;LFS - Labour Force Survey;Share of youth not in employment, education or training (NEET) by sex (%);Male;2018;10.743;;;Repository: ILO-STATISTICS - Micro data processing
Thailand;LFS - Labour Force Survey;Share of youth not in employment, education or training (NEET) by sex (%);Female;2018;18.915;;;Repository: ILO-STATISTICS - Micro data processing
Thailand;LFS - Labour Force Survey;Share of youth not in employment, education or training (NEET) by sex (%);Total;2017;15.585;;;Repository: ILO-STATISTICS - Micro data processing
Thailand;LFS - Labour Force Survey;Share of youth not in employment, education or training (NEET) by sex (%);Male;2017;11.573;;;Repository: ILO-STATISTICS - Micro data processing
Thailand;LFS - Labour Force Survey;Share of youth not in employment, education or training (NEET) by sex (%);Female;2017;19.685;;;Repository: ILO-STATISTICS - Micro data processing
Thailand;LFS - Labour Force Survey;Share of youth not in employment, education or training (NEET) by sex (%);Total;2016;14.966;;;Repository: ILO-STATISTICS - Micro data processing
Thailand;LFS - Labour Force Survey;Share of youth not in employment, education or training (NEET) by sex (%);Male;2016;10.621;;;Repository: ILO-STATISTICS - Micro data processing
Thailand;LFS - Labour Force Survey;Share of youth not in employment, education or training (NEET) by sex (%);Female;2016;19.398;;;Repository: ILO-STATISTICS - Micro data processing
Thailand;LFS - Labour Force Survey;Share of youth not in employment, education or training (NEET) by sex (%);Total;2015;13.591;;;Repository: ILO-STATISTICS - Micro data processing
Thailand;LFS - Labour Force Survey;Share of youth not in employment, education or training (NEET) by sex (%);Male;2015;9.253;;;Repository: ILO-STATISTICS - Micro data processing
Thailand;LFS - Labour Force Survey;Share of youth not in employment, education or training (NEET) by sex (%);Female;2015;18.008;;;Repository: ILO-STATISTICS - Micro data processing
Tajikistan;LFS - Labour Force Survey;Share of youth not in employment, education or training (NEET) by sex (%);Total;2016;41.328;;;Repository: ILO-STATISTICS - Micro data processing | Age coverage - maximum age: 75 years old
Tajikistan;LFS - Labour Force Survey;Share of youth not in employment, education or training (NEET) by sex (%);Male;2016;26.314;;;Repository: ILO-STATISTICS - Micro data processing | Age coverage - maximum age: 75 years old
Tajikistan;LFS - Labour Force Survey;Share of youth not in employment, education or training (NEET) by sex (%);Female;2016;57.628;;;Repository: ILO-STATISTICS - Micro data processing | Age coverage - maximum age: 75 years old
Tokelau;PC - Population Census;Share of youth not in employment, education or training (NEET) by sex (%);Total;2022;41.593;;;Repository: ILO-STATISTICS - Micro data processing
Tokelau;PC - Population Census;Share of youth not in employment, education or training (NEET) by sex (%);Male;2022;33.871;;;Repository: ILO-STATISTICS - Micro data processing
Tokelau;PC - Population Census;Share of youth not in employment, education or training (NEET) by sex (%);Female;2022;50.98;;;Repository: ILO-STATISTICS - Micro data processing
Tokelau;HIES - Household Income and Expenditure Survey;Share of youth not in employment, education or training (NEET) by sex (%);Total;2016;9.098;Unreliable;;Repository: ILO-STATISTICS - Micro data processing
Tokelau;HIES - Household Income and Expenditure Survey;Share of youth not in employment, education or training (NEET) by sex (%);Male;2016;;Unreliable;;Repository: ILO-STATISTICS - Micro data processing
Tokelau;HIES - Household Income and Expenditure Survey;Share of youth not in employment, education or training (NEET) by sex (%);Female;2016;15.359;Unreliable;;Repository: ILO-STATISTICS - Micro data processing
Timor-Leste;PC - Population Census;Share of youth not in employment, education or training (NEET) by sex (%);Total;2022;29.122;;;Repository: ILO-STATISTICS - Micro data processing
Timor-Leste;PC - Population Census;Share of youth not in employment, education or training (NEET) by sex (%);Male;2022;29.053;;;Repository: ILO-STATISTICS - Micro data processing
Timor-Leste;PC - Population Census;Share of youth not in employment, education or training (NEET) by sex (%);Female;2022;29.192;;;Repository: ILO-STATISTICS - Micro data processing
Timor-Leste;LFS - Labour Force Survey;Share of youth not in employment, education or training (NEET) by sex (%);Total;2021;31.171;;;Repository: ILO-STATISTICS - Micro data processing
Timor-Leste;LFS - Labour Force Survey;Share of youth not in employment, education or training (NEET) by sex (%);Male;2021;29.828;;;Repository: ILO-STATISTICS - Micro data processing
Timor-Leste;LFS - Labour Force Survey;Share of youth not in employment, education or training (NEET) by sex (%);Female;2021;32.565;;;Repository: ILO-STATISTICS - Micro data processing
Timor-Leste;LFS - Labour Force Survey;Share of youth not in employment, education or training (NEET) by sex (%);Total;2016;20.951;;;Repository: ILO-STATISTICS - Micro data processing
Timor-Leste;LFS - Labour Force Survey;Share of youth not in employment, education or training (NEET) by sex (%);Male;2016;16.233;;;Repository: ILO-STATISTICS - Micro data processing
Timor-Leste;LFS - Labour Force Survey;Share of youth not in employment, education or training (NEET) by sex (%);Female;2016;25.695;;;Repository: ILO-STATISTICS - Micro data processing
Timor-Leste;PC - Population Census;Share of youth not in employment, education or training (NEET) by sex (%);Total;2015;21.004;;;Repository: ILO-STATISTICS - Micro data processing
Timor-Leste;PC - Population Census;Share of youth not in employment, education or training (NEET) by sex (%);Male;2015;17.545;;;Repository: ILO-STATISTICS - Micro data processing
Timor-Leste;PC - Population Census;Share of youth not in employment, education or training (NEET) by sex (%);Female;2015;24.482;;;Repository: ILO-STATISTICS - Micro data processing
Tonga;LFS - Labour Force Survey;Share of youth not in employment, education or training (NEET) by sex (%);Total;2023;25.611;;;Repository: ILO-STATISTICS - Micro data processing
Tonga;LFS - Labour Force Survey;Share of youth not in employment, education or training (NEET) by sex (%);Male;2023;23.255;;;Repository: ILO-STATISTICS - Micro data processing
Tonga;LFS - Labour Force Survey;Share of youth not in employment, education or training (NEET) by sex (%);Female;2023;27.826;;;Repository: ILO-STATISTICS - Micro data processing
Tonga;HIES - Household Income and Expenditure Survey;Share of youth not in employment, education or training (NEET) by sex (%);Total;2021;18.677;;;Repository: ILO-STATISTICS - Micro data processing
Tonga;HIES - Household Income and Expenditure Survey;Share of youth not in employment, education or training (NEET) by sex (%);Male;2021;13.816;;;Repository: ILO-STATISTICS - Micro data processing
Tonga;HIES - Household Income and Expenditure Survey;Share of youth not in employment, education or training (NEET) by sex (%);Female;2021;23.276;;;Repository: ILO-STATISTICS - Micro data processing
Tonga;LFS - Labour Force Survey;Share of youth not in employment, education or training (NEET) by sex (%);Total;2018;27.922;Break in series;Break in series: Methodology revised;Repository: ILO-STATISTICS - Micro data processing
Tonga;LFS - Labour Force Survey;Share of youth not in employment, education or training (NEET) by sex (%);Male;2018;25.363;Break in series;Break in series: Methodology revised;Repository: ILO-STATISTICS - Micro data processing
Tonga;LFS - Labour Force Survey;Share of youth not in employment, education or training (NEET) by sex (%);Female;2018;30.385;Break in series;Break in series: Methodology revised;Repository: ILO-STATISTICS - Micro data processing
Tonga;HIES - Household Income and Expenditure Survey;Share of youth not in employment, education or training (NEET) by sex (%);Total;2016;24.218;;;Repository: ILO-STATISTICS - Micro data processing
Tonga;HIES - Household Income and Expenditure Survey;Share of youth not in employment, education or training (NEET) by sex (%);Male;2016;17.617;;;Repository: ILO-STATISTICS - Micro data processing
Tonga;HIES - Household Income and Expenditure Survey;Share of youth not in employment, education or training (NEET) by sex (%);Female;2016;31.468;;;Repository: ILO-STATISTICS - Micro data processing
Trinidad and Tobago;LFS - Continuous Sample Survey of the Population;Share of youth not in employment, education or training (NEET) by sex (%);Total;2023;14.381;;;Repository: ILO-STATISTICS - Micro data processing
Trinidad and Tobago;LFS - Continuous Sample Survey of the Population;Share of youth not in employment, education or training (NEET) by sex (%);Male;2023;11.768;;;Repository: ILO-STATISTICS - Micro data processing
Trinidad and Tobago;LFS - Continuous Sample Survey of the Population;Share of youth not in employment, education or training (NEET) by sex (%);Female;2023;16.912;;;Repository: ILO-STATISTICS - Micro data processing
Trinidad and Tobago;LFS - Continuous Sample Survey of the Population;Share of youth not in employment, education or training (NEET) by sex (%);Total;2022;16.882;;;Repository: ILO-STATISTICS - Micro data processing
Trinidad and Tobago;LFS - Continuous Sample Survey of the Population;Share of youth not in employment, education or training (NEET) by sex (%);Male;2022;15.696;;;Repository: ILO-STATISTICS - Micro data processing
Trinidad and Tobago;LFS - Continuous Sample Survey of the Population;Share of youth not in employment, education or training (NEET) by sex (%);Female;2022;18.073;;;Repository: ILO-STATISTICS - Micro data processing
Trinidad and Tobago;LFS - Continuous Sample Survey of the Population;Share of youth not in employment, education or training (NEET) by sex (%);Total;2021;15.465;;;Repository: ILO-STATISTICS - Micro data processing
Trinidad and Tobago;LFS - Continuous Sample Survey of the Population;Share of youth not in employment, education or training (NEET) by sex (%);Male;2021;13.54;;;Repository: ILO-STATISTICS - Micro data processing
Trinidad and Tobago;LFS - Continuous Sample Survey of the Population;Share of youth not in employment, education or training (NEET) by sex (%);Female;2021;17.455;;;Repository: ILO-STATISTICS - Micro data processing
Trinidad and Tobago;LFS - Continuous Sample Survey of the Population;Share of youth not in employment, education or training (NEET) by sex (%);Total;2020;17.057;;;Repository: ILO-STATISTICS - Micro data processing
Trinidad and Tobago;LFS - Continuous Sample Survey of the Population;Share of youth not in employment, education or training (NEET) by sex (%);Male;2020;12.975;;;Repository: ILO-STATISTICS - Micro data processing
Trinidad and Tobago;LFS - Continuous Sample Survey of the Population;Share of youth not in employment, education or training (NEET) by sex (%);Female;2020;21.496;;;Repository: ILO-STATISTICS - Micro data processing
Trinidad and Tobago;LFS - Continuous Sample Survey of the Population;Share of youth not in employment, education or training (NEET) by sex (%);Total;2019;14.605;;;Repository: ILO-STATISTICS - Micro data processing
Trinidad and Tobago;LFS - Continuous Sample Survey of the Population;Share of youth not in employment, education or training (NEET) by sex (%);Male;2019;11.303;;;Repository: ILO-STATISTICS - Micro data processing
Trinidad and Tobago;LFS - Continuous Sample Survey of the Population;Share of youth not in employment, education or training (NEET) by sex (%);Female;2019;18.19;;;Repository: ILO-STATISTICS - Micro data processing
Tunisia;LFS - National Population and Employment Survey;Share of youth not in employment, education or training (NEET) by sex (%);Total;2023;22.648;;;Repository: ILO-STATISTICS - Micro data processing | Data reference period: Second quarter
Tunisia;LFS - National Population and Employment Survey;Share of youth not in employment, education or training (NEET) by sex (%);Male;2023;24.43;;;Repository: ILO-STATISTICS - Micro data processing | Data reference period: Second quarter
Tunisia;LFS - National Population and Employment Survey;Share of youth not in employment, education or training (NEET) by sex (%);Female;2023;20.791;;;Repository: ILO-STATISTICS - Micro data processing | Data reference period: Second quarter
Tunisia;LFS - National Population and Employment Survey;Share of youth not in employment, education or training (NEET) by sex (%);Total;2022;23.768;;;Repository: ILO-STATISTICS - Micro data processing | Data reference period: Second quarter
Tunisia;LFS - National Population and Employment Survey;Share of youth not in employment, education or training (NEET) by sex (%);Male;2022;25.378;;;Repository: ILO-STATISTICS - Micro data processing | Data reference period: Second quarter
Tunisia;LFS - National Population and Employment Survey;Share of youth not in employment, education or training (NEET) by sex (%);Female;2022;22.086;;;Repository: ILO-STATISTICS - Micro data processing | Data reference period: Second quarter
Tunisia;LFS - National Population and Employment Survey;Share of youth not in employment, education or training (NEET) by sex (%);Total;2019;26.788;;;Repository: ILO-STATISTICS - Micro data processing | Data reference period: Second quarter
Tunisia;LFS - National Population and Employment Survey;Share of youth not in employment, education or training (NEET) by sex (%);Male;2019;26.986;;;Repository: ILO-STATISTICS - Micro data processing | Data reference period: Second quarter
Tunisia;LFS - National Population and Employment Survey;Share of youth not in employment, education or training (NEET) by sex (%);Female;2019;26.582;;;Repository: ILO-STATISTICS - Micro data processing | Data reference period: Second quarter
Türkiye;LFS - Household Labour Force Survey;Share of youth not in employment, education or training (NEET) by sex (%);Total;2023;22.494;;;Repository: ILO-STATISTICS - Micro data processing
Türkiye;LFS - Household Labour Force Survey;Share of youth not in employment, education or training (NEET) by sex (%);Male;2023;15.615;;;Repository: ILO-STATISTICS - Micro data processing
Türkiye;LFS - Household Labour Force Survey;Share of youth not in employment, education or training (NEET) by sex (%);Female;2023;29.776;;;Repository: ILO-STATISTICS - Micro data processing
Türkiye;LFS - Household Labour Force Survey;Share of youth not in employment, education or training (NEET) by sex (%);Total;2022;24.158;;;Repository: ILO-STATISTICS - Micro data processing
Türkiye;LFS - Household Labour Force Survey;Share of youth not in employment, education or training (NEET) by sex (%);Male;2022;16.359;;;Repository: ILO-STATISTICS - Micro data processing
Türkiye;LFS - Household Labour Force Survey;Share of youth not in employment, education or training (NEET) by sex (%);Female;2022;32.314;;;Repository: ILO-STATISTICS - Micro data processing
Türkiye;LFS - Household Labour Force Survey;Share of youth not in employment, education or training (NEET) by sex (%);Total;2021;24.753;;;Repository: ILO-STATISTICS - Micro data processing
Türkiye;LFS - Household Labour Force Survey;Share of youth not in employment, education or training (NEET) by sex (%);Male;2021;17.464;;;Repository: ILO-STATISTICS - Micro data processing
Türkiye;LFS - Household Labour Force Survey;Share of youth not in employment, education or training (NEET) by sex (%);Female;2021;32.37;;;Repository: ILO-STATISTICS - Micro data processing
Türkiye;LFS - Household Labour Force Survey;Share of youth not in employment, education or training (NEET) by sex (%);Total;2020;28.335;;;Repository: ILO-STATISTICS - Micro data processing
Türkiye;LFS - Household Labour Force Survey;Share of youth not in employment, education or training (NEET) by sex (%);Male;2020;21.218;;;Repository: ILO-STATISTICS - Micro data processing
Türkiye;LFS - Household Labour Force Survey;Share of youth not in employment, education or training (NEET) by sex (%);Female;2020;35.74;;;Repository: ILO-STATISTICS - Micro data processing
Türkiye;LFS - Household Labour Force Survey;Share of youth not in employment, education or training (NEET) by sex (%);Total;2019;26.052;;;Repository: ILO-STATISTICS - Micro data processing
Türkiye;LFS - Household Labour Force Survey;Share of youth not in employment, education or training (NEET) by sex (%);Male;2019;18.337;;;Repository: ILO-STATISTICS - Micro data processing
Türkiye;LFS - Household Labour Force Survey;Share of youth not in employment, education or training (NEET) by sex (%);Female;2019;33.977;;;Repository: ILO-STATISTICS - Micro data processing
Türkiye;LFS - Household Labour Force Survey;Share of youth not in employment, education or training (NEET) by sex (%);Total;2018;24.461;;;Repository: ILO-STATISTICS - Micro data processing
Türkiye;LFS - Household Labour Force Survey;Share of youth not in employment, education or training (NEET) by sex (%);Male;2018;15.643;;;Repository: ILO-STATISTICS - Micro data processing
Türkiye;LFS - Household Labour Force Survey;Share of youth not in employment, education or training (NEET) by sex (%);Female;2018;33.554;;;Repository: ILO-STATISTICS - Micro data processing
Türkiye;LFS - Household Labour Force Survey;Share of youth not in employment, education or training (NEET) by sex (%);Total;2017;24.188;;;Repository: ILO-STATISTICS - Micro data processing
Türkiye;LFS - Household Labour Force Survey;Share of youth not in employment, education or training (NEET) by sex (%);Male;2017;14.602;;;Repository: ILO-STATISTICS - Micro data processing
Türkiye;LFS - Household Labour Force Survey;Share of youth not in employment, education or training (NEET) by sex (%);Female;2017;34.046;;;Repository: ILO-STATISTICS - Micro data processing
Türkiye;LFS - Household Labour Force Survey;Share of youth not in employment, education or training (NEET) by sex (%);Total;2016;23.964;;;Repository: ILO-STATISTICS - Micro data processing
Türkiye;LFS - Household Labour Force Survey;Share of youth not in employment, education or training (NEET) by sex (%);Male;2016;14.563;;;Repository: ILO-STATISTICS - Micro data processing
Türkiye;LFS - Household Labour Force Survey;Share of youth not in employment, education or training (NEET) by sex (%);Female;2016;33.499;;;Repository: ILO-STATISTICS - Micro data processing
Türkiye;LFS - Household Labour Force Survey;Share of youth not in employment, education or training (NEET) by sex (%);Total;2015;24.032;;;Repository: ILO-STATISTICS - Micro data processing
Türkiye;LFS - Household Labour Force Survey;Share of youth not in employment, education or training (NEET) by sex (%);Male;2015;14.287;;;Repository: ILO-STATISTICS - Micro data processing
Türkiye;LFS - Household Labour Force Survey;Share of youth not in employment, education or training (NEET) by sex (%);Female;2015;33.808;;;Repository: ILO-STATISTICS - Micro data processing
Tuvalu;PC - Population Census;Share of youth not in employment, education or training (NEET) by sex (%);Total;2022;34.349;;;Repository: ILO-STATISTICS - Micro data processing
Tuvalu;PC - Population Census;Share of youth not in employment, education or training (NEET) by sex (%);Male;2022;33.298;;;Repository: ILO-STATISTICS - Micro data processing
Tuvalu;PC - Population Census;Share of youth not in employment, education or training (NEET) by sex (%);Female;2022;35.537;;;Repository: ILO-STATISTICS - Micro data processing
Tuvalu;PC - Population Census;Share of youth not in employment, education or training (NEET) by sex (%);Total;2017;45.536;;;Repository: ILO-STATISTICS - Micro data processing
Tuvalu;PC - Population Census;Share of youth not in employment, education or training (NEET) by sex (%);Male;2017;46.177;;;Repository: ILO-STATISTICS - Micro data processing
Tuvalu;PC - Population Census;Share of youth not in employment, education or training (NEET) by sex (%);Female;2017;44.846;;;Repository: ILO-STATISTICS - Micro data processing
Tuvalu;HIES - Household Income and Expenditure Survey;Share of youth not in employment, education or training (NEET) by sex (%);Total;2016;34.258;;;Repository: ILO-STATISTICS - Micro data processing
Tuvalu;HIES - Household Income and Expenditure Survey;Share of youth not in employment, education or training (NEET) by sex (%);Male;2016;24.368;;;Repository: ILO-STATISTICS - Micro data processing
Tuvalu;HIES - Household Income and Expenditure Survey;Share of youth not in employment, education or training (NEET) by sex (%);Female;2016;45.779;;;Repository: ILO-STATISTICS - Micro data processing
Tanzania, United Republic of;LFS - Labour Force Survey;Share of youth not in employment, education or training (NEET) by sex (%);Total;2020;11.671;Break in series;Break in series: Methodology revised;Repository: ILO-STATISTICS - Micro data processing
Tanzania, United Republic of;LFS - Labour Force Survey;Share of youth not in employment, education or training (NEET) by sex (%);Male;2020;7.254;Break in series;Break in series: Methodology revised;Repository: ILO-STATISTICS - Micro data processing
Tanzania, United Republic of;LFS - Labour Force Survey;Share of youth not in employment, education or training (NEET) by sex (%);Female;2020;15.787;Break in series;Break in series: Methodology revised;Repository: ILO-STATISTICS - Micro data processing
Uganda;LFS - National Labour Force Survey;Share of youth not in employment, education or training (NEET) by sex (%);Total;2021;13.765;;;Repository: ILO-STATISTICS - Micro data processing
Uganda;LFS - National Labour Force Survey;Share of youth not in employment, education or training (NEET) by sex (%);Male;2021;9.343;;;Repository: ILO-STATISTICS - Micro data processing
Uganda;LFS - National Labour Force Survey;Share of youth not in employment, education or training (NEET) by sex (%);Female;2021;17.767;;;Repository: ILO-STATISTICS - Micro data processing
Uganda;HIES - National Household Survey;Share of youth not in employment, education or training (NEET) by sex (%);Total;2019;10.684;;;Repository: ILO-STATISTICS - Micro data processing
Uganda;HIES - National Household Survey;Share of youth not in employment, education or training (NEET) by sex (%);Male;2019;7.131;;;Repository: ILO-STATISTICS - Micro data processing
Uganda;HIES - National Household Survey;Share of youth not in employment, education or training (NEET) by sex (%);Female;2019;14.296;;;Repository: ILO-STATISTICS - Micro data processing
Uganda;LFS - National Labour Force Survey;Share of youth not in employment, education or training (NEET) by sex (%);Total;2017;18.104;Break in series;Break in series: Methodology revised;Repository: ILO-STATISTICS - Micro data processing
Uganda;LFS - National Labour Force Survey;Share of youth not in employment, education or training (NEET) by sex (%);Male;2017;13.761;Break in series;Break in series: Methodology revised;Repository: ILO-STATISTICS - Micro data processing
Uganda;LFS - National Labour Force Survey;Share of youth not in employment, education or training (NEET) by sex (%);Female;2017;22.142;Break in series;Break in series: Methodology revised;Repository: ILO-STATISTICS - Micro data processing
Ukraine;LFS - Labour Force Survey;Share of youth not in employment, education or training (NEET) by sex (%);Total;2017;16.47;;;Employment definition: Including subsistence workers | Geographical coverage: Total national, excluding some areas | Population coverage: Excluding both institutional population and armed forces and/or conscripts
Ukraine;LFS - Labour Force Survey;Share of youth not in employment, education or training (NEET) by sex (%);Male;2017;13.46;;;Employment definition: Including subsistence workers | Geographical coverage: Total national, excluding some areas | Population coverage: Excluding both institutional population and armed forces and/or conscripts
Ukraine;LFS - Labour Force Survey;Share of youth not in employment, education or training (NEET) by sex (%);Female;2017;19.65;;;Employment definition: Including subsistence workers | Geographical coverage: Total national, excluding some areas | Population coverage: Excluding both institutional population and armed forces and/or conscripts
Ukraine;LFS - Labour Force Survey;Share of youth not in employment, education or training (NEET) by sex (%);Total;2016;18.26;;;Geographical coverage: Total national, excluding some areas | Population coverage: Excluding both institutional population and armed forces and/or conscripts
Ukraine;LFS - Labour Force Survey;Share of youth not in employment, education or training (NEET) by sex (%);Male;2016;15.36;;;Geographical coverage: Total national, excluding some areas | Population coverage: Excluding both institutional population and armed forces and/or conscripts
Ukraine;LFS - Labour Force Survey;Share of youth not in employment, education or training (NEET) by sex (%);Female;2016;21.32;;;Geographical coverage: Total national, excluding some areas | Population coverage: Excluding both institutional population and armed forces and/or conscripts
Ukraine;LFS - Labour Force Survey;Share of youth not in employment, education or training (NEET) by sex (%);Total;2015;17.63;;;Geographical coverage: Total national, excluding some areas | Population coverage: Excluding both institutional population and armed forces and/or conscripts
Ukraine;LFS - Labour Force Survey;Share of youth not in employment, education or training (NEET) by sex (%);Male;2015;14.93;;;Geographical coverage: Total national, excluding some areas | Population coverage: Excluding both institutional population and armed forces and/or conscripts
Ukraine;LFS - Labour Force Survey;Share of youth not in employment, education or training (NEET) by sex (%);Female;2015;20.47;;;Geographical coverage: Total national, excluding some areas | Population coverage: Excluding both institutional population and armed forces and/or conscripts
Uruguay;LFS - Continous Household Survey;Share of youth not in employment, education or training (NEET) by sex (%);Total;2023;14.863;;;Repository: ILO-STATISTICS - Micro data processing
Uruguay;LFS - Continous Household Survey;Share of youth not in employment, education or training (NEET) by sex (%);Male;2023;13.88;;;Repository: ILO-STATISTICS - Micro data processing
Uruguay;LFS - Continous Household Survey;Share of youth not in employment, education or training (NEET) by sex (%);Female;2023;15.896;;;Repository: ILO-STATISTICS - Micro data processing
Uruguay;LFS - Continous Household Survey;Share of youth not in employment, education or training (NEET) by sex (%);Total;2022;14.273;Break in series;Break in series: Methodology revised;Repository: ILO-STATISTICS - Micro data processing
Uruguay;LFS - Continous Household Survey;Share of youth not in employment, education or training (NEET) by sex (%);Male;2022;13.476;Break in series;Break in series: Methodology revised;Repository: ILO-STATISTICS - Micro data processing
Uruguay;LFS - Continous Household Survey;Share of youth not in employment, education or training (NEET) by sex (%);Female;2022;15.106;Break in series;Break in series: Methodology revised;Repository: ILO-STATISTICS - Micro data processing
Uruguay;LFS - Continous Household Survey;Share of youth not in employment, education or training (NEET) by sex (%);Total;2021;14.94;Break in series;Break in series: Methodology revised;Repository: ILO-STATISTICS - Micro data processing
Uruguay;LFS - Continous Household Survey;Share of youth not in employment, education or training (NEET) by sex (%);Male;2021;13.534;Break in series;Break in series: Methodology revised;Repository: ILO-STATISTICS - Micro data processing
Uruguay;LFS - Continous Household Survey;Share of youth not in employment, education or training (NEET) by sex (%);Female;2021;16.478;Break in series;Break in series: Methodology revised;Repository: ILO-STATISTICS - Micro data processing
Uruguay;LFS - Continous Household Survey;Share of youth not in employment, education or training (NEET) by sex (%);Total;2020;17.108;Break in series;Break in series: Methodology revised;Repository: ILO-STATISTICS - Micro data processing
Uruguay;LFS - Continous Household Survey;Share of youth not in employment, education or training (NEET) by sex (%);Male;2020;15.434;Break in series;Break in series: Methodology revised;Repository: ILO-STATISTICS - Micro data processing
Uruguay;LFS - Continous Household Survey;Share of youth not in employment, education or training (NEET) by sex (%);Female;2020;18.901;Break in series;Break in series: Methodology revised;Repository: ILO-STATISTICS - Micro data processing
Uruguay;LFS - Continous Household Survey;Share of youth not in employment, education or training (NEET) by sex (%);Total;2019;17.685;Break in series;Break in series: Methodology revised;Repository: ILO-STATISTICS - Micro data processing
Uruguay;LFS - Continous Household Survey;Share of youth not in employment, education or training (NEET) by sex (%);Male;2019;15.369;Break in series;Break in series: Methodology revised;Repository: ILO-STATISTICS - Micro data processing
Uruguay;LFS - Continous Household Survey;Share of youth not in employment, education or training (NEET) by sex (%);Female;2019;20.172;Break in series;Break in series: Methodology revised;Repository: ILO-STATISTICS - Micro data processing
Uruguay;LFS - Continous Household Survey;Share of youth not in employment, education or training (NEET) by sex (%);Total;2018;17.954;;;Repository: ILO-STATISTICS - Micro data processing
Uruguay;LFS - Continous Household Survey;Share of youth not in employment, education or training (NEET) by sex (%);Male;2018;15.387;;;Repository: ILO-STATISTICS - Micro data processing
Uruguay;LFS - Continous Household Survey;Share of youth not in employment, education or training (NEET) by sex (%);Female;2018;20.782;;;Repository: ILO-STATISTICS - Micro data processing
Uruguay;LFS - Continous Household Survey;Share of youth not in employment, education or training (NEET) by sex (%);Total;2017;17.868;;;Repository: ILO-STATISTICS - Micro data processing
Uruguay;LFS - Continous Household Survey;Share of youth not in employment, education or training (NEET) by sex (%);Male;2017;14.728;;;Repository: ILO-STATISTICS - Micro data processing
Uruguay;LFS - Continous Household Survey;Share of youth not in employment, education or training (NEET) by sex (%);Female;2017;21.179;;;Repository: ILO-STATISTICS - Micro data processing
Uruguay;LFS - Continous Household Survey;Share of youth not in employment, education or training (NEET) by sex (%);Total;2016;18.682;;;Repository: ILO-STATISTICS - Micro data processing
Uruguay;LFS - Continous Household Survey;Share of youth not in employment, education or training (NEET) by sex (%);Male;2016;15.409;;;Repository: ILO-STATISTICS - Micro data processing
Uruguay;LFS - Continous Household Survey;Share of youth not in employment, education or training (NEET) by sex (%);Female;2016;22.16;;;Repository: ILO-STATISTICS - Micro data processing
Uruguay;LFS - Continous Household Survey;Share of youth not in employment, education or training (NEET) by sex (%);Total;2015;18.733;;;Repository: ILO-STATISTICS - Micro data processing
Uruguay;LFS - Continous Household Survey;Share of youth not in employment, education or training (NEET) by sex (%);Male;2015;15.39;;;Repository: ILO-STATISTICS - Micro data processing
Uruguay;LFS - Continous Household Survey;Share of youth not in employment, education or training (NEET) by sex (%);Female;2015;22.303;;;Repository: ILO-STATISTICS - Micro data processing
United States of America;LFS - Current Population Survey;Share of youth not in employment, education or training (NEET) by sex (%);Total;2023;11.191;;;Repository: ILO-STATISTICS - Micro data processing | Age coverage - minimum age: 16 years old
United States of America;LFS - Current Population Survey;Share of youth not in employment, education or training (NEET) by sex (%);Male;2023;10.995;;;Repository: ILO-STATISTICS - Micro data processing | Age coverage - minimum age: 16 years old
United States of America;LFS - Current Population Survey;Share of youth not in employment, education or training (NEET) by sex (%);Female;2023;11.391;;;Repository: ILO-STATISTICS - Micro data processing | Age coverage - minimum age: 16 years old
United States of America;LFS - Current Population Survey;Share of youth not in employment, education or training (NEET) by sex (%);Total;2022;11.244;;;Repository: ILO-STATISTICS - Micro data processing | Age coverage - minimum age: 16 years old
United States of America;LFS - Current Population Survey;Share of youth not in employment, education or training (NEET) by sex (%);Male;2022;10.768;;;Repository: ILO-STATISTICS - Micro data processing | Age coverage - minimum age: 16 years old
United States of America;LFS - Current Population Survey;Share of youth not in employment, education or training (NEET) by sex (%);Female;2022;11.723;;;Repository: ILO-STATISTICS - Micro data processing | Age coverage - minimum age: 16 years old
United States of America;LFS - Current Population Survey;Share of youth not in employment, education or training (NEET) by sex (%);Total;2021;12.204;;;Repository: ILO-STATISTICS - Micro data processing | Age coverage - minimum age: 16 years old
United States of America;LFS - Current Population Survey;Share of youth not in employment, education or training (NEET) by sex (%);Male;2021;11.791;;;Repository: ILO-STATISTICS - Micro data processing | Age coverage - minimum age: 16 years old
United States of America;LFS - Current Population Survey;Share of youth not in employment, education or training (NEET) by sex (%);Female;2021;12.621;;;Repository: ILO-STATISTICS - Micro data processing | Age coverage - minimum age: 16 years old
United States of America;LFS - Current Population Survey;Share of youth not in employment, education or training (NEET) by sex (%);Total;2020;13.892;Break in series;Break in series: Methodology revised;Repository: ILO-STATISTICS - Micro data processing | Age coverage - minimum age: 16 years old
United States of America;LFS - Current Population Survey;Share of youth not in employment, education or training (NEET) by sex (%);Male;2020;13.593;Break in series;Break in series: Methodology revised;Repository: ILO-STATISTICS - Micro data processing | Age coverage - minimum age: 16 years old
United States of America;LFS - Current Population Survey;Share of youth not in employment, education or training (NEET) by sex (%);Female;2020;14.194;Break in series;Break in series: Methodology revised;Repository: ILO-STATISTICS - Micro data processing | Age coverage - minimum age: 16 years old
United States of America;LFS - Current Population Survey;Share of youth not in employment, education or training (NEET) by sex (%);Total;2019;10.409;;;Repository: ILO-STATISTICS - Micro data processing | Age coverage - minimum age: 16 years old
United States of America;LFS - Current Population Survey;Share of youth not in employment, education or training (NEET) by sex (%);Male;2019;9.89;;;Repository: ILO-STATISTICS - Micro data processing | Age coverage - minimum age: 16 years old
United States of America;LFS - Current Population Survey;Share of youth not in employment, education or training (NEET) by sex (%);Female;2019;10.934;;;Repository: ILO-STATISTICS - Micro data processing | Age coverage - minimum age: 16 years old
United States of America;LFS - Current Population Survey;Share of youth not in employment, education or training (NEET) by sex (%);Total;2018;10.922;;;Repository: ILO-STATISTICS - Micro data processing | Age coverage - minimum age: 16 years old
United States of America;LFS - Current Population Survey;Share of youth not in employment, education or training (NEET) by sex (%);Male;2018;10.309;;;Repository: ILO-STATISTICS - Micro data processing | Age coverage - minimum age: 16 years old
United States of America;LFS - Current Population Survey;Share of youth not in employment, education or training (NEET) by sex (%);Female;2018;11.543;;;Repository: ILO-STATISTICS - Micro data processing | Age coverage - minimum age: 16 years old
United States of America;LFS - Current Population Survey;Share of youth not in employment, education or training (NEET) by sex (%);Total;2017;10.972;;;Repository: ILO-STATISTICS - Micro data processing | Age coverage - minimum age: 16 years old
United States of America;LFS - Current Population Survey;Share of youth not in employment, education or training (NEET) by sex (%);Male;2017;10.195;;;Repository: ILO-STATISTICS - Micro data processing | Age coverage - minimum age: 16 years old
United States of America;LFS - Current Population Survey;Share of youth not in employment, education or training (NEET) by sex (%);Female;2017;11.761;;;Repository: ILO-STATISTICS - Micro data processing | Age coverage - minimum age: 16 years old
United States of America;LFS - Current Population Survey;Share of youth not in employment, education or training (NEET) by sex (%);Total;2016;12.017;;;Repository: ILO-STATISTICS - Micro data processing | Age coverage - minimum age: 16 years old
United States of America;LFS - Current Population Survey;Share of youth not in employment, education or training (NEET) by sex (%);Male;2016;11.233;;;Repository: ILO-STATISTICS - Micro data processing | Age coverage - minimum age: 16 years old
United States of America;LFS - Current Population Survey;Share of youth not in employment, education or training (NEET) by sex (%);Female;2016;12.812;;;Repository: ILO-STATISTICS - Micro data processing | Age coverage - minimum age: 16 years old
United States of America;LFS - Current Population Survey;Share of youth not in employment, education or training (NEET) by sex (%);Total;2015;12.442;;;Repository: ILO-STATISTICS - Micro data processing | Age coverage - minimum age: 16 years old
United States of America;LFS - Current Population Survey;Share of youth not in employment, education or training (NEET) by sex (%);Male;2015;11.561;;;Repository: ILO-STATISTICS - Micro data processing | Age coverage - minimum age: 16 years old
United States of America;LFS - Current Population Survey;Share of youth not in employment, education or training (NEET) by sex (%);Female;2015;13.335;;;Repository: ILO-STATISTICS - Micro data processing | Age coverage - minimum age: 16 years old
Venezuela (Bolivarian Republic of);LFS - Household Sample Survey;Share of youth not in employment, education or training (NEET) by sex (%);Total;2020;37.13;;;Employment definition: Excluding own-use production workers | Data reference period: Second semester | Geographical coverage: Total national, excluding some areas | Population coverage: Excluding indigenous population
Venezuela (Bolivarian Republic of);LFS - Household Sample Survey;Share of youth not in employment, education or training (NEET) by sex (%);Male;2020;44.04;;;Employment definition: Excluding own-use production workers | Data reference period: Second semester | Geographical coverage: Total national, excluding some areas | Population coverage: Excluding indigenous population
Venezuela (Bolivarian Republic of);LFS - Household Sample Survey;Share of youth not in employment, education or training (NEET) by sex (%);Female;2020;30.1;;;Employment definition: Excluding own-use production workers | Data reference period: Second semester | Geographical coverage: Total national, excluding some areas | Population coverage: Excluding indigenous population
Venezuela (Bolivarian Republic of);LFS - Household Sample Survey;Share of youth not in employment, education or training (NEET) by sex (%);Total;2017;22.847;;;Repository: ILO-STATISTICS - Micro data processing
Venezuela (Bolivarian Republic of);LFS - Household Sample Survey;Share of youth not in employment, education or training (NEET) by sex (%);Male;2017;15.108;;;Repository: ILO-STATISTICS - Micro data processing
Venezuela (Bolivarian Republic of);LFS - Household Sample Survey;Share of youth not in employment, education or training (NEET) by sex (%);Female;2017;30.969;;;Repository: ILO-STATISTICS - Micro data processing
Venezuela (Bolivarian Republic of);LFS - Household Sample Survey;Share of youth not in employment, education or training (NEET) by sex (%);Total;2016;20.253;;;Repository: ILO-STATISTICS - Micro data processing
Venezuela (Bolivarian Republic of);LFS - Household Sample Survey;Share of youth not in employment, education or training (NEET) by sex (%);Male;2016;13.553;;;Repository: ILO-STATISTICS - Micro data processing
Venezuela (Bolivarian Republic of);LFS - Household Sample Survey;Share of youth not in employment, education or training (NEET) by sex (%);Female;2016;27.276;;;Repository: ILO-STATISTICS - Micro data processing
Viet Nam;LFS - Labour Force Survey;Share of youth not in employment, education or training (NEET) by sex (%);Total;2023;10.818;;;Repository: ILO-STATISTICS - Micro data processing
Viet Nam;LFS - Labour Force Survey;Share of youth not in employment, education or training (NEET) by sex (%);Male;2023;9.947;;;Repository: ILO-STATISTICS - Micro data processing
Viet Nam;LFS - Labour Force Survey;Share of youth not in employment, education or training (NEET) by sex (%);Female;2023;11.759;;;Repository: ILO-STATISTICS - Micro data processing
Viet Nam;LFS - Labour Force Survey;Share of youth not in employment, education or training (NEET) by sex (%);Total;2022;11.062;;;Repository: ILO-STATISTICS - Micro data processing
Viet Nam;LFS - Labour Force Survey;Share of youth not in employment, education or training (NEET) by sex (%);Male;2022;9.832;;;Repository: ILO-STATISTICS - Micro data processing
Viet Nam;LFS - Labour Force Survey;Share of youth not in employment, education or training (NEET) by sex (%);Female;2022;12.384;;;Repository: ILO-STATISTICS - Micro data processing
Viet Nam;LFS - Labour Force Survey;Share of youth not in employment, education or training (NEET) by sex (%);Total;2021;14.922;;;Repository: ILO-STATISTICS - Micro data processing
Viet Nam;LFS - Labour Force Survey;Share of youth not in employment, education or training (NEET) by sex (%);Male;2021;13.651;;;Repository: ILO-STATISTICS - Micro data processing
Viet Nam;LFS - Labour Force Survey;Share of youth not in employment, education or training (NEET) by sex (%);Female;2021;16.276;;;Repository: ILO-STATISTICS - Micro data processing
Viet Nam;LFS - Labour Force Survey;Share of youth not in employment, education or training (NEET) by sex (%);Total;2020;14.184;;;Repository: ILO-STATISTICS - Micro data processing
Viet Nam;LFS - Labour Force Survey;Share of youth not in employment, education or training (NEET) by sex (%);Male;2020;12.463;;;Repository: ILO-STATISTICS - Micro data processing
Viet Nam;LFS - Labour Force Survey;Share of youth not in employment, education or training (NEET) by sex (%);Female;2020;16.022;;;Repository: ILO-STATISTICS - Micro data processing
Viet Nam;LFS - Labour Force Survey;Share of youth not in employment, education or training (NEET) by sex (%);Total;2019;13.237;;;Repository: ILO-STATISTICS - Micro data processing | Employment definition: Excluding own-use production workers
Viet Nam;LFS - Labour Force Survey;Share of youth not in employment, education or training (NEET) by sex (%);Male;2019;11.521;;;Repository: ILO-STATISTICS - Micro data processing | Employment definition: Excluding own-use production workers
Viet Nam;LFS - Labour Force Survey;Share of youth not in employment, education or training (NEET) by sex (%);Female;2019;15.085;;;Repository: ILO-STATISTICS - Micro data processing | Employment definition: Excluding own-use production workers
Viet Nam;LFS - Labour Force Survey;Share of youth not in employment, education or training (NEET) by sex (%);Total;2018;8.305;;;Repository: ILO-STATISTICS - Micro data processing
Viet Nam;LFS - Labour Force Survey;Share of youth not in employment, education or training (NEET) by sex (%);Male;2018;6.001;;;Repository: ILO-STATISTICS - Micro data processing
Viet Nam;LFS - Labour Force Survey;Share of youth not in employment, education or training (NEET) by sex (%);Female;2018;10.631;;;Repository: ILO-STATISTICS - Micro data processing
Viet Nam;LFS - Labour Force Survey;Share of youth not in employment, education or training (NEET) by sex (%);Total;2017;9.702;;;Repository: ILO-STATISTICS - Micro data processing
Viet Nam;LFS - Labour Force Survey;Share of youth not in employment, education or training (NEET) by sex (%);Male;2017;7.512;;;Repository: ILO-STATISTICS - Micro data processing
Viet Nam;LFS - Labour Force Survey;Share of youth not in employment, education or training (NEET) by sex (%);Female;2017;12.013;;;Repository: ILO-STATISTICS - Micro data processing
Viet Nam;LFS - Labour Force Survey;Share of youth not in employment, education or training (NEET) by sex (%);Total;2016;9.47;;;Repository: ILO-STATISTICS - Micro data processing
Viet Nam;LFS - Labour Force Survey;Share of youth not in employment, education or training (NEET) by sex (%);Male;2016;7.206;;;Repository: ILO-STATISTICS - Micro data processing
Viet Nam;LFS - Labour Force Survey;Share of youth not in employment, education or training (NEET) by sex (%);Female;2016;11.84;;;Repository: ILO-STATISTICS - Micro data processing
Viet Nam;LFS - Labour Force Survey;Share of youth not in employment, education or training (NEET) by sex (%);Total;2015;9.884;;;Repository: ILO-STATISTICS - Micro data processing
Viet Nam;LFS - Labour Force Survey;Share of youth not in employment, education or training (NEET) by sex (%);Male;2015;7.295;;;Repository: ILO-STATISTICS - Micro data processing
Viet Nam;LFS - Labour Force Survey;Share of youth not in employment, education or training (NEET) by sex (%);Female;2015;12.623;;;Repository: ILO-STATISTICS - Micro data processing
Vanuatu;PC - Population and Housing Census;Share of youth not in employment, education or training (NEET) by sex (%);Total;2020;47.532;;;Repository: ILO-STATISTICS - Micro data processing
Vanuatu;PC - Population and Housing Census;Share of youth not in employment, education or training (NEET) by sex (%);Male;2020;44.926;;;Repository: ILO-STATISTICS - Micro data processing
Vanuatu;PC - Population and Housing Census;Share of youth not in employment, education or training (NEET) by sex (%);Female;2020;50.188;;;Repository: ILO-STATISTICS - Micro data processing
Vanuatu;HIES - Household Income and Expenditure Survey;Share of youth not in employment, education or training (NEET) by sex (%);Total;2019;34.5;;;Repository: ILO-STATISTICS - Micro data processing
Vanuatu;HIES - Household Income and Expenditure Survey;Share of youth not in employment, education or training (NEET) by sex (%);Male;2019;30.128;;;Repository: ILO-STATISTICS - Micro data processing
Vanuatu;HIES - Household Income and Expenditure Survey;Share of youth not in employment, education or training (NEET) by sex (%);Female;2019;38.696;;;Repository: ILO-STATISTICS - Micro data processing
Wallis and Futuna;PC - Population Census;Share of youth not in employment, education or training (NEET) by sex (%);Total;2023;20.221;;;Repository: ILO-STATISTICS - Micro data processing
Wallis and Futuna;PC - Population Census;Share of youth not in employment, education or training (NEET) by sex (%);Male;2023;21.113;;;Repository: ILO-STATISTICS - Micro data processing
Wallis and Futuna;PC - Population Census;Share of youth not in employment, education or training (NEET) by sex (%);Female;2023;19.266;;;Repository: ILO-STATISTICS - Micro data processing
Wallis and Futuna;HIES - Household Income and Expenditure Survey;Share of youth not in employment, education or training (NEET) by sex (%);Total;2019;20.087;;;Repository: ILO-STATISTICS - Micro data processing
Wallis and Futuna;HIES - Household Income and Expenditure Survey;Share of youth not in employment, education or training (NEET) by sex (%);Male;2019;20.919;;;Repository: ILO-STATISTICS - Micro data processing
Wallis and Futuna;HIES - Household Income and Expenditure Survey;Share of youth not in employment, education or training (NEET) by sex (%);Female;2019;19.317;;;Repository: ILO-STATISTICS - Micro data processing
Wallis and Futuna;PC - Population Census;Share of youth not in employment, education or training (NEET) by sex (%);Total;2018;32.438;;;Repository: ILO-STATISTICS - Micro data processing
Wallis and Futuna;PC - Population Census;Share of youth not in employment, education or training (NEET) by sex (%);Male;2018;28.662;;;Repository: ILO-STATISTICS - Micro data processing
Wallis and Futuna;PC - Population Census;Share of youth not in employment, education or training (NEET) by sex (%);Female;2018;36.316;;;Repository: ILO-STATISTICS - Micro data processing
Samoa;LFS - Labour Force Survey;Share of youth not in employment, education or training (NEET) by sex (%);Total;2022;30.09;Break in series;Break in series: Methodology revised;Repository: ILO-STATISTICS - Micro data processing
Samoa;LFS - Labour Force Survey;Share of youth not in employment, education or training (NEET) by sex (%);Male;2022;27.611;Break in series;Break in series: Methodology revised;Repository: ILO-STATISTICS - Micro data processing
Samoa;LFS - Labour Force Survey;Share of youth not in employment, education or training (NEET) by sex (%);Female;2022;32.725;Break in series;Break in series: Methodology revised;Repository: ILO-STATISTICS - Micro data processing
Samoa;LFS - Labour Force Survey;Share of youth not in employment, education or training (NEET) by sex (%);Total;2017;28.737;Break in series;Break in series: Methodology revised;Repository: ILO-STATISTICS - Micro data processing
Samoa;LFS - Labour Force Survey;Share of youth not in employment, education or training (NEET) by sex (%);Male;2017;22.383;Break in series;Break in series: Methodology revised;Repository: ILO-STATISTICS - Micro data processing
Samoa;LFS - Labour Force Survey;Share of youth not in employment, education or training (NEET) by sex (%);Female;2017;35.574;Break in series;Break in series: Methodology revised;Repository: ILO-STATISTICS - Micro data processing
South Africa;LFS - Quarterly Labour Force Survey;Share of youth not in employment, education or training (NEET) by sex (%);Total;2023;33.977;;;Repository: ILO-STATISTICS - Micro data processing
South Africa;LFS - Quarterly Labour Force Survey;Share of youth not in employment, education or training (NEET) by sex (%);Male;2023;32.453;;;Repository: ILO-STATISTICS - Micro data processing
South Africa;LFS - Quarterly Labour Force Survey;Share of youth not in employment, education or training (NEET) by sex (%);Female;2023;35.506;;;Repository: ILO-STATISTICS - Micro data processing
South Africa;LFS - Quarterly Labour Force Survey;Share of youth not in employment, education or training (NEET) by sex (%);Total;2022;35.188;;;Repository: ILO-STATISTICS - Micro data processing
South Africa;LFS - Quarterly Labour Force Survey;Share of youth not in employment, education or training (NEET) by sex (%);Male;2022;33.741;;;Repository: ILO-STATISTICS - Micro data processing
South Africa;LFS - Quarterly Labour Force Survey;Share of youth not in employment, education or training (NEET) by sex (%);Female;2022;36.64;;;Repository: ILO-STATISTICS - Micro data processing
South Africa;LFS - Quarterly Labour Force Survey;Share of youth not in employment, education or training (NEET) by sex (%);Total;2021;32.94;;;Repository: ILO-STATISTICS - Micro data processing
South Africa;LFS - Quarterly Labour Force Survey;Share of youth not in employment, education or training (NEET) by sex (%);Male;2021;31.246;;;Repository: ILO-STATISTICS - Micro data processing
South Africa;LFS - Quarterly Labour Force Survey;Share of youth not in employment, education or training (NEET) by sex (%);Female;2021;34.639;;;Repository: ILO-STATISTICS - Micro data processing
South Africa;LFS - Quarterly Labour Force Survey;Share of youth not in employment, education or training (NEET) by sex (%);Total;2020;32.399;;;Repository: ILO-STATISTICS - Micro data processing
South Africa;LFS - Quarterly Labour Force Survey;Share of youth not in employment, education or training (NEET) by sex (%);Male;2020;30.983;;;Repository: ILO-STATISTICS - Micro data processing
South Africa;LFS - Quarterly Labour Force Survey;Share of youth not in employment, education or training (NEET) by sex (%);Female;2020;33.82;;;Repository: ILO-STATISTICS - Micro data processing
South Africa;LFS - Quarterly Labour Force Survey;Share of youth not in employment, education or training (NEET) by sex (%);Total;2019;32.46;;;Repository: ILO-STATISTICS - Micro data processing
South Africa;LFS - Quarterly Labour Force Survey;Share of youth not in employment, education or training (NEET) by sex (%);Male;2019;30.653;;;Repository: ILO-STATISTICS - Micro data processing
South Africa;LFS - Quarterly Labour Force Survey;Share of youth not in employment, education or training (NEET) by sex (%);Female;2019;34.276;;;Repository: ILO-STATISTICS - Micro data processing
South Africa;LFS - Quarterly Labour Force Survey;Share of youth not in employment, education or training (NEET) by sex (%);Total;2018;31.563;;;Repository: ILO-STATISTICS - Micro data processing
South Africa;LFS - Quarterly Labour Force Survey;Share of youth not in employment, education or training (NEET) by sex (%);Male;2018;28.986;;;Repository: ILO-STATISTICS - Micro data processing
South Africa;LFS - Quarterly Labour Force Survey;Share of youth not in employment, education or training (NEET) by sex (%);Female;2018;34.152;;;Repository: ILO-STATISTICS - Micro data processing
South Africa;LFS - Quarterly Labour Force Survey;Share of youth not in employment, education or training (NEET) by sex (%);Total;2017;31.014;;;Repository: ILO-STATISTICS - Micro data processing
South Africa;LFS - Quarterly Labour Force Survey;Share of youth not in employment, education or training (NEET) by sex (%);Male;2017;28.228;;;Repository: ILO-STATISTICS - Micro data processing
South Africa;LFS - Quarterly Labour Force Survey;Share of youth not in employment, education or training (NEET) by sex (%);Female;2017;33.817;;;Repository: ILO-STATISTICS - Micro data processing
South Africa;LFS - Quarterly Labour Force Survey;Share of youth not in employment, education or training (NEET) by sex (%);Total;2016;31.222;;;Repository: ILO-STATISTICS - Micro data processing
South Africa;LFS - Quarterly Labour Force Survey;Share of youth not in employment, education or training (NEET) by sex (%);Male;2016;28.588;;;Repository: ILO-STATISTICS - Micro data processing
South Africa;LFS - Quarterly Labour Force Survey;Share of youth not in employment, education or training (NEET) by sex (%);Female;2016;33.875;;;Repository: ILO-STATISTICS - Micro data processing
South Africa;LFS - Quarterly Labour Force Survey;Share of youth not in employment, education or training (NEET) by sex (%);Total;2015;30.499;;;Repository: ILO-STATISTICS - Micro data processing
South Africa;LFS - Quarterly Labour Force Survey;Share of youth not in employment, education or training (NEET) by sex (%);Male;2015;27.948;;;Repository: ILO-STATISTICS - Micro data processing
South Africa;LFS - Quarterly Labour Force Survey;Share of youth not in employment, education or training (NEET) by sex (%);Female;2015;33.071;;;Repository: ILO-STATISTICS - Micro data processing
Zambia;LFS - Labour Force Survey;Share of youth not in employment, education or training (NEET) by sex (%);Total;2023;28.926;;;Repository: ILO-STATISTICS - Micro data processing
Zambia;LFS - Labour Force Survey;Share of youth not in employment, education or training (NEET) by sex (%);Male;2023;25.422;;;Repository: ILO-STATISTICS - Micro data processing
Zambia;LFS - Labour Force Survey;Share of youth not in employment, education or training (NEET) by sex (%);Female;2023;32.336;;;Repository: ILO-STATISTICS - Micro data processing
Zambia;LFS - Labour Force Survey;Share of youth not in employment, education or training (NEET) by sex (%);Total;2022;29.368;;;Repository: ILO-STATISTICS - Micro data processing
Zambia;LFS - Labour Force Survey;Share of youth not in employment, education or training (NEET) by sex (%);Male;2022;25.247;;;Repository: ILO-STATISTICS - Micro data processing
Zambia;LFS - Labour Force Survey;Share of youth not in employment, education or training (NEET) by sex (%);Female;2022;33.469;;;Repository: ILO-STATISTICS - Micro data processing
Zambia;LFS - Labour Force Survey;Share of youth not in employment, education or training (NEET) by sex (%);Total;2021;31.361;;;Repository: ILO-STATISTICS - Micro data processing
Zambia;LFS - Labour Force Survey;Share of youth not in employment, education or training (NEET) by sex (%);Male;2021;26.533;;;Repository: ILO-STATISTICS - Micro data processing
Zambia;LFS - Labour Force Survey;Share of youth not in employment, education or training (NEET) by sex (%);Female;2021;36.166;;;Repository: ILO-STATISTICS - Micro data processing
Zambia;LFS - Labour Force Survey;Share of youth not in employment, education or training (NEET) by sex (%);Total;2020;31.055;;;Repository: ILO-STATISTICS - Micro data processing
Zambia;LFS - Labour Force Survey;Share of youth not in employment, education or training (NEET) by sex (%);Male;2020;25.771;;;Repository: ILO-STATISTICS - Micro data processing
Zambia;LFS - Labour Force Survey;Share of youth not in employment, education or training (NEET) by sex (%);Female;2020;35.512;;;Repository: ILO-STATISTICS - Micro data processing
Zambia;LFS - Labour Force Survey;Share of youth not in employment, education or training (NEET) by sex (%);Total;2019;32.543;;;Repository: ILO-STATISTICS - Micro data processing
Zambia;LFS - Labour Force Survey;Share of youth not in employment, education or training (NEET) by sex (%);Male;2019;26.828;;;Repository: ILO-STATISTICS - Micro data processing
Zambia;LFS - Labour Force Survey;Share of youth not in employment, education or training (NEET) by sex (%);Female;2019;37.569;;;Repository: ILO-STATISTICS - Micro data processing
Zambia;LFS - Labour Force Survey;Share of youth not in employment, education or training (NEET) by sex (%);Total;2018;32.826;Break in series;Break in series: Methodology revised;Repository: ILO-STATISTICS - Micro data processing
Zambia;LFS - Labour Force Survey;Share of youth not in employment, education or training (NEET) by sex (%);Male;2018;28.329;Break in series;Break in series: Methodology revised;Repository: ILO-STATISTICS - Micro data processing
Zambia;LFS - Labour Force Survey;Share of youth not in employment, education or training (NEET) by sex (%);Female;2018;36.88;Break in series;Break in series: Methodology revised;Repository: ILO-STATISTICS - Micro data processing
Zambia;LFS - Labour Force Survey;Share of youth not in employment, education or training (NEET) by sex (%);Total;2017;29.342;Break in series;Break in series: Methodology revised;Repository: ILO-STATISTICS - Micro data processing
Zambia;LFS - Labour Force Survey;Share of youth not in employment, education or training (NEET) by sex (%);Male;2017;23.247;Break in series;Break in series: Methodology revised;Repository: ILO-STATISTICS - Micro data processing
Zambia;LFS - Labour Force Survey;Share of youth not in employment, education or training (NEET) by sex (%);Female;2017;34.485;Break in series;Break in series: Methodology revised;Repository: ILO-STATISTICS - Micro data processing
Zambia;HIES - Living Conditions Monitoring Survey;Share of youth not in employment, education or training (NEET) by sex (%);Total;2015;41.371;;;Repository: ILO-STATISTICS - Micro data processing
Zambia;HIES - Living Conditions Monitoring Survey;Share of youth not in employment, education or training (NEET) by sex (%);Male;2015;35.642;;;Repository: ILO-STATISTICS - Micro data processing
Zambia;HIES - Living Conditions Monitoring Survey;Share of youth not in employment, education or training (NEET) by sex (%);Female;2015;46.791;;;Repository: ILO-STATISTICS - Micro data processing
Zimbabwe;LFS - Labour Force Survey;Share of youth not in employment, education or training (NEET) by sex (%);Total;2023;29.98;;;Repository: ILO-STATISTICS - Micro data processing
Zimbabwe;LFS - Labour Force Survey;Share of youth not in employment, education or training (NEET) by sex (%);Male;2023;23.764;;;Repository: ILO-STATISTICS - Micro data processing
Zimbabwe;LFS - Labour Force Survey;Share of youth not in employment, education or training (NEET) by sex (%);Female;2023;36.045;;;Repository: ILO-STATISTICS - Micro data processing
Zimbabwe;LFS - Labour Force Survey;Share of youth not in employment, education or training (NEET) by sex (%);Total;2022;32.236;;;Repository: ILO-STATISTICS - Micro data processing
Zimbabwe;LFS - Labour Force Survey;Share of youth not in employment, education or training (NEET) by sex (%);Male;2022;26.635;;;Repository: ILO-STATISTICS - Micro data processing
Zimbabwe;LFS - Labour Force Survey;Share of youth not in employment, education or training (NEET) by sex (%);Female;2022;37.689;;;Repository: ILO-STATISTICS - Micro data processing
Zimbabwe;LFS - Labour Force Survey;Share of youth not in employment, education or training (NEET) by sex (%);Total;2021;30.431;;;Repository: ILO-STATISTICS - Micro data processing
Zimbabwe;LFS - Labour Force Survey;Share of youth not in employment, education or training (NEET) by sex (%);Male;2021;25.3;;;Repository: ILO-STATISTICS - Micro data processing
Zimbabwe;LFS - Labour Force Survey;Share of youth not in employment, education or training (NEET) by sex (%);Female;2021;35.561;;;Repository: ILO-STATISTICS - Micro data processing
Zimbabwe;LFS - Labour Force Survey;Share of youth not in employment, education or training (NEET) by sex (%);Total;2019;29.368;Break in series;Break in series: Methodology revised;Repository: ILO-STATISTICS - Micro data processing
Zimbabwe;LFS - Labour Force Survey;Share of youth not in employment, education or training (NEET) by sex (%);Male;2019;22.633;Break in series;Break in series: Methodology revised;Repository: ILO-STATISTICS - Micro data processing
Zimbabwe;LFS - Labour Force Survey;Share of youth not in employment, education or training (NEET) by sex (%);Female;2019;36.174;Break in series;Break in series: Methodology revised;Repository: ILO-STATISTICS - Micro data processing
